,Total number of dwelling units ;  Tasmania ;  New ;  Houses ;,"Total number of dwelling units ;  Tasmania ;  New ;  Semi-detached, row or terrace houses, townhouses - One storey ;","Total number of dwelling units ;  Tasmania ;  New ;  Semi-detached, row or terrace houses, townhouses - Two or more storeys ;","Total number of dwelling units ;  Tasmania ;  New ;  Semi-detached, row or terrace houses, townhouses - Total ;",Total number of dwelling units ;  Tasmania ;  New ;  Flats units or apartments - In a one or two storey block ;,Total number of dwelling units ;  Tasmania ;  New ;  Flats units or apartments - In a three storey block ;,Total number of dwelling units ;  Tasmania ;  New ;  Flats units or apartments - In a four or more storey block ;,Total number of dwelling units ;  Tasmania ;  New ;  Flats units or apartments - Total including those attached to a house ;,Total number of dwelling units ;  Tasmania ;  New ;  Total Other Residential ;,Total number of dwelling units ;  Tasmania ;  New ;  Total Residential ;,Total value of building jobs ;  Tasmania ;  New ;  Houses ;,"Total value of building jobs ;  Tasmania ;  New ;  Semi-detached, row or terrace houses, townhouses - One storey ;","Total value of building jobs ;  Tasmania ;  New ;  Semi-detached, row or terrace houses, townhouses - Two or more storeys ;","Total value of building jobs ;  Tasmania ;  New ;  Semi-detached, row or terrace houses, townhouses - Total ;",Total value of building jobs ;  Tasmania ;  New ;  Flats units or apartments - In a one or two storey block ;,Total value of building jobs ;  Tasmania ;  New ;  Flats units or apartments - In a three storey block ;,Total value of building jobs ;  Tasmania ;  New ;  Flats units or apartments - In a four or more storey block ;,Total value of building jobs ;  Tasmania ;  New ;  Flats units or apartments - Total including those attached to a house ;,Total value of building jobs ;  Tasmania ;  New ;  Total Other Residential ;,Total value of building jobs ;  Tasmania ;  New ;  Total Residential ;
Unit,Number,Number,Number,Number,Number,Number,Number,Number,Number,Number,$'000,$'000,$'000,$'000,$'000,$'000,$'000,$'000,$'000,$'000
Series Type,Original,Original,Original,Original,Original,Original,Original,Original,Original,Original,Original,Original,Original,Original,Original,Original,Original,Original,Original,Original
Data Type,FLOW,FLOW,FLOW,FLOW,FLOW,FLOW,FLOW,FLOW,FLOW,FLOW,FLOW,FLOW,FLOW,FLOW,FLOW,FLOW,FLOW,FLOW,FLOW,FLOW
Frequency,Month,Month,Month,Month,Month,Month,Month,Month,Month,Month,Month,Month,Month,Month,Month,Month,Month,Month,Month,Month
Collection Month,1,1,1,1,1,1,1,1,1,1,1,1,1,1,1,1,1,1,1,1
Series Start,Jul-1970,Jul-1991,Jul-1991,Jul-1991,Jul-1991,Jul-1991,Jul-1991,Jul-1991,Jul-1970,Jan-1956,Jul-1970,Jul-1991,Jul-1991,Jul-1991,Jul-1991,Jul-1991,Jul-1991,Jul-1991,Jul-1970,Jul-1970
Series End,Aug-2020,Aug-2020,Aug-2020,Aug-2020,Aug-2020,Aug-2020,Aug-2020,Aug-2020,Aug-2020,Aug-2020,Aug-2020,Aug-2020,Aug-2020,Aug-2020,Aug-2020,Aug-2020,Aug-2020,Aug-2020,Aug-2020,Aug-2020
No. Obs,602,350,350,350,350,350,350,350,602,776,602,350,350,350,350,350,350,350,602,602
Series ID,A418899J,A416223W,A423340R,A416862T,A423970J,A424546R,A425113A,A417510F,A419602A,A420333L,A418901J,A416225A,A423342V,A416864W,A423972L,A424548V,A425115F,A417512K,A419604F,A420335T
Jan-1956,,,,,,,,,,197,,,,,,,,,,
Feb-1956,,,,,,,,,,257,,,,,,,,,,
Mar-1956,,,,,,,,,,243,,,,,,,,,,
Apr-1956,,,,,,,,,,194,,,,,,,,,,
May-1956,,,,,,,,,,239,,,,,,,,,,
Jun-1956,,,,,,,,,,206,,,,,,,,,,
Jul-1956,,,,,,,,,,190,,,,,,,,,,
Aug-1956,,,,,,,,,,231,,,,,,,,,,
Sep-1956,,,,,,,,,,171,,,,,,,,,,
Oct-1956,,,,,,,,,,252,,,,,,,,,,
Nov-1956,,,,,,,,,,204,,,,,,,,,,
Dec-1956,,,,,,,,,,167,,,,,,,,,,
Jan-1957,,,,,,,,,,210,,,,,,,,,,
Feb-1957,,,,,,,,,,253,,,,,,,,,,
Mar-1957,,,,,,,,,,299,,,,,,,,,,
Apr-1957,,,,,,,,,,299,,,,,,,,,,
May-1957,,,,,,,,,,232,,,,,,,,,,
Jun-1957,,,,,,,,,,236,,,,,,,,,,
Jul-1957,,,,,,,,,,261,,,,,,,,,,
Aug-1957,,,,,,,,,,225,,,,,,,,,,
Sep-1957,,,,,,,,,,233,,,,,,,,,,
Oct-1957,,,,,,,,,,185,,,,,,,,,,
Nov-1957,,,,,,,,,,225,,,,,,,,,,
Dec-1957,,,,,,,,,,172,,,,,,,,,,
Jan-1958,,,,,,,,,,178,,,,,,,,,,
Feb-1958,,,,,,,,,,227,,,,,,,,,,
Mar-1958,,,,,,,,,,196,,,,,,,,,,
Apr-1958,,,,,,,,,,191,,,,,,,,,,
May-1958,,,,,,,,,,209,,,,,,,,,,
Jun-1958,,,,,,,,,,242,,,,,,,,,,
Jul-1958,,,,,,,,,,217,,,,,,,,,,
Aug-1958,,,,,,,,,,213,,,,,,,,,,
Sep-1958,,,,,,,,,,297,,,,,,,,,,
Oct-1958,,,,,,,,,,222,,,,,,,,,,
Nov-1958,,,,,,,,,,244,,,,,,,,,,
Dec-1958,,,,,,,,,,156,,,,,,,,,,
Jan-1959,,,,,,,,,,234,,,,,,,,,,
Feb-1959,,,,,,,,,,210,,,,,,,,,,
Mar-1959,,,,,,,,,,215,,,,,,,,,,
Apr-1959,,,,,,,,,,243,,,,,,,,,,
May-1959,,,,,,,,,,197,,,,,,,,,,
Jun-1959,,,,,,,,,,177,,,,,,,,,,
Jul-1959,,,,,,,,,,250,,,,,,,,,,
Aug-1959,,,,,,,,,,210,,,,,,,,,,
Sep-1959,,,,,,,,,,237,,,,,,,,,,
Oct-1959,,,,,,,,,,246,,,,,,,,,,
Nov-1959,,,,,,,,,,252,,,,,,,,,,
Dec-1959,,,,,,,,,,198,,,,,,,,,,
Jan-1960,,,,,,,,,,169,,,,,,,,,,
Feb-1960,,,,,,,,,,221,,,,,,,,,,
Mar-1960,,,,,,,,,,238,,,,,,,,,,
Apr-1960,,,,,,,,,,174,,,,,,,,,,
May-1960,,,,,,,,,,263,,,,,,,,,,
Jun-1960,,,,,,,,,,274,,,,,,,,,,
Jul-1960,,,,,,,,,,252,,,,,,,,,,
Aug-1960,,,,,,,,,,233,,,,,,,,,,
Sep-1960,,,,,,,,,,253,,,,,,,,,,
Oct-1960,,,,,,,,,,217,,,,,,,,,,
Nov-1960,,,,,,,,,,228,,,,,,,,,,
Dec-1960,,,,,,,,,,208,,,,,,,,,,
Jan-1961,,,,,,,,,,154,,,,,,,,,,
Feb-1961,,,,,,,,,,177,,,,,,,,,,
Mar-1961,,,,,,,,,,179,,,,,,,,,,
Apr-1961,,,,,,,,,,147,,,,,,,,,,
May-1961,,,,,,,,,,192,,,,,,,,,,
Jun-1961,,,,,,,,,,185,,,,,,,,,,
Jul-1961,,,,,,,,,,217,,,,,,,,,,
Aug-1961,,,,,,,,,,278,,,,,,,,,,
Sep-1961,,,,,,,,,,213,,,,,,,,,,
Oct-1961,,,,,,,,,,219,,,,,,,,,,
Nov-1961,,,,,,,,,,228,,,,,,,,,,
Dec-1961,,,,,,,,,,211,,,,,,,,,,
Jan-1962,,,,,,,,,,149,,,,,,,,,,
Feb-1962,,,,,,,,,,183,,,,,,,,,,
Mar-1962,,,,,,,,,,293,,,,,,,,,,
Apr-1962,,,,,,,,,,200,,,,,,,,,,
May-1962,,,,,,,,,,238,,,,,,,,,,
Jun-1962,,,,,,,,,,215,,,,,,,,,,
Jul-1962,,,,,,,,,,237,,,,,,,,,,
Aug-1962,,,,,,,,,,210,,,,,,,,,,
Sep-1962,,,,,,,,,,234,,,,,,,,,,
Oct-1962,,,,,,,,,,222,,,,,,,,,,
Nov-1962,,,,,,,,,,229,,,,,,,,,,
Dec-1962,,,,,,,,,,141,,,,,,,,,,
Jan-1963,,,,,,,,,,202,,,,,,,,,,
Feb-1963,,,,,,,,,,229,,,,,,,,,,
Mar-1963,,,,,,,,,,303,,,,,,,,,,
Apr-1963,,,,,,,,,,183,,,,,,,,,,
May-1963,,,,,,,,,,258,,,,,,,,,,
Jun-1963,,,,,,,,,,196,,,,,,,,,,
Jul-1963,,,,,,,,,,206,,,,,,,,,,
Aug-1963,,,,,,,,,,222,,,,,,,,,,
Sep-1963,,,,,,,,,,253,,,,,,,,,,
Oct-1963,,,,,,,,,,298,,,,,,,,,,
Nov-1963,,,,,,,,,,255,,,,,,,,,,
Dec-1963,,,,,,,,,,210,,,,,,,,,,
Jan-1964,,,,,,,,,,166,,,,,,,,,,
Feb-1964,,,,,,,,,,219,,,,,,,,,,
Mar-1964,,,,,,,,,,250,,,,,,,,,,
Apr-1964,,,,,,,,,,229,,,,,,,,,,
May-1964,,,,,,,,,,264,,,,,,,,,,
Jun-1964,,,,,,,,,,241,,,,,,,,,,
Jul-1964,,,,,,,,,,223,,,,,,,,,,
Aug-1964,,,,,,,,,,276,,,,,,,,,,
Sep-1964,,,,,,,,,,296,,,,,,,,,,
Oct-1964,,,,,,,,,,301,,,,,,,,,,
Nov-1964,,,,,,,,,,231,,,,,,,,,,
Dec-1964,,,,,,,,,,230,,,,,,,,,,
Jan-1965,,,,,,,,,,192,,,,,,,,,,
Feb-1965,,,,,,,,,,227,,,,,,,,,,
Mar-1965,,,,,,,,,,212,,,,,,,,,,
Apr-1965,,,,,,,,,,277,,,,,,,,,,
May-1965,,,,,,,,,,187,,,,,,,,,,
Jun-1965,,,,,,,,,,269,,,,,,,,,,
Jul-1965,,,,,,,,,,285,,,,,,,,,,
Aug-1965,,,,,,,,,,214,,,,,,,,,,
Sep-1965,,,,,,,,,,214,,,,,,,,,,
Oct-1965,,,,,,,,,,215,,,,,,,,,,
Nov-1965,,,,,,,,,,179,,,,,,,,,,
Dec-1965,,,,,,,,,,203,,,,,,,,,,
Jan-1966,,,,,,,,,,163,,,,,,,,,,
Feb-1966,,,,,,,,,,167,,,,,,,,,,
Mar-1966,,,,,,,,,,223,,,,,,,,,,
Apr-1966,,,,,,,,,,221,,,,,,,,,,
May-1966,,,,,,,,,,219,,,,,,,,,,
Jun-1966,,,,,,,,,,343,,,,,,,,,,
Jul-1966,,,,,,,,,,186,,,,,,,,,,
Aug-1966,,,,,,,,,,210,,,,,,,,,,
Sep-1966,,,,,,,,,,323,,,,,,,,,,
Oct-1966,,,,,,,,,,257,,,,,,,,,,
Nov-1966,,,,,,,,,,208,,,,,,,,,,
Dec-1966,,,,,,,,,,209,,,,,,,,,,
Jan-1967,,,,,,,,,,215,,,,,,,,,,
Feb-1967,,,,,,,,,,228,,,,,,,,,,
Mar-1967,,,,,,,,,,255,,,,,,,,,,
Apr-1967,,,,,,,,,,603,,,,,,,,,,
May-1967,,,,,,,,,,368,,,,,,,,,,
Jun-1967,,,,,,,,,,383,,,,,,,,,,
Jul-1967,,,,,,,,,,321,,,,,,,,,,
Aug-1967,,,,,,,,,,415,,,,,,,,,,
Sep-1967,,,,,,,,,,288,,,,,,,,,,
Oct-1967,,,,,,,,,,346,,,,,,,,,,
Nov-1967,,,,,,,,,,312,,,,,,,,,,
Dec-1967,,,,,,,,,,249,,,,,,,,,,
Jan-1968,,,,,,,,,,236,,,,,,,,,,
Feb-1968,,,,,,,,,,209,,,,,,,,,,
Mar-1968,,,,,,,,,,308,,,,,,,,,,
Apr-1968,,,,,,,,,,277,,,,,,,,,,
May-1968,,,,,,,,,,528,,,,,,,,,,
Jun-1968,,,,,,,,,,245,,,,,,,,,,
Jul-1968,,,,,,,,,,276,,,,,,,,,,
Aug-1968,,,,,,,,,,273,,,,,,,,,,
Sep-1968,,,,,,,,,,321,,,,,,,,,,
Oct-1968,,,,,,,,,,279,,,,,,,,,,
Nov-1968,,,,,,,,,,315,,,,,,,,,,
Dec-1968,,,,,,,,,,169,,,,,,,,,,
Jan-1969,,,,,,,,,,272,,,,,,,,,,
Feb-1969,,,,,,,,,,187,,,,,,,,,,
Mar-1969,,,,,,,,,,237,,,,,,,,,,
Apr-1969,,,,,,,,,,231,,,,,,,,,,
May-1969,,,,,,,,,,270,,,,,,,,,,
Jun-1969,,,,,,,,,,302,,,,,,,,,,
Jul-1969,,,,,,,,,,299,,,,,,,,,,
Aug-1969,,,,,,,,,,327,,,,,,,,,,
Sep-1969,,,,,,,,,,301,,,,,,,,,,
Oct-1969,,,,,,,,,,309,,,,,,,,,,
Nov-1969,,,,,,,,,,244,,,,,,,,,,
Dec-1969,,,,,,,,,,280,,,,,,,,,,
Jan-1970,,,,,,,,,,162,,,,,,,,,,
Feb-1970,,,,,,,,,,274,,,,,,,,,,
Mar-1970,,,,,,,,,,274,,,,,,,,,,
Apr-1970,,,,,,,,,,308,,,,,,,,,,
May-1970,,,,,,,,,,255,,,,,,,,,,
Jun-1970,,,,,,,,,,403,,,,,,,,,,
Jul-1970,222,,,,,,,,22,244,2414,,,,,,,,143,2557
Aug-1970,158,,,,,,,,89,247,1679,,,,,,,,602,2281
Sep-1970,280,,,,,,,,101,381,2695,,,,,,,,680,3375
Oct-1970,402,,,,,,,,22,424,3904,,,,,,,,160,4064
Nov-1970,209,,,,,,,,28,237,2080,,,,,,,,156,2236
Dec-1970,157,,,,,,,,45,202,1698,,,,,,,,294,1992
Jan-1971,190,,,,,,,,38,228,1874,,,,,,,,320,2194
Feb-1971,138,,,,,,,,61,199,1463,,,,,,,,404,1867
Mar-1971,298,,,,,,,,49,347,3032,,,,,,,,276,3308
Apr-1971,184,,,,,,,,47,231,2030,,,,,,,,237,2267
May-1971,158,,,,,,,,59,217,1726,,,,,,,,425,2151
Jun-1971,185,,,,,,,,49,234,2025,,,,,,,,339,2364
Jul-1971,181,,,,,,,,62,243,2089,,,,,,,,496,2585
Aug-1971,194,,,,,,,,34,228,2212,,,,,,,,264,2476
Sep-1971,284,,,,,,,,66,350,3044,,,,,,,,437,3481
Oct-1971,188,,,,,,,,88,276,2245,,,,,,,,665,2910
Nov-1971,202,,,,,,,,81,283,2290,,,,,,,,661,2951
Dec-1971,188,,,,,,,,64,252,2191,,,,,,,,475,2666
Jan-1972,132,,,,,,,,74,206,1574,,,,,,,,541,2115
Feb-1972,210,,,,,,,,96,306,2447,,,,,,,,636,3083
Mar-1972,221,,,,,,,,95,316,2409,,,,,,,,683,3092
Apr-1972,183,,,,,,,,71,254,2073,,,,,,,,546,2619
May-1972,234,,,,,,,,100,334,2757,,,,,,,,695,3452
Jun-1972,267,,,,,,,,78,345,3099,,,,,,,,674,3773
Jul-1972,200,,,,,,,,50,250,2508,,,,,,,,424,2932
Aug-1972,241,,,,,,,,44,285,2948,,,,,,,,417,3365
Sep-1972,217,,,,,,,,92,309,2681,,,,,,,,686,3367
Oct-1972,309,,,,,,,,78,387,3667,,,,,,,,645,4312
Nov-1972,283,,,,,,,,83,366,3598,,,,,,,,569,4167
Dec-1972,211,,,,,,,,28,239,2506,,,,,,,,269,2775
Jan-1973,180,,,,,,,,38,218,2396,,,,,,,,364,2760
Feb-1973,282,,,,,,,,68,350,3674,,,,,,,,483,4157
Mar-1973,294,,,,,,,,145,439,3864,,,,,,,,1168,5032
Apr-1973,247,,,,,,,,66,313,3273,,,,,,,,624,3897
May-1973,306,,,,,,,,37,343,4309,,,,,,,,387,4696
Jun-1973,288,,,,,,,,39,327,4029,,,,,,,,357,4386
Jul-1973,322,,,,,,,,160,482,4702,,,,,,,,1357,6059
Aug-1973,327,,,,,,,,141,468,4936,,,,,,,,1388,6324
Sep-1973,327,,,,,,,,90,417,4661,,,,,,,,782,5443
Oct-1973,290,,,,,,,,60,350,4527,,,,,,,,532,5059
Nov-1973,295,,,,,,,,40,335,4639,,,,,,,,447,5086
Dec-1973,228,,,,,,,,38,266,3490,,,,,,,,397,3887
Jan-1974,177,,,,,,,,49,226,2739,,,,,,,,514,3253
Feb-1974,223,,,,,,,,99,322,3452,,,,,,,,1168,4620
Mar-1974,295,,,,,,,,80,375,4727,,,,,,,,789,5516
Apr-1974,244,,,,,,,,69,313,4291,,,,,,,,671,4962
May-1974,303,,,,,,,,33,336,5264,,,,,,,,377,5641
Jun-1974,251,,,,,,,,32,283,4371,,,,,,,,349,4720
Jul-1974,228,,,,,,,,99,327,4159,,,,,,,,1151,5310
Aug-1974,183,,,,,,,,67,250,3367,,,,,,,,908,4275
Sep-1974,211,,,,,,,,44,255,3895,,,,,,,,539,4434
Oct-1974,230,,,,,,,,31,261,4330,,,,,,,,360,4690
Nov-1974,191,,,,,,,,82,273,3562,,,,,,,,890,4452
Dec-1974,273,,,,,,,,8,281,4810,,,,,,,,552,5362
Jan-1975,181,,,,,,,,49,230,3524,,,,,,,,706,4230
Feb-1975,195,,,,,,,,74,269,3962,,,,,,,,1007,4969
Mar-1975,203,,,,,,,,95,298,4281,,,,,,,,1407,5688
Apr-1975,250,,,,,,,,51,301,5153,,,,,,,,761,5914
May-1975,248,,,,,,,,43,291,5220,,,,,,,,537,5757
Jun-1975,234,,,,,,,,52,286,5197,,,,,,,,860,6057
Jul-1975,236,,,,,,,,62,298,5524,,,,,,,,866,6390
Aug-1975,253,,,,,,,,61,314,6115,,,,,,,,940,7055
Sep-1975,427,,,,,,,,80,507,10145,,,,,,,,1477,11622
Oct-1975,341,,,,,,,,106,447,7591,,,,,,,,1546,9137
Nov-1975,246,,,,,,,,81,327,5531,,,,,,,,1340,6871
Dec-1975,258,,,,,,,,104,362,6350,,,,,,,,1784,8134
Jan-1976,182,,,,,,,,61,243,4976,,,,,,,,970,5946
Feb-1976,262,,,,,,,,90,352,6496,,,,,,,,1429,7925
Mar-1976,276,,,,,,,,86,362,6931,,,,,,,,1415,8346
Apr-1976,313,,,,,,,,111,424,7813,,,,,,,,2190,10003
May-1976,295,,,,,,,,128,423,7870,,,,,,,,3184,11054
Jun-1976,291,,,,,,,,86,377,7449,,,,,,,,1584,9033
Jul-1976,284,,,,,,,,87,371,7790,,,,,,,,1885,9675
Aug-1976,258,,,,,,,,119,377,7164,,,,,,,,2273,9437
Sep-1976,373,,,,,,,,66,439,9766,,,,,,,,1358,11124
Oct-1976,357,,,,,,,,91,448,9452,,,,,,,,1668,11120
Nov-1976,260,,,,,,,,77,337,7069,,,,,,,,1633,8702
Dec-1976,240,,,,,,,,93,333,6499,,,,,,,,1529,8028
Jan-1977,151,,,,,,,,59,210,4134,,,,,,,,1090,5224
Feb-1977,315,,,,,,,,68,383,7990,,,,,,,,1400,9390
Mar-1977,286,,,,,,,,122,408,7670,,,,,,,,2250,9920
Apr-1977,217,,,,,,,,121,338,6058,,,,,,,,2291,8349
May-1977,308,,,,,,,,69,377,8129,,,,,,,,1371,9500
Jun-1977,265,,,,,,,,116,381,7645,,,,,,,,2411,10056
Jul-1977,243,,,,,,,,99,342,6926,,,,,,,,2198,9124
Aug-1977,297,,,,,,,,70,367,7664,,,,,,,,1286,8950
Sep-1977,296,,,,,,,,38,334,8200,,,,,,,,642,8842
Oct-1977,175,,,,,,,,135,310,5262,,,,,,,,2486,7748
Nov-1977,265,,,,,,,,67,332,7354,,,,,,,,1274,8628
Dec-1977,232,,,,,,,,90,322,6521,,,,,,,,1821,8342
Jan-1978,120,,,,,,,,28,148,3882,,,,,,,,556,4438
Feb-1978,208,,,,,,,,68,276,5458,,,,,,,,1201,6659
Mar-1978,233,,,,,,,,74,307,6464,,,,,,,,1322,7786
Apr-1978,248,,,,,,,,39,287,6751,,,,,,,,861,7612
May-1978,244,,,,,,,,60,304,7130,,,,,,,,1214,8344
Jun-1978,217,,,,,,,,143,360,6526,,,,,,,,3099,9625
Jul-1978,230,,,,,,,,58,288,6389,,,,,,,,1189,7578
Aug-1978,238,,,,,,,,62,300,6760,,,,,,,,1285,8045
Sep-1978,269,,,,,,,,47,316,7947,,,,,,,,876,8823
Oct-1978,267,,,,,,,,83,350,7367,,,,,,,,1870,9237
Nov-1978,274,,,,,,,,50,324,8057,,,,,,,,1035,9092
Dec-1978,180,,,,,,,,37,217,5956,,,,,,,,725,6681
Jan-1979,167,,,,,,,,56,223,4912,,,,,,,,1223,6135
Feb-1979,239,,,,,,,,38,277,7305,,,,,,,,797,8102
Mar-1979,239,,,,,,,,55,294,6942,,,,,,,,1215,8157
Apr-1979,247,,,,,,,,77,324,7217,,,,,,,,1959,9176
May-1979,263,,,,,,,,128,391,8007,,,,,,,,2841,10848
Jun-1979,221,,,,,,,,119,340,6570,,,,,,,,2765,9335
Jul-1979,175,,,,,,,,40,215,5677,,,,,,,,962,6639
Aug-1979,239,,,,,,,,75,314,7828,,,,,,,,1592,9420
Sep-1979,212,,,,,,,,81,293,6645,,,,,,,,1709,8354
Oct-1979,284,,,,,,,,33,317,9080,,,,,,,,695,9775
Nov-1979,227,,,,,,,,50,277,7253,,,,,,,,883,8136
Dec-1979,179,,,,,,,,43,222,5653,,,,,,,,798,6451
Jan-1980,144,,,,,,,,117,261,4639,,,,,,,,2849,7488
Feb-1980,227,,,,,,,,55,282,8091,,,,,,,,1174,9265
Mar-1980,197,,,,,,,,109,306,6971,,,,,,,,2145,9116
Apr-1980,193,,,,,,,,74,267,6592,,,,,,,,1498,8090
May-1980,215,,,,,,,,92,307,6766,,,,,,,,2073,8839
Jun-1980,223,,,,,,,,35,258,7205,,,,,,,,786,7991
Jul-1980,214,,,,,,,,106,320,7143,,,,,,,,2311,9454
Aug-1980,200,,,,,,,,60,260,6597,,,,,,,,1505,8102
Sep-1980,254,,,,,,,,97,351,8611,,,,,,,,2017,10628
Oct-1980,172,,,,,,,,53,225,5725,,,,,,,,1067,6792
Nov-1980,204,,,,,,,,52,256,6638,,,,,,,,1320,7958
Dec-1980,215,,,,,,,,102,317,7798,,,,,,,,2046,9844
Jan-1981,133,,,,,,,,24,157,4653,,,,,,,,544,5197
Feb-1981,159,,,,,,,,78,237,5966,,,,,,,,2216,8182
Mar-1981,186,,,,,,,,58,244,6773,,,,,,,,1342,8115
Apr-1981,227,,,,,,,,41,268,8258,,,,,,,,898,9156
May-1981,148,,,,,,,,112,260,5388,,,,,,,,2414,7802
Jun-1981,216,,,,,,,,89,305,8164,,,,,,,,2312,10476
Jul-1981,157,,,,,,,,101,258,5821,,,,,,,,2515,8336
Aug-1981,222,,,,,,,,38,260,7883,,,,,,,,867,8750
Sep-1981,222,,,,,,,,95,317,7569,,,,,,,,2366,9935
Oct-1981,195,,,,,,,,57,252,6952,,,,,,,,1586,8538
Nov-1981,213,,,,,,,,55,268,7671,,,,,,,,1348,9019
Dec-1981,145,,,,,,,,74,219,5319,,,,,,,,1850,7169
Jan-1982,92,,,,,,,,32,124,3527,,,,,,,,877,4404
Feb-1982,133,,,,,,,,103,236,5067,,,,,,,,2137,7204
Mar-1982,208,,,,,,,,83,291,7651,,,,,,,,1897,9548
Apr-1982,145,,,,,,,,28,173,5063,,,,,,,,756,5819
May-1982,125,,,,,,,,19,144,4764,,,,,,,,541,5305
Jun-1982,132,,,,,,,,56,188,4999,,,,,,,,1312,6311
Jul-1982,128,,,,,,,,49,177,4909,,,,,,,,1264,6173
Aug-1982,150,,,,,,,,36,186,5351,,,,,,,,902,6253
Sep-1982,181,,,,,,,,72,253,6528,,,,,,,,1610,8138
Oct-1982,119,,,,,,,,45,164,4447,,,,,,,,1131,5578
Nov-1982,178,,,,,,,,97,275,6140,,,,,,,,2353,8493
Dec-1982,139,,,,,,,,50,189,5192,,,,,,,,1433,6625
Jan-1983,128,,,,,,,,46,174,4827,,,,,,,,1123,5950
Feb-1983,188,,,,,,,,46,234,6439,,,,,,,,1267,7706
Mar-1983,225,,,,,,,,60,285,8125,,,,,,,,1451,9576
Apr-1983,167,,,,,,,,36,203,6253,,,,,,,,1080,7333
May-1983,211,,,,,,,,73,284,8706,,,,,,,,1818,10524
Jun-1983,243,,,,,,,,60,303,9520,,,,,,,,1680,11200
Jul-1983,194,,,,,,,,82,276,7926,,,,,,,,2413,10339
Aug-1983,211,,,,,,,,57,268,8556,,,,,,,,1826,10382
Sep-1983,227,,,,,,,,27,254,8900,,,,,,,,749,9649
Oct-1983,300,,,,,,,,20,320,11558,,,,,,,,585,12142
Nov-1983,266,,,,,,,,57,323,10020,,,,,,,,1438,11457
Dec-1983,236,,,,,,,,45,281,9129,,,,,,,,1182,10311
Jan-1984,170,,,,,,,,9,179,7001,,,,,,,,380,7381
Feb-1984,270,,,,,,,,83,353,11027,,,,,,,,2482,13509
Mar-1984,243,,,,,,,,64,307,9895,,,,,,,,2058,11953
Apr-1984,259,,,,,,,,86,345,10095,,,,,,,,2439,12534
May-1984,256,,,,,,,,71,327,11106,,,,,,,,1743,12849
Jun-1984,286,,,,,,,,168,454,11578,,,,,,,,4906,16484
Jul-1984,294,,,,,,,,55,349,12580,,,,,,,,1783,14363
Aug-1984,333,,,,,,,,81,414,14649,,,,,,,,2603,17252
Sep-1984,275,,,,,,,,87,362,11895,,,,,,,,2428,14323
Oct-1984,298,,,,,,,,122,420,13042,,,,,,,,3930,16972
Nov-1984,350,,,,,,,,106,456,15753,,,,,,,,3218,18971
Dec-1984,210,,,,,,,,51,261,9535,,,,,,,,1742,11277
Jan-1985,224,,,,,,,,60,284,10308,,,,,,,,2131,12439
Feb-1985,241,,,,,,,,38,279,11046,,,,,,,,1237,12283
Mar-1985,338,,,,,,,,92,430,15612,,,,,,,,3212,18823
Apr-1985,272,,,,,,,,75,347,13148,,,,,,,,2686,15834
May-1985,277,,,,,,,,94,371,13871,,,,,,,,3176,17048
Jun-1985,303,,,,,,,,94,397,13365,,,,,,,,3098,16463
Jul-1985,238,,,,,,,,134,372,11568,,,,,,,,4473,16041
Aug-1985,288,,,,,,,,55,343,13747,,,,,,,,1993,15740
Sep-1985,262,,,,,,,,61,323,12382,,,,,,,,2237,14619
Oct-1985,334,,,,,,,,89,423,16519,,,,,,,,3098,19617
Nov-1985,267,,,,,,,,146,413,13069,,,,,,,,6041,19110
Dec-1985,210,,,,,,,,120,330,10244,,,,,,,,4252,14496
Jan-1986,247,,,,,,,,72,319,13214,,,,,,,,3544,16757
Feb-1986,231,,,,,,,,29,260,11811,,,,,,,,1062,12874
Mar-1986,207,,,,,,,,52,259,12186,,,,,,,,2077,14262
Apr-1986,241,,,,,,,,93,334,12380,,,,,,,,3951,16331
May-1986,272,,,,,,,,90,362,14306,,,,,,,,3480,17785
Jun-1986,223,,,,,,,,147,370,10993,,,,,,,,5782,16774
Jul-1986,197,,,,,,,,55,252,11122,,,,,,,,2044,13166
Aug-1986,273,,,,,,,,128,401,13976,,,,,,,,4834,18810
Sep-1986,208,,,,,,,,92,300,11137,,,,,,,,3713,14849
Oct-1986,260,,,,,,,,122,382,14227,,,,,,,,4509,18736
Nov-1986,245,,,,,,,,62,307,13347,,,,,,,,2130,15477
Dec-1986,231,,,,,,,,65,296,13113,,,,,,,,2430,15542
Jan-1987,191,,,,,,,,84,275,10399,,,,,,,,3823,14221
Feb-1987,205,,,,,,,,38,243,10634,,,,,,,,1334,11969
Mar-1987,208,,,,,,,,70,278,12200,,,,,,,,3006,15206
Apr-1987,180,,,,,,,,77,257,10250,,,,,,,,3042,13292
May-1987,236,,,,,,,,99,335,12440,,,,,,,,3729,16169
Jun-1987,213,,,,,,,,99,312,11970,,,,,,,,3493,15463
Jul-1987,193,,,,,,,,56,249,10970,,,,,,,,2131,13100
Aug-1987,184,,,,,,,,73,257,10602,,,,,,,,3338,13940
Sep-1987,225,,,,,,,,84,309,13312,,,,,,,,3302,16614
Oct-1987,243,,,,,,,,50,293,14516,,,,,,,,2191,16707
Nov-1987,249,,,,,,,,69,318,14687,,,,,,,,3043,17730
Dec-1987,226,,,,,,,,58,284,13727,,,,,,,,2091,15819
Jan-1988,168,,,,,,,,49,217,9517,,,,,,,,2231,11748
Feb-1988,248,,,,,,,,53,301,14707,,,,,,,,2506,17213
Mar-1988,232,,,,,,,,77,309,14188,,,,,,,,2941,17129
Apr-1988,182,,,,,,,,62,244,10486,,,,,,,,2410,12896
May-1988,281,,,,,,,,99,380,16459,,,,,,,,3901,20360
Jun-1988,241,,,,,,,,96,337,14678,,,,,,,,4692,19370
Jul-1988,222,,,,,,,,54,276,14470,,,,,,,,2148,16618
Aug-1988,231,,,,,,,,131,362,14381,,,,,,,,5326,19708
Sep-1988,260,,,,,,,,116,376,15989,,,,,,,,4575,20564
Oct-1988,239,,,,,,,,85,324,15549,,,,,,,,3206,18755
Nov-1988,276,,,,,,,,114,390,18607,,,,,,,,5257,23864
Dec-1988,228,,,,,,,,59,287,14626,,,,,,,,2552,17178
Jan-1989,174,,,,,,,,65,239,12050,,,,,,,,2814,14864
Feb-1989,225,,,,,,,,44,269,15592,,,,,,,,2061,17653
Mar-1989,245,,,,,,,,57,302,15348,,,,,,,,2747,18095
Apr-1989,261,,,,,,,,82,343,17124,,,,,,,,3934,21058
May-1989,282,,,,,,,,109,391,18613,,,,,,,,5395,24008
Jun-1989,247,,,,,,,,108,355,17019,,,,,,,,6387,23406
Jul-1989,204,,,,,,,,61,265,13817,,,,,,,,3166,16982
Aug-1989,242,,,,,,,,69,311,16957,,,,,,,,3508,20465
Sep-1989,207,,,,,,,,51,258,15117,,,,,,,,2279,17396
Oct-1989,245,,,,,,,,69,314,17669,,,,,,,,3494,21163
Nov-1989,295,,,,,,,,113,408,21939,,,,,,,,6636,28576
Dec-1989,152,,,,,,,,42,194,11265,,,,,,,,2219,13484
Jan-1990,210,,,,,,,,76,286,14614,,,,,,,,4017,18631
Feb-1990,221,,,,,,,,80,301,16215,,,,,,,,4046,20261
Mar-1990,239,,,,,,,,76,315,16712,,,,,,,,3939,20651
Apr-1990,212,,,,,,,,68,280,15359,,,,,,,,3605,18964
May-1990,223,,,,,,,,70,293,17023,,,,,,,,3923,20946
Jun-1990,213,,,,,,,,81,294,15513,,,,,,,,4266,19779
Jul-1990,194,,,,,,,,75,269,13844,,,,,,,,4151,17995
Aug-1990,216,,,,,,,,60,276,15627,,,,,,,,3363,18990
Sep-1990,181,,,,,,,,59,240,13405,,,,,,,,3409,16814
Oct-1990,259,,,,,,,,102,361,18718,,,,,,,,5520,24238
Nov-1990,247,,,,,,,,65,312,19473,,,,,,,,3369,22842
Dec-1990,193,,,,,,,,64,257,15542,,,,,,,,3579,19121
Jan-1991,179,,,,,,,,70,249,13590,,,,,,,,3383,16974
Feb-1991,229,,,,,,,,45,274,17513,,,,,,,,2188,19701
Mar-1991,205,,,,,,,,70,275,15097,,,,,,,,3640,18737
Apr-1991,220,,,,,,,,90,310,16508,,,,,,,,4641,21149
May-1991,242,,,,,,,,167,409,18904,,,,,,,,9279,28183
Jun-1991,190,,,,,,,,61,251,14539,,,,,,,,2995,17533
Jul-1991,189,63,0,63,0,0,0,0,63,252,14313,3173,0,3173,0,0,0,0,3173,17486
Aug-1991,280,10,0,10,100,0,0,100,110,390,21793,505,0,505,5211,0,0,5211,5716,27509
Sep-1991,225,1,0,1,85,0,0,85,86,311,16064,80,0,80,4438,0,0,4438,4518,20582
Oct-1991,297,4,0,4,47,0,0,47,51,348,21609,310,0,310,2147,0,0,2147,2457,24066
Nov-1991,228,82,0,82,0,0,0,0,82,310,16207,4043,0,4043,0,0,0,0,4043,20250
Dec-1991,218,87,0,87,0,0,0,0,87,305,17296,4233,0,4233,0,0,0,0,4233,21529
Jan-1992,228,96,0,96,0,0,0,0,96,324,15682,4835,0,4835,0,0,0,0,4835,20517
Feb-1992,230,67,0,67,0,0,0,0,67,297,17317,3608,0,3608,0,0,0,0,3608,20926
Mar-1992,250,84,0,84,21,0,0,21,105,355,16924,4398,0,4398,1110,0,0,1110,5508,22432
Apr-1992,235,43,0,43,42,0,0,42,85,320,17086,1826,0,1826,2175,0,0,2175,4001,21088
May-1992,236,67,0,67,16,0,0,16,83,319,17065,3035,0,3035,965,0,0,965,4000,21065
Jun-1992,253,99,0,99,20,0,0,20,119,372,17022,4804,0,4804,1020,0,0,1020,5824,22846
Jul-1992,226,81,0,81,19,0,0,19,100,326,15473,3563,0,3563,1042,0,0,1042,4605,20078
Aug-1992,246,102,0,102,0,0,0,0,102,348,17544,4553,0,4553,0,0,0,0,4553,22097
Sep-1992,265,80,0,80,11,0,0,11,91,356,17962,3805,0,3805,544,0,0,544,4349,22310
Oct-1992,250,109,0,109,4,0,0,4,113,363,17869,5252,0,5252,110,0,0,110,5362,23231
Nov-1992,321,98,0,98,0,0,0,0,98,419,23381,4986,0,4986,0,0,0,0,4986,28367
Dec-1992,260,95,0,95,0,0,0,0,95,355,19581,5121,0,5121,0,0,0,0,5121,24701
Jan-1993,196,115,0,115,0,0,0,0,115,311,15326,6351,0,6351,0,0,0,0,6351,21677
Feb-1993,179,36,0,36,0,0,0,0,36,215,14087,1905,0,1905,0,0,0,0,1905,15992
Mar-1993,277,114,0,114,0,0,0,0,114,391,20870,5692,0,5692,0,0,0,0,5692,26562
Apr-1993,286,58,0,58,0,0,0,0,58,344,21723,3137,0,3137,0,0,0,0,3137,24859
May-1993,233,67,0,67,6,0,0,6,73,306,17275,4061,0,4061,363,0,0,363,4424,21699
Jun-1993,217,92,0,92,51,0,0,51,143,360,15899,4948,0,4948,2842,0,0,2842,7790,23689
Jul-1993,255,80,0,80,5,0,0,5,85,340,19360,4144,0,4144,200,0,0,200,4344,23704
Aug-1993,264,99,20,119,0,0,0,0,119,383,20991,5213,815,6028,0,0,0,0,6028,27019
Sep-1993,278,63,0,63,0,0,0,0,63,341,20520,3291,0,3291,0,0,0,0,3291,23811
Oct-1993,247,104,0,104,0,0,0,0,104,351,18663,4893,0,4893,0,0,0,0,4893,23556
Nov-1993,282,60,12,72,0,56,0,56,128,410,21222,3076,500,3576,0,8646,0,8646,12221,33444
Dec-1993,276,95,0,95,0,0,0,0,95,371,21556,5187,0,5187,0,0,0,0,5187,26743
Jan-1994,233,111,0,111,0,0,0,0,111,344,19187,6805,0,6805,0,0,0,0,6805,25992
Feb-1994,257,87,0,87,0,0,0,0,87,344,19293,4510,0,4510,0,0,0,0,4510,23803
Mar-1994,266,64,0,64,0,0,0,0,64,330,22136,3352,0,3352,0,0,0,0,3352,25488
Apr-1994,243,36,0,36,0,0,0,0,36,279,18641,1808,0,1808,0,0,0,0,1808,20449
May-1994,271,77,0,77,0,0,0,0,77,348,20465,4163,0,4163,0,0,0,0,4163,24627
Jun-1994,241,31,0,31,34,0,0,34,65,306,20038,1469,0,1469,1820,0,0,1820,3289,23327
Jul-1994,212,97,0,97,0,0,0,0,97,309,15754,5129,0,5129,0,0,0,0,5129,20883
Aug-1994,257,34,0,34,0,0,0,0,34,291,21240,1923,0,1923,0,0,0,0,1923,23162
Sep-1994,256,57,0,57,0,0,0,0,57,313,21057,3447,0,3447,0,0,0,0,3447,24504
Oct-1994,265,60,0,60,0,0,0,0,60,325,22291,3395,0,3395,0,0,0,0,3395,25686
Nov-1994,222,63,0,63,0,0,0,0,63,285,17564,3600,0,3600,0,0,0,0,3600,21163
Dec-1994,205,21,0,21,2,0,0,2,23,228,17177,940,0,940,130,0,0,130,1070,18247
Jan-1995,178,40,0,40,0,0,0,0,40,218,14803,2490,0,2490,0,0,0,0,2490,17293
Feb-1995,216,43,0,43,0,0,0,0,43,259,17482,2077,0,2077,0,0,0,0,2077,19559
Mar-1995,236,50,0,50,0,0,0,0,50,286,18717,3172,0,3172,0,0,0,0,3172,21890
Apr-1995,170,29,0,29,0,0,0,0,29,199,15178,1598,0,1598,0,0,0,0,1598,16776
May-1995,211,40,0,40,0,0,0,0,40,251,17658,2543,0,2543,0,0,0,0,2543,20201
Jun-1995,148,60,0,60,0,0,0,0,60,208,12430,2828,0,2828,0,0,0,0,2828,15258
Jul-1995,176,37,0,37,0,0,0,0,37,213,14639,2967,0,2967,0,0,0,0,2967,17606
Aug-1995,167,54,0,54,0,0,0,0,54,221,13758,3529,0,3529,0,0,0,0,3529,17288
Sep-1995,216,36,0,36,0,0,0,0,36,252,18495,1118,0,1118,0,0,0,0,1118,19613
Oct-1995,175,33,16,49,0,0,0,0,49,224,14791,1647,1713,3360,0,0,0,0,3360,18151
Nov-1995,198,9,0,9,0,0,0,0,9,207,17966,530,0,530,0,0,0,0,530,18496
Dec-1995,145,31,0,31,0,0,43,43,74,219,12398,2184,0,2184,0,0,4250,4250,6434,18832
Jan-1996,135,29,0,29,0,0,63,63,92,227,11182,1875,0,1875,0,0,10691,10691,12566,23749
Feb-1996,172,25,0,25,0,0,0,0,25,197,14668,2095,0,2095,0,0,0,0,2095,16763
Mar-1996,138,27,0,27,0,0,0,0,27,165,11621,2137,0,2137,0,0,0,0,2137,13759
Apr-1996,141,96,2,98,6,0,0,6,104,245,12198,10309,125,10434,180,0,0,180,10614,22811
May-1996,143,28,4,32,0,0,0,0,32,175,12221,1698,300,1998,0,0,0,0,1998,14219
Jun-1996,132,49,13,62,0,0,0,0,62,194,11345,4258,555,4813,0,0,0,0,4813,16159
Jul-1996,108,13,0,13,0,0,0,0,13,121,8836,691,0,691,0,0,0,0,691,9527
Aug-1996,158,18,0,18,0,0,0,0,18,176,13732,1316,0,1316,0,0,0,0,1316,15048
Sep-1996,156,4,0,4,0,0,0,0,4,160,13114,135,0,135,0,0,0,0,135,13249
Oct-1996,154,33,0,33,0,0,0,0,33,187,14089,3225,0,3225,0,0,0,0,3225,17314
Nov-1996,146,22,0,22,0,0,0,0,22,168,12082,1269,0,1269,0,0,0,0,1269,13351
Dec-1996,130,6,0,6,17,0,0,17,23,153,11238,350,0,350,1355,0,0,1355,1705,12943
Jan-1997,118,23,2,25,0,0,0,0,25,143,10558,1523,160,1683,0,0,0,0,1683,12241
Feb-1997,129,21,3,24,0,0,0,0,24,153,11761,1791,150,1941,0,0,0,0,1941,13702
Mar-1997,125,0,0,0,0,0,0,0,0,125,10922,0,0,0,0,0,0,0,0,10922
Apr-1997,144,19,0,19,32,0,0,32,51,195,11186,1551,0,1551,4164,0,0,4164,5714,16900
May-1997,121,21,2,23,2,0,0,2,25,146,10821,1587,160,1747,200,0,0,200,1947,12768
Jun-1997,104,10,0,10,3,0,0,3,13,117,8936,423,0,423,105,0,0,105,528,9464
Jul-1997,109,27,0,27,0,0,29,29,56,165,9559,1730,0,1730,0,0,3000,3000,4730,14289
Aug-1997,121,8,0,8,6,0,0,6,14,135,10155,490,0,490,342,0,0,342,832,10987
Sep-1997,131,18,0,18,0,0,0,0,18,149,11723,2080,0,2080,0,0,0,0,2080,13803
Oct-1997,128,35,0,35,0,0,0,0,35,163,11341,2537,0,2537,0,0,0,0,2537,13878
Nov-1997,120,8,0,8,0,0,0,0,8,128,10718,380,0,380,0,0,0,0,380,11098
Dec-1997,130,24,0,24,0,0,0,0,24,154,12135,1400,0,1400,0,0,0,0,1400,13535
Jan-1998,123,10,0,10,0,0,0,0,10,133,11000,690,0,690,0,0,0,0,690,11690
Feb-1998,115,6,0,6,0,0,0,0,6,121,9556,499,0,499,0,0,0,0,499,10055
Mar-1998,117,8,0,8,0,0,0,0,8,125,11384,613,0,613,0,0,0,0,613,11997
Apr-1998,122,0,0,0,11,0,0,11,11,133,10652,0,0,0,578,0,0,578,578,11230
May-1998,106,2,2,4,16,0,0,16,20,126,8989,170,120,290,1364,0,0,1364,1654,10643
Jun-1998,97,0,0,0,9,0,0,9,9,106,8745,0,0,0,415,0,0,415,415,9160
Jul-1998,117,0,0,0,2,0,0,2,2,119,10395,0,0,0,140,0,0,140,140,10535
Aug-1998,118,0,0,0,10,0,0,10,10,128,10405,0,0,0,455,0,0,455,455,10860
Sep-1998,129,2,0,2,7,0,0,7,9,138,11922,180,0,180,446,0,0,446,626,12548
Oct-1998,117,0,0,0,21,0,0,21,21,138,11548,0,0,0,950,0,0,950,950,12498
Nov-1998,97,4,0,4,7,0,0,7,11,108,8804,295,0,295,385,0,0,385,680,9484
Dec-1998,112,0,0,0,2,0,0,2,2,114,11256,0,0,0,110,0,0,110,110,11366
Jan-1999,114,2,0,2,3,0,0,3,5,119,11104,107,0,107,160,0,0,160,267,11371
Feb-1999,97,0,0,0,12,0,0,12,12,109,10139,0,0,0,580,0,0,580,580,10719
Mar-1999,117,0,0,0,9,0,0,9,9,126,11709,0,0,0,485,0,0,485,485,12194
Apr-1999,117,8,6,14,0,0,0,0,14,131,11902,585,570,1155,0,0,0,0,1155,13057
May-1999,95,2,0,2,0,0,0,0,2,97,8577,200,0,200,0,0,0,0,200,8777
Jun-1999,77,2,0,2,9,0,0,9,11,88,8230,156,0,156,639,0,0,639,795,9025
Jul-1999,150,2,0,2,7,0,0,7,9,159,15095,110,0,110,385,0,0,385,495,15590
Aug-1999,102,0,16,16,0,0,0,0,16,118,10301,0,1565,1565,0,0,0,0,1565,11866
Sep-1999,116,2,0,2,2,0,0,2,4,120,11697,181,0,181,140,0,0,140,321,12018
Oct-1999,142,8,0,8,11,0,0,11,19,161,14051,562,0,562,950,0,0,950,1512,15563
Nov-1999,155,24,0,24,2,0,0,2,26,181,13588,2018,0,2018,90,0,0,90,2108,15696
Dec-1999,160,4,2,6,14,0,0,14,20,180,16878,570,100,670,796,0,0,796,1466,18344
Jan-2000,139,0,0,0,13,0,15,28,28,167,14525,0,0,0,807,0,5850,6657,6657,21182
Feb-2000,135,2,0,2,31,0,0,31,33,168,14049,168,0,168,2241,0,0,2241,2409,16458
Mar-2000,149,12,0,12,2,0,0,2,14,163,15972,1405,0,1405,130,0,0,130,1535,17506
Apr-2000,122,5,0,5,7,0,0,7,12,134,12743,576,0,576,490,0,0,490,1066,13810
May-2000,159,4,0,4,11,0,30,41,45,204,16946,242,0,242,570,0,8000,8570,8812,25758
Jun-2000,84,0,0,0,4,0,0,4,4,88,10065,0,0,0,200,0,0,200,200,10265
Jul-2000,83,0,0,0,0,0,0,0,0,83,7866,0,0,0,0,0,0,0,0,7866
Aug-2000,82,0,0,0,0,0,0,0,0,82,8871,0,0,0,0,0,0,0,0,8871
Sep-2000,100,5,14,19,0,0,0,0,19,119,10996,336,1400,1736,0,0,0,0,1736,12732
Oct-2000,105,14,0,14,2,0,0,2,16,121,11535,1955,0,1955,66,0,0,66,2021,13556
Nov-2000,112,4,0,4,0,0,0,0,4,116,11877,270,0,270,0,0,0,0,270,12147
Dec-2000,53,4,0,4,0,0,0,0,4,57,5903,420,0,420,0,0,0,0,420,6323
Jan-2001,89,0,0,0,0,0,0,0,0,89,9446,0,0,0,0,0,0,0,0,9446
Feb-2001,83,7,0,7,16,0,0,16,23,106,8996,600,0,600,1632,0,0,1632,2232,11228
Mar-2001,84,4,0,4,0,0,0,0,4,88,9234,320,0,320,0,0,0,0,320,9554
Apr-2001,65,3,0,3,0,0,0,0,3,68,7228,290,0,290,0,0,0,0,290,7518
May-2001,133,0,0,0,0,0,0,0,0,133,14162,0,0,0,0,0,0,0,0,14162
Jun-2001,119,5,0,5,2,0,0,2,7,126,13829,120,0,120,150,0,0,150,270,14099
Jul-2001,113,4,0,4,0,0,0,0,4,117,12357,218,0,218,0,0,0,0,218,12575
Aug-2001,143,4,0,4,0,0,0,0,4,147,15467,310,0,310,0,0,0,0,310,15777
Sep-2001,145,2,20,22,23,0,0,23,45,190,16151,100,1500,1600,4250,0,0,4250,5850,22001
Oct-2001,165,0,4,4,0,0,0,0,4,169,17623,0,450,450,0,0,0,0,450,18073
Nov-2001,169,0,0,0,0,0,0,0,0,169,18573,0,0,0,0,0,0,0,0,18573
Dec-2001,156,2,0,2,0,0,0,0,2,158,15837,105,0,105,0,0,0,0,105,15942
Jan-2002,223,60,0,60,0,0,0,0,60,283,26788,3381,0,3381,0,0,0,0,3381,30169
Feb-2002,140,4,0,4,0,0,0,0,4,144,15301,336,0,336,0,0,0,0,336,15637
Mar-2002,162,0,1,1,0,0,0,0,1,163,19125,0,105,105,0,0,0,0,105,19230
Apr-2002,138,4,0,4,3,0,0,3,7,145,14941,460,0,460,150,0,0,150,610,15551
May-2002,161,0,4,4,0,0,0,0,4,165,19455,0,360,360,0,0,0,0,360,19815
Jun-2002,164,6,0,6,8,0,0,8,14,178,17316,510,0,510,2134,0,0,2134,2644,19960
Jul-2002,174,2,0,2,2,0,0,2,4,178,21827,120,0,120,198,0,0,198,318,22145
Aug-2002,172,4,0,4,0,0,0,0,4,176,21398,300,0,300,0,0,0,0,300,21698
Sep-2002,173,6,0,6,0,0,0,0,6,179,20521,461,0,461,0,0,0,0,461,20982
Oct-2002,151,2,2,4,15,0,0,15,19,170,17569,150,230,380,1500,0,0,1500,1880,19449
Nov-2002,145,3,0,3,0,0,0,0,3,148,16974,300,0,300,0,0,0,0,300,17274
Dec-2002,189,9,0,9,0,0,0,0,9,198,23428,830,0,830,0,0,0,0,830,24258
Jan-2003,138,2,0,2,0,0,0,0,2,140,18436,70,0,70,0,0,0,0,70,18506
Feb-2003,147,2,2,4,0,0,0,0,4,151,18072,200,140,340,0,0,0,0,340,18412
Mar-2003,177,7,0,7,0,0,0,0,7,184,22781,447,0,447,0,0,0,0,447,23228
Apr-2003,146,23,0,23,0,0,0,0,23,169,19329,3140,0,3140,0,0,0,0,3140,22469
May-2003,186,59,3,62,0,0,0,0,62,248,23228,3200,350,3550,0,0,0,0,3550,26778
Jun-2003,167,2,19,21,0,0,0,0,21,188,24262,150,2445,2595,0,0,0,0,2595,26857
Jul-2003,231,8,0,8,32,0,24,56,64,295,32953,742,0,742,8332,0,15000,23332,24074,57027
Aug-2003,231,6,2,8,0,0,0,0,8,239,31903,450,250,700,0,0,0,0,700,32603
Sep-2003,226,12,2,14,0,0,0,0,14,240,31360,1460,280,1740,0,0,0,0,1740,33100
Oct-2003,221,7,5,12,0,0,0,0,12,233,30435,740,844,1584,0,0,0,0,1584,32019
Nov-2003,245,30,51,81,0,0,0,0,81,326,33102,1834,2475,4309,0,0,0,0,4309,37411
Dec-2003,244,23,4,27,2,0,0,2,29,273,34852,2146,1005,3151,220,0,0,220,3371,38223
Jan-2004,176,20,2,22,0,0,0,0,22,198,25529,2297,275,2572,0,0,0,0,2572,28101
Feb-2004,184,12,0,12,0,0,0,0,12,196,25618,1459,0,1459,0,0,0,0,1459,27077
Mar-2004,260,15,1,16,0,0,0,0,16,276,35841,1410,160,1570,0,0,0,0,1570,37411
Apr-2004,264,19,10,29,0,0,0,0,29,293,39653,1767,1270,3037,0,0,0,0,3037,42690
May-2004,222,72,0,72,0,0,10,10,82,304,35613,16876,0,16876,0,0,7700,7700,24576,60189
Jun-2004,209,22,2,24,0,0,0,0,24,233,33815,2510,390,2900,0,0,0,0,2900,36715
Jul-2004,186,32,0,32,0,0,0,0,32,218,29813,3435,0,3435,0,0,0,0,3435,33247
Aug-2004,228,20,0,20,6,0,0,6,26,254,35173,1996,0,1996,857,0,0,857,2853,38026
Sep-2004,213,6,0,6,0,0,0,0,6,219,33416,560,0,560,0,0,0,0,560,33976
Oct-2004,200,5,0,5,0,0,0,0,5,205,31855,574,0,574,0,0,0,0,574,32429
Nov-2004,238,28,2,30,0,0,0,0,30,268,36371,3728,207,3935,0,0,0,0,3935,40306
Dec-2004,238,22,0,22,2,0,0,2,24,262,36977,2757,0,2757,340,0,0,340,3097,40074
Jan-2005,181,10,18,28,0,0,0,0,28,209,33851,1020,3422,4442,0,0,0,0,4442,38293
Feb-2005,169,15,0,15,0,0,0,0,15,184,26982,1650,0,1650,0,0,0,0,1650,28632
Mar-2005,198,22,2,24,0,0,0,0,24,222,37003,3030,300,3330,0,0,0,0,3330,40334
Apr-2005,187,12,0,12,2,0,0,2,14,201,31664,1383,0,1383,240,0,0,240,1623,33287
May-2005,228,38,0,38,0,0,0,0,38,266,41808,4056,0,4056,0,0,0,0,4056,45864
Jun-2005,166,27,0,27,0,1,0,1,28,194,32685,3250,0,3250,0,50,0,50,3300,35985
Jul-2005,216,4,2,6,0,0,0,0,6,222,35976,405,500,905,0,0,0,0,905,36881
Aug-2005,203,19,2,21,0,0,0,0,21,224,35119,2145,560,2705,0,0,0,0,2705,37824
Sep-2005,203,19,0,19,0,0,14,14,33,236,34496,2224,0,2224,0,0,2151,2151,4375,38871
Oct-2005,172,29,3,32,0,0,0,0,32,204,34000,3365,450,3815,0,0,0,0,3815,37815
Nov-2005,199,7,6,13,0,0,0,0,13,212,35307,650,840,1490,0,0,0,0,1490,36797
Dec-2005,175,24,0,24,0,0,0,0,24,199,31575,3120,0,3120,0,0,0,0,3120,34694
Jan-2006,164,8,6,14,0,0,0,0,14,178,30867,1407,1000,2407,0,0,0,0,2407,33274
Feb-2006,160,9,0,9,4,0,0,4,13,173,29780,2480,0,2480,450,0,0,450,2930,32709
Mar-2006,218,31,0,31,0,0,24,24,55,273,36588,3270,0,3270,0,0,7900,7900,11170,47758
Apr-2006,145,2,2,4,0,0,0,0,4,149,29113,300,380,680,0,0,0,0,680,29793
May-2006,234,29,5,34,0,0,0,0,34,268,42553,6240,860,7100,0,0,0,0,7100,49653
Jun-2006,200,61,14,75,0,0,0,0,75,275,35921,7278,3307,10585,0,0,0,0,10585,46506
Jul-2006,213,32,0,32,3,0,0,3,35,248,39530,3744,0,3744,450,0,0,450,4194,43724
Aug-2006,209,23,2,25,4,0,0,4,29,238,40631,2640,320,2960,580,0,0,580,3540,44171
Sep-2006,228,2,2,4,9,0,0,9,13,241,42370,160,600,760,2500,0,0,2500,3260,45630
Oct-2006,238,21,8,29,0,0,0,0,29,267,46275,3511,1000,4511,0,0,0,0,4511,50786
Nov-2006,281,0,2,2,8,0,0,8,10,291,48714,0,357,357,1426,0,0,1426,1783,50497
Dec-2006,185,15,0,15,0,0,0,0,15,200,32994,1921,0,1921,0,0,0,0,1921,34915
Jan-2007,195,19,28,47,4,0,0,4,51,246,33989,1714,6000,7714,500,0,0,500,8214,42203
Feb-2007,180,22,0,22,4,0,0,4,26,206,33851,2535,0,2535,500,0,0,500,3035,36886
Mar-2007,211,27,5,32,4,0,0,4,36,247,40839,3115,1000,4115,500,0,0,500,4615,45454
Apr-2007,207,10,3,13,0,0,0,0,13,220,37030,1570,450,2020,0,0,0,0,2020,39050
May-2007,212,83,0,83,0,0,0,0,83,295,45063,12574,0,12574,0,0,0,0,12574,57637
Jun-2007,197,22,0,22,5,0,0,5,27,224,35624,3380,0,3380,816,0,0,816,4196,39820
Jul-2007,182,18,0,18,5,0,0,5,23,205,36553,2552,0,2552,990,0,0,990,3542,40094
Aug-2007,204,31,0,31,0,0,0,0,31,235,38856,3821,0,3821,0,0,0,0,3821,42677
Sep-2007,235,19,0,19,2,0,0,2,21,256,51821,2228,0,2228,280,0,0,280,2508,54329
Oct-2007,210,24,0,24,13,0,0,13,37,247,41735,3322,0,3322,1490,0,0,1490,4812,46547
Nov-2007,223,24,6,30,0,0,0,0,30,253,43242,2944,1104,4048,0,0,0,0,4048,47290
Dec-2007,199,39,5,44,12,0,0,12,56,255,39650,6161,928,7089,1593,0,0,1593,8682,48332
Jan-2008,204,23,4,27,3,0,0,3,30,234,40458,2781,3100,5881,430,0,0,430,6311,46769
Feb-2008,243,15,5,20,0,0,0,0,20,263,47272,1843,1070,2913,0,0,0,0,2913,50185
Mar-2008,169,28,2,30,7,0,0,7,37,206,34982,3745,568,4313,70,0,0,70,4383,39365
Apr-2008,246,17,0,17,6,0,0,6,23,269,48428,2120,0,2120,970,0,0,970,3090,51518
May-2008,269,8,0,8,30,0,0,30,38,307,55884,980,0,980,3500,0,0,3500,4480,60364
Jun-2008,162,14,0,14,0,0,0,0,14,176,36050,1880,0,1880,0,0,0,0,1880,37930
Jul-2008,317,40,12,52,2,0,0,2,54,371,65615,6546,1400,7946,280,0,0,280,8226,73841
Aug-2008,214,22,0,22,11,0,0,11,33,247,41506,3412,0,3412,1350,0,0,1350,4762,46268
Sep-2008,222,20,9,29,17,0,0,17,46,268,47287,2130,1875,4005,2443,0,0,2443,6448,53735
Oct-2008,217,16,11,27,40,0,0,40,67,284,45254,2239,1520,3759,5537,0,0,5537,9296,54550
Nov-2008,192,53,2,55,0,10,0,10,65,257,41230,12370,580,12950,0,3877,0,3877,16827,58057
Dec-2008,168,35,0,35,0,9,0,9,44,212,32853,4273,0,4273,0,7500,0,7500,11773,44626
Jan-2009,166,52,4,56,0,0,0,0,56,222,35417,5978,1317,7295,0,0,0,0,7295,42712
Feb-2009,158,40,4,44,11,0,0,11,55,213,31452,5150,660,5810,1760,0,0,1760,7570,39022
Mar-2009,223,18,0,18,2,0,0,2,20,243,47409,3380,0,3380,435,0,0,435,3815,51224
Apr-2009,220,4,0,4,0,0,0,0,4,224,42608,680,0,680,0,0,0,0,680,43288
May-2009,269,55,0,55,4,0,0,4,59,328,55442,8347,0,8347,420,0,0,420,8767,64209
Jun-2009,256,34,0,34,14,0,0,14,48,304,52209,4249,0,4249,1240,0,0,1240,5489,57699
Jul-2009,206,11,4,15,31,0,0,31,46,252,44016,1410,888,2298,4413,0,0,4413,6711,50727
Aug-2009,228,66,5,71,0,0,0,0,71,299,52027,8336,1058,9394,0,0,0,0,9394,61421
Sep-2009,284,64,2,66,0,0,0,0,66,350,60013,8518,350,8868,0,0,0,0,8868,68881
Oct-2009,230,57,6,63,47,0,0,47,110,340,49701,9395,1169,10564,10010,0,0,10010,20574,70274
Nov-2009,235,25,0,25,3,0,0,3,28,263,50074,4045,0,4045,360,0,0,360,4405,54479
Dec-2009,262,49,10,59,17,0,0,17,76,338,56446,7075,1000,8075,2360,0,0,2360,10435,66881
Jan-2010,182,18,4,22,4,0,0,4,26,208,38753,2269,991,3260,460,0,0,460,3720,42473
Feb-2010,216,23,0,23,17,0,0,17,40,256,47416,3380,0,3380,4534,0,0,4534,7914,55330
Mar-2010,193,69,14,83,6,0,0,6,89,282,43618,10735,2850,13585,1010,0,0,1010,14595,58213
Apr-2010,176,40,17,57,3,0,0,3,60,236,39147,5923,4238,10161,220,0,0,220,10381,49528
May-2010,193,26,0,26,4,0,0,4,30,223,42304,4937,0,4937,582,0,0,582,5519,47823
Jun-2010,219,36,4,40,40,0,0,40,80,299,46605,6699,830,7529,6355,0,0,6355,13884,60489
Jul-2010,195,53,18,71,3,0,45,48,119,314,42983,7953,2555,10508,500,0,9785,10285,20793,63776
Aug-2010,184,71,4,75,4,0,0,4,79,263,42262,9135,580,9715,605,0,0,605,10320,52582
Sep-2010,182,63,3,66,18,0,0,18,84,266,39666,9255,500,9755,4500,0,0,4500,14255,53921
Oct-2010,186,59,3,62,5,30,0,35,97,283,42719,8881,600,9481,1000,6900,0,7900,17381,60100
Nov-2010,185,29,0,29,0,0,50,50,79,264,41329,4331,0,4331,0,0,15801,15801,20132,61461
Dec-2010,193,51,13,64,0,0,0,0,64,257,42970,7648,2400,10048,0,0,0,0,10048,53018
Jan-2011,132,12,0,12,0,0,0,0,12,144,31597,1709,0,1709,0,0,0,0,1709,33305
Feb-2011,194,48,2,50,8,0,0,8,58,252,45157,6731,300,7031,1500,0,0,1500,8531,53688
Mar-2011,241,27,4,31,22,0,0,22,53,294,56430,4989,500,5489,6500,0,0,6500,11989,68419
Apr-2011,156,15,28,43,12,0,0,12,55,211,34312,1846,5960,7806,2350,0,0,2350,10156,44468
May-2011,186,66,10,76,2,0,26,28,104,290,45892,10650,1490,12140,350,0,4280,4630,16770,62662
Jun-2011,189,31,2,33,11,6,0,17,50,239,41220,5952,300,6252,1155,4500,0,5655,11907,53127
Jul-2011,138,25,0,25,18,0,0,18,43,181,33880,3887,0,3887,1200,0,0,1200,5087,38967
Aug-2011,203,19,0,19,0,0,0,0,19,222,48735,4205,0,4205,0,0,0,0,4205,52940
Sep-2011,173,25,0,25,11,0,0,11,36,209,39776,3420,0,3420,1435,0,0,1435,4855,44630
Oct-2011,130,12,2,14,17,0,0,17,31,161,28762,2195,280,2475,2171,0,0,2171,4647,33409
Nov-2011,123,27,3,30,3,0,0,3,33,156,32716,3872,900,4772,360,0,0,360,5132,37848
Dec-2011,156,10,0,10,10,0,0,10,20,176,35900,1776,0,1776,1499,0,0,1499,3275,39175
Jan-2012,124,9,3,12,4,0,0,4,16,140,32407,1320,600,1920,479,0,0,479,2399,34806
Feb-2012,148,22,0,22,18,0,0,18,40,188,33810,3548,0,3548,1984,0,0,1984,5532,39342
Mar-2012,149,16,0,16,4,0,0,4,20,169,34370,2104,0,2104,750,0,0,750,2854,37224
Apr-2012,110,2,0,2,17,28,0,45,47,157,25904,311,0,311,2983,4000,0,6983,7294,33198
May-2012,139,14,0,14,25,0,0,25,39,178,38277,2125,0,2125,4051,0,0,4051,6175,44452
Jun-2012,124,23,0,23,15,0,0,15,38,162,29667,3930,0,3930,3091,0,0,3091,7021,36688
Jul-2012,131,6,0,6,53,0,0,53,59,190,30923,851,0,851,9063,0,0,9063,9914,40837
Aug-2012,139,30,4,34,10,0,0,10,44,183,30712,5450,600,6050,1556,0,0,1556,7606,38317
Sep-2012,140,0,0,0,15,0,0,15,15,155,30759,0,0,0,2719,0,0,2719,2719,33478
Oct-2012,169,12,0,12,2,0,0,2,14,183,39062,2089,0,2089,380,0,0,380,2469,41531
Nov-2012,137,8,0,8,20,0,0,20,28,165,30638,1140,0,1140,3318,0,0,3318,4458,35095
Dec-2012,93,10,0,10,11,0,0,11,21,114,20388,2074,0,2074,1709,0,0,1709,3783,24171
Jan-2013,120,2,2,4,4,0,0,4,8,128,28002,413,250,663,650,0,0,650,1313,29315
Feb-2013,106,2,3,5,20,0,0,20,25,131,24143,308,600,908,3380,0,0,3380,4288,28430
Mar-2013,104,11,0,11,6,0,0,6,17,121,24564,1531,0,1531,1023,0,0,1023,2554,27117
Apr-2013,114,27,0,27,61,0,0,61,88,202,27697,3912,0,3912,11949,0,0,11949,15861,43557
May-2013,123,5,2,7,13,0,0,13,20,143,30890,700,500,1200,2533,0,0,2533,3733,34623
Jun-2013,119,11,0,11,26,0,0,26,37,156,29298,1536,0,1536,3862,0,0,3862,5398,34696
Jul-2013,157,4,0,4,34,0,0,34,38,195,37641,600,0,600,6116,0,0,6116,6716,44356
Aug-2013,161,8,21,29,2,0,0,2,31,192,35204,1180,6550,7730,300,0,0,300,8030,43234
Sep-2013,124,8,2,10,3,0,0,3,13,137,28378,1178,350,1528,576,0,0,576,2104,30482
Oct-2013,165,25,0,25,10,0,0,10,35,200,37259,3774,0,3774,1463,0,0,1463,5237,42496
Nov-2013,121,16,0,16,2,0,0,2,18,139,29950,2641,0,2641,200,0,0,200,2841,32791
Dec-2013,104,13,0,13,15,0,0,15,28,132,25504,1836,0,1836,1950,0,0,1950,3786,29290
Jan-2014,132,12,0,12,0,0,0,0,12,144,36511,2024,0,2024,0,0,0,0,2024,38535
Feb-2014,135,18,0,18,2,0,0,2,20,155,30525,2702,0,2702,280,0,0,280,2982,33508
Mar-2014,154,40,0,40,30,0,0,30,70,224,37003,4710,0,4710,3604,0,0,3604,8314,45317
Apr-2014,154,6,0,6,37,0,0,37,43,197,36271,1048,0,1048,4800,0,0,4800,5848,42119
May-2014,227,8,2,10,7,0,0,7,17,244,52577,943,221,1164,1150,0,0,1150,2314,54891
Jun-2014,169,12,0,12,22,0,0,22,34,203,41911,1852,0,1852,3345,0,0,3345,5197,47108
Jul-2014,175,13,2,15,27,0,0,27,42,217,43326,2076,500,2576,4722,0,0,4722,7298,50623
Aug-2014,181,4,2,6,8,0,0,8,14,195,42849,600,575,1175,1608,0,0,1608,2783,45632
Sep-2014,186,10,0,10,14,0,0,14,24,210,43770,1308,0,1308,2255,0,0,2255,3563,47332
Oct-2014,220,7,6,13,36,0,0,36,49,269,50790,1107,1410,2517,5679,0,0,5679,8196,58985
Nov-2014,179,38,2,40,20,0,0,20,60,239,42489,5742,390,6132,2458,0,0,2458,8590,51079
Dec-2014,210,8,2,10,7,0,0,7,17,227,47945,1105,260,1365,1180,0,0,1180,2545,50490
Jan-2015,145,7,0,7,18,0,0,18,25,170,37764,1045,0,1045,2860,0,0,2860,3905,41669
Feb-2015,181,10,0,10,4,0,0,4,14,195,43713,1226,0,1226,1100,0,0,1100,2326,46039
Mar-2015,225,39,9,48,38,0,24,62,110,335,51829,7886,1300,9186,4733,0,7500,12233,21420,73248
Apr-2015,230,9,0,9,27,0,0,27,36,266,54543,1594,0,1594,4595,0,0,4595,6189,60732
May-2015,224,8,3,11,10,0,0,10,21,245,55630,1397,600,1997,1545,0,0,1545,3542,59172
Jun-2015,240,17,4,21,12,0,0,12,33,273,57240,3702,1200,4902,1685,0,0,1685,6587,63827
Jul-2015,166,20,7,27,3,0,0,3,30,196,40723,3817,1982,5799,420,0,0,420,6219,46941
Aug-2015,187,12,2,14,12,0,4,16,30,217,50123,1768,518,2286,2082,0,2100,4182,6468,56592
Sep-2015,187,69,0,69,7,0,0,7,76,263,46143,11220,0,11220,1174,0,0,1174,12394,58537
Oct-2015,167,2,0,2,5,0,0,5,7,174,42079,380,0,380,705,0,0,705,1085,43164
Nov-2015,168,37,2,39,12,0,0,12,51,219,42700,6061,415,6476,2400,0,0,2400,8876,51576
Dec-2015,175,12,4,16,7,6,0,13,29,204,45418,1550,680,2230,1155,2300,0,3455,5685,51103
Jan-2016,144,4,0,4,5,0,0,5,9,153,36156,530,0,530,1300,0,0,1300,1830,37986
Feb-2016,179,41,2,43,4,0,0,4,47,226,46959,6827,446,7272,597,0,0,597,7869,54828
Mar-2016,167,12,4,16,0,0,0,0,16,183,38602,1850,725,2575,0,0,0,0,2575,41177
Apr-2016,180,12,8,20,4,0,0,4,24,204,48708,1836,1199,3035,620,0,0,620,3655,52363
May-2016,182,26,4,30,0,0,0,0,30,212,49463,3571,1100,4671,0,0,0,0,4671,54134
Jun-2016,141,4,14,18,0,0,0,0,18,159,38090,640,2852,3492,0,0,0,0,3492,41582
Jul-2016,140,0,2,2,5,0,0,5,7,147,37585,0,440,440,630,0,0,630,1070,38655
Aug-2016,174,10,0,10,0,0,0,0,10,184,46472,1675,0,1675,0,0,0,0,1675,48147
Sep-2016,144,11,0,11,0,0,0,0,11,155,36699,2344,0,2344,0,0,0,0,2344,39043
Oct-2016,137,11,0,11,10,0,0,10,21,158,37659,1970,0,1970,1370,0,0,1370,3340,40999
Nov-2016,160,6,0,6,0,0,0,0,6,166,40918,922,0,922,0,0,0,0,922,41841
Dec-2016,171,13,0,13,10,0,0,10,23,194,43750,1954,0,1954,2265,0,0,2265,4219,47969
Jan-2017,107,17,28,45,2,0,0,2,47,154,27294,2848,8340,11188,510,0,0,510,11698,38992
Feb-2017,118,40,22,62,0,0,0,0,62,180,32325,11343,4000,15343,0,0,0,0,15343,47668
Mar-2017,144,23,11,34,53,0,0,53,87,231,37484,4100,1800,5900,11049,0,0,11049,16949,54433
Apr-2017,139,12,6,18,15,0,0,15,33,172,39494,1939,1700,3639,3677,0,0,3677,7316,46811
May-2017,228,27,10,37,0,0,0,0,37,265,58369,4897,2950,7847,0,0,0,0,7847,66216
Jun-2017,185,29,0,29,0,0,0,0,29,214,48099,5631,0,5631,0,0,0,0,5631,53730
Jul-2017,148,12,2,14,0,0,0,0,14,162,38031,2587,478,3064,0,0,0,0,3064,41095
Aug-2017,226,25,2,27,0,0,0,0,27,253,60151,4856,415,5271,0,0,0,0,5271,65422
Sep-2017,174,44,29,73,4,0,0,4,77,251,44977,8260,11220,19480,764,0,0,764,20244,65221
Oct-2017,211,16,22,38,2,0,0,2,40,251,52156,2639,6550,9189,700,0,0,700,9889,62045
Nov-2017,239,23,4,27,24,0,0,24,51,290,66261,4239,1450,5689,5000,0,0,5000,10689,76950
Dec-2017,189,9,29,38,0,0,16,16,54,243,45790,1517,7293,8810,0,0,4900,4900,13710,59500
Jan-2018,180,32,0,32,0,0,0,0,32,212,49720,6400,0,6400,0,0,0,0,6400,56119
Feb-2018,179,13,0,13,0,0,0,0,13,192,51515,2188,0,2188,0,0,0,0,2188,53703
Mar-2018,207,2,0,2,0,0,0,0,2,209,54815,300,0,300,0,0,0,0,300,55115
Apr-2018,191,2,28,30,0,0,0,0,30,221,50812,1200,4300,5500,0,0,0,0,5500,56312
May-2018,255,24,4,28,0,0,0,0,28,283,69174,6831,1080,7911,0,0,0,0,7911,77085
Jun-2018,251,0,19,19,0,0,0,0,19,270,67354,0,2550,2550,0,0,0,0,2550,69904
Jul-2018,262,2,10,12,0,0,0,0,12,274,68541,470,3055,3525,0,0,0,0,3525,72066
Aug-2018,260,0,0,0,0,0,0,0,0,260,80215,0,0,0,0,0,0,0,0,80215
Sep-2018,236,7,0,7,0,0,0,0,7,243,63360,889,0,889,0,0,0,0,889,64249
Oct-2018,249,16,2,18,0,0,0,0,18,267,69807,2836,501,3337,0,0,0,0,3337,73144
Nov-2018,329,18,2,20,0,0,0,0,20,349,84922,2920,350,3270,0,0,0,0,3270,88192
Dec-2018,199,8,2,10,0,0,16,16,26,225,53898,1504,449,1952,0,0,6571,6571,8523,62421
Jan-2019,222,8,0,8,0,0,30,30,38,260,59323,2332,0,2332,0,0,10749,10749,13081,72404
Feb-2019,218,0,0,0,0,6,0,6,6,224,62827,0,0,0,0,5190,0,5190,5190,68017
Mar-2019,248,19,31,50,0,0,0,0,50,298,71240,4194,9284,13478,0,0,0,0,13478,84718
Apr-2019,243,24,0,24,0,0,0,0,24,267,66741,7570,0,7570,0,0,0,0,7570,74311
May-2019,225,13,12,25,0,0,0,0,25,250,64427,2032,2400,4432,0,0,0,0,4432,68859
Jun-2019,192,3,0,3,10,0,0,10,13,205,54253,240,0,240,2800,0,0,2800,3040,57293
Jul-2019,267,2,0,2,0,0,0,0,2,269,74101,330,0,330,0,0,0,0,330,74431
Aug-2019,268,8,18,26,0,0,0,0,26,294,69008,1400,4500,5900,0,0,0,0,5900,74908
Sep-2019,247,0,0,0,0,16,0,16,16,263,73328,0,0,0,0,6600,0,6600,6600,79928
Oct-2019,243,17,4,21,0,0,25,25,46,289,73009,2490,904,3394,0,0,10196,10196,13590,86599
Nov-2019,216,59,4,63,0,0,0,0,63,279,57280,12490,988,13478,0,0,0,0,13478,70758
Dec-2019,190,4,2,6,0,22,0,22,28,218,51146,700,770,1470,0,12000,0,12000,13470,64616
Jan-2020,194,0,0,0,0,0,0,0,0,194,55072,0,0,0,0,0,0,0,0,55072
Feb-2020,237,0,0,0,0,0,0,0,0,237,68155,0,0,0,0,0,0,0,0,68155
Mar-2020,307,8,0,8,15,0,0,15,23,330,88532,1100,0,1100,7800,0,0,7800,8900,97432
Apr-2020,279,10,0,10,0,0,0,0,10,289,78001,1550,0,1550,0,0,0,0,1550,79551
May-2020,233,6,0,6,0,0,0,0,6,239,67240,900,0,900,0,0,0,0,900,68140
Jun-2020,249,0,0,0,0,0,0,0,0,249,76392,0,0,0,0,0,0,0,0,76392
Jul-2020,293,17,4,21,14,0,0,14,35,328,88023,5500,600,6100,4287,0,0,4287,10387,98410
Aug-2020,245,0,0,0,0,0,0,0,0,245,69908,0,0,0,0,0,0,0,0,69908