,Total number of dwelling units ;  Northern Territory ;  New ;  Houses ;,"Total number of dwelling units ;  Northern Territory ;  New ;  Semi-detached, row or terrace houses, townhouses - One storey ;","Total number of dwelling units ;  Northern Territory ;  New ;  Semi-detached, row or terrace houses, townhouses - Two or more storeys ;","Total number of dwelling units ;  Northern Territory ;  New ;  Semi-detached, row or terrace houses, townhouses - Total ;",Total number of dwelling units ;  Northern Territory ;  New ;  Flats units or apartments - In a one or two storey block ;,Total number of dwelling units ;  Northern Territory ;  New ;  Flats units or apartments - In a three storey block ;,Total number of dwelling units ;  Northern Territory ;  New ;  Flats units or apartments - In a four or more storey block ;,Total number of dwelling units ;  Northern Territory ;  New ;  Flats units or apartments - Total including those attached to a house ;,Total number of dwelling units ;  Northern Territory ;  New ;  Total Other Residential ;,Total number of dwelling units ;  Northern Territory ;  New ;  Total Residential ;,Total value of building jobs ;  Northern Territory ;  New ;  Houses ;,"Total value of building jobs ;  Northern Territory ;  New ;  Semi-detached, row or terrace houses, townhouses - One storey ;","Total value of building jobs ;  Northern Territory ;  New ;  Semi-detached, row or terrace houses, townhouses - Two or more storeys ;","Total value of building jobs ;  Northern Territory ;  New ;  Semi-detached, row or terrace houses, townhouses - Total ;",Total value of building jobs ;  Northern Territory ;  New ;  Flats units or apartments - In a one or two storey block ;,Total value of building jobs ;  Northern Territory ;  New ;  Flats units or apartments - In a three storey block ;,Total value of building jobs ;  Northern Territory ;  New ;  Flats units or apartments - In a four or more storey block ;,Total value of building jobs ;  Northern Territory ;  New ;  Flats units or apartments - Total including those attached to a house ;,Total value of building jobs ;  Northern Territory ;  New ;  Total Other Residential ;,Total value of building jobs ;  Northern Territory ;  New ;  Total Residential ;
Unit,Number,Number,Number,Number,Number,Number,Number,Number,Number,Number,$'000,$'000,$'000,$'000,$'000,$'000,$'000,$'000,$'000,$'000
Series Type,Original,Original,Original,Original,Original,Original,Original,Original,Original,Original,Original,Original,Original,Original,Original,Original,Original,Original,Original,Original
Data Type,FLOW,FLOW,FLOW,FLOW,FLOW,FLOW,FLOW,FLOW,FLOW,FLOW,FLOW,FLOW,FLOW,FLOW,FLOW,FLOW,FLOW,FLOW,FLOW,FLOW
Frequency,Month,Month,Month,Month,Month,Month,Month,Month,Month,Month,Month,Month,Month,Month,Month,Month,Month,Month,Month,Month
Collection Month,1,1,1,1,1,1,1,1,1,1,1,1,1,1,1,1,1,1,1,1
Series Start,Jul-1970,Jul-1991,Jul-1991,Jul-1991,Jul-1991,Jul-1991,Jul-1991,Jul-1991,Jul-1970,Jan-1956,Jul-1970,Jul-1991,Jul-1991,Jul-1991,Jul-1991,Jul-1991,Jul-1991,Jul-1991,Jul-1970,Jul-1970
Series End,Aug-2020,Aug-2020,Aug-2020,Aug-2020,Aug-2020,Aug-2020,Aug-2020,Aug-2020,Aug-2020,Aug-2020,Aug-2020,Aug-2020,Aug-2020,Aug-2020,Aug-2020,Aug-2020,Aug-2020,Aug-2020,Aug-2020,Aug-2020
No. Obs,602,350,350,350,350,350,350,350,602,776,602,350,350,350,350,350,350,350,602,602
Series ID,A418986F,A416289L,A423400F,A416928W,A424039W,A424591A,A425176K,A417579C,A419674L,A420416V,A418988K,A416291X,A423402K,A416930J,A424041J,A424593F,A425178R,A417581R,A419676T,A420418X
Jan-1956,,,,,,,,,,10,,,,,,,,,,
Feb-1956,,,,,,,,,,11,,,,,,,,,,
Mar-1956,,,,,,,,,,4,,,,,,,,,,
Apr-1956,,,,,,,,,,32,,,,,,,,,,
May-1956,,,,,,,,,,19,,,,,,,,,,
Jun-1956,,,,,,,,,,12,,,,,,,,,,
Jul-1956,,,,,,,,,,24,,,,,,,,,,
Aug-1956,,,,,,,,,,15,,,,,,,,,,
Sep-1956,,,,,,,,,,13,,,,,,,,,,
Oct-1956,,,,,,,,,,15,,,,,,,,,,
Nov-1956,,,,,,,,,,26,,,,,,,,,,
Dec-1956,,,,,,,,,,4,,,,,,,,,,
Jan-1957,,,,,,,,,,6,,,,,,,,,,
Feb-1957,,,,,,,,,,5,,,,,,,,,,
Mar-1957,,,,,,,,,,9,,,,,,,,,,
Apr-1957,,,,,,,,,,13,,,,,,,,,,
May-1957,,,,,,,,,,18,,,,,,,,,,
Jun-1957,,,,,,,,,,16,,,,,,,,,,
Jul-1957,,,,,,,,,,19,,,,,,,,,,
Aug-1957,,,,,,,,,,15,,,,,,,,,,
Sep-1957,,,,,,,,,,25,,,,,,,,,,
Oct-1957,,,,,,,,,,10,,,,,,,,,,
Nov-1957,,,,,,,,,,48,,,,,,,,,,
Dec-1957,,,,,,,,,,34,,,,,,,,,,
Jan-1958,,,,,,,,,,43,,,,,,,,,,
Feb-1958,,,,,,,,,,46,,,,,,,,,,
Mar-1958,,,,,,,,,,28,,,,,,,,,,
Apr-1958,,,,,,,,,,21,,,,,,,,,,
May-1958,,,,,,,,,,18,,,,,,,,,,
Jun-1958,,,,,,,,,,14,,,,,,,,,,
Jul-1958,,,,,,,,,,23,,,,,,,,,,
Aug-1958,,,,,,,,,,9,,,,,,,,,,
Sep-1958,,,,,,,,,,48,,,,,,,,,,
Oct-1958,,,,,,,,,,19,,,,,,,,,,
Nov-1958,,,,,,,,,,11,,,,,,,,,,
Dec-1958,,,,,,,,,,42,,,,,,,,,,
Jan-1959,,,,,,,,,,39,,,,,,,,,,
Feb-1959,,,,,,,,,,52,,,,,,,,,,
Mar-1959,,,,,,,,,,21,,,,,,,,,,
Apr-1959,,,,,,,,,,61,,,,,,,,,,
May-1959,,,,,,,,,,19,,,,,,,,,,
Jun-1959,,,,,,,,,,30,,,,,,,,,,
Jul-1959,,,,,,,,,,28,,,,,,,,,,
Aug-1959,,,,,,,,,,23,,,,,,,,,,
Sep-1959,,,,,,,,,,22,,,,,,,,,,
Oct-1959,,,,,,,,,,51,,,,,,,,,,
Nov-1959,,,,,,,,,,33,,,,,,,,,,
Dec-1959,,,,,,,,,,30,,,,,,,,,,
Jan-1960,,,,,,,,,,36,,,,,,,,,,
Feb-1960,,,,,,,,,,64,,,,,,,,,,
Mar-1960,,,,,,,,,,42,,,,,,,,,,
Apr-1960,,,,,,,,,,12,,,,,,,,,,
May-1960,,,,,,,,,,43,,,,,,,,,,
Jun-1960,,,,,,,,,,56,,,,,,,,,,
Jul-1960,,,,,,,,,,35,,,,,,,,,,
Aug-1960,,,,,,,,,,19,,,,,,,,,,
Sep-1960,,,,,,,,,,12,,,,,,,,,,
Oct-1960,,,,,,,,,,26,,,,,,,,,,
Nov-1960,,,,,,,,,,9,,,,,,,,,,
Dec-1960,,,,,,,,,,26,,,,,,,,,,
Jan-1961,,,,,,,,,,73,,,,,,,,,,
Feb-1961,,,,,,,,,,74,,,,,,,,,,
Mar-1961,,,,,,,,,,21,,,,,,,,,,
Apr-1961,,,,,,,,,,49,,,,,,,,,,
May-1961,,,,,,,,,,34,,,,,,,,,,
Jun-1961,,,,,,,,,,12,,,,,,,,,,
Jul-1961,,,,,,,,,,13,,,,,,,,,,
Aug-1961,,,,,,,,,,30,,,,,,,,,,
Sep-1961,,,,,,,,,,12,,,,,,,,,,
Oct-1961,,,,,,,,,,60,,,,,,,,,,
Nov-1961,,,,,,,,,,45,,,,,,,,,,
Dec-1961,,,,,,,,,,30,,,,,,,,,,
Jan-1962,,,,,,,,,,42,,,,,,,,,,
Feb-1962,,,,,,,,,,81,,,,,,,,,,
Mar-1962,,,,,,,,,,60,,,,,,,,,,
Apr-1962,,,,,,,,,,24,,,,,,,,,,
May-1962,,,,,,,,,,31,,,,,,,,,,
Jun-1962,,,,,,,,,,43,,,,,,,,,,
Jul-1962,,,,,,,,,,10,,,,,,,,,,
Aug-1962,,,,,,,,,,70,,,,,,,,,,
Sep-1962,,,,,,,,,,23,,,,,,,,,,
Oct-1962,,,,,,,,,,93,,,,,,,,,,
Nov-1962,,,,,,,,,,23,,,,,,,,,,
Dec-1962,,,,,,,,,,28,,,,,,,,,,
Jan-1963,,,,,,,,,,6,,,,,,,,,,
Feb-1963,,,,,,,,,,39,,,,,,,,,,
Mar-1963,,,,,,,,,,29,,,,,,,,,,
Apr-1963,,,,,,,,,,21,,,,,,,,,,
May-1963,,,,,,,,,,32,,,,,,,,,,
Jun-1963,,,,,,,,,,49,,,,,,,,,,
Jul-1963,,,,,,,,,,112,,,,,,,,,,
Aug-1963,,,,,,,,,,49,,,,,,,,,,
Sep-1963,,,,,,,,,,47,,,,,,,,,,
Oct-1963,,,,,,,,,,17,,,,,,,,,,
Nov-1963,,,,,,,,,,41,,,,,,,,,,
Dec-1963,,,,,,,,,,31,,,,,,,,,,
Jan-1964,,,,,,,,,,99,,,,,,,,,,
Feb-1964,,,,,,,,,,56,,,,,,,,,,
Mar-1964,,,,,,,,,,20,,,,,,,,,,
Apr-1964,,,,,,,,,,19,,,,,,,,,,
May-1964,,,,,,,,,,104,,,,,,,,,,
Jun-1964,,,,,,,,,,17,,,,,,,,,,
Jul-1964,,,,,,,,,,46,,,,,,,,,,
Aug-1964,,,,,,,,,,32,,,,,,,,,,
Sep-1964,,,,,,,,,,124,,,,,,,,,,
Oct-1964,,,,,,,,,,22,,,,,,,,,,
Nov-1964,,,,,,,,,,231,,,,,,,,,,
Dec-1964,,,,,,,,,,62,,,,,,,,,,
Jan-1965,,,,,,,,,,78,,,,,,,,,,
Feb-1965,,,,,,,,,,76,,,,,,,,,,
Mar-1965,,,,,,,,,,155,,,,,,,,,,
Apr-1965,,,,,,,,,,14,,,,,,,,,,
May-1965,,,,,,,,,,41,,,,,,,,,,
Jun-1965,,,,,,,,,,58,,,,,,,,,,
Jul-1965,,,,,,,,,,16,,,,,,,,,,
Aug-1965,,,,,,,,,,49,,,,,,,,,,
Sep-1965,,,,,,,,,,40,,,,,,,,,,
Oct-1965,,,,,,,,,,151,,,,,,,,,,
Nov-1965,,,,,,,,,,28,,,,,,,,,,
Dec-1965,,,,,,,,,,28,,,,,,,,,,
Jan-1966,,,,,,,,,,45,,,,,,,,,,
Feb-1966,,,,,,,,,,27,,,,,,,,,,
Mar-1966,,,,,,,,,,120,,,,,,,,,,
Apr-1966,,,,,,,,,,35,,,,,,,,,,
May-1966,,,,,,,,,,61,,,,,,,,,,
Jun-1966,,,,,,,,,,149,,,,,,,,,,
Jul-1966,,,,,,,,,,11,,,,,,,,,,
Aug-1966,,,,,,,,,,49,,,,,,,,,,
Sep-1966,,,,,,,,,,16,,,,,,,,,,
Oct-1966,,,,,,,,,,215,,,,,,,,,,
Nov-1966,,,,,,,,,,11,,,,,,,,,,
Dec-1966,,,,,,,,,,171,,,,,,,,,,
Jan-1967,,,,,,,,,,26,,,,,,,,,,
Feb-1967,,,,,,,,,,66,,,,,,,,,,
Mar-1967,,,,,,,,,,24,,,,,,,,,,
Apr-1967,,,,,,,,,,154,,,,,,,,,,
May-1967,,,,,,,,,,63,,,,,,,,,,
Jun-1967,,,,,,,,,,94,,,,,,,,,,
Jul-1967,,,,,,,,,,21,,,,,,,,,,
Aug-1967,,,,,,,,,,52,,,,,,,,,,
Sep-1967,,,,,,,,,,17,,,,,,,,,,
Oct-1967,,,,,,,,,,74,,,,,,,,,,
Nov-1967,,,,,,,,,,60,,,,,,,,,,
Dec-1967,,,,,,,,,,113,,,,,,,,,,
Jan-1968,,,,,,,,,,80,,,,,,,,,,
Feb-1968,,,,,,,,,,190,,,,,,,,,,
Mar-1968,,,,,,,,,,277,,,,,,,,,,
Apr-1968,,,,,,,,,,184,,,,,,,,,,
May-1968,,,,,,,,,,64,,,,,,,,,,
Jun-1968,,,,,,,,,,204,,,,,,,,,,
Jul-1968,,,,,,,,,,28,,,,,,,,,,
Aug-1968,,,,,,,,,,81,,,,,,,,,,
Sep-1968,,,,,,,,,,163,,,,,,,,,,
Oct-1968,,,,,,,,,,82,,,,,,,,,,
Nov-1968,,,,,,,,,,46,,,,,,,,,,
Dec-1968,,,,,,,,,,116,,,,,,,,,,
Jan-1969,,,,,,,,,,192,,,,,,,,,,
Feb-1969,,,,,,,,,,146,,,,,,,,,,
Mar-1969,,,,,,,,,,112,,,,,,,,,,
Apr-1969,,,,,,,,,,117,,,,,,,,,,
May-1969,,,,,,,,,,178,,,,,,,,,,
Jun-1969,,,,,,,,,,79,,,,,,,,,,
Jul-1969,,,,,,,,,,155,,,,,,,,,,
Aug-1969,,,,,,,,,,179,,,,,,,,,,
Sep-1969,,,,,,,,,,166,,,,,,,,,,
Oct-1969,,,,,,,,,,69,,,,,,,,,,
Nov-1969,,,,,,,,,,94,,,,,,,,,,
Dec-1969,,,,,,,,,,1020,,,,,,,,,,
Jan-1970,,,,,,,,,,121,,,,,,,,,,
Feb-1970,,,,,,,,,,77,,,,,,,,,,
Mar-1970,,,,,,,,,,96,,,,,,,,,,
Apr-1970,,,,,,,,,,88,,,,,,,,,,
May-1970,,,,,,,,,,145,,,,,,,,,,
Jun-1970,,,,,,,,,,324,,,,,,,,,,
Jul-1970,12,,,,,,,,16,28,210,,,,,,,,102,312
Aug-1970,56,,,,,,,,22,78,837,,,,,,,,171,1008
Sep-1970,60,,,,,,,,4,64,1012,,,,,,,,24,1036
Oct-1970,188,,,,,,,,71,259,2162,,,,,,,,708,2870
Nov-1970,65,,,,,,,,2,67,1054,,,,,,,,10,1064
Dec-1970,8,,,,,,,,10,18,138,,,,,,,,76,214
Jan-1971,10,,,,,,,,25,35,196,,,,,,,,211,407
Feb-1971,21,,,,,,,,0,21,408,,,,,,,,0,408
Mar-1971,363,,,,,,,,17,380,4650,,,,,,,,172,4822
Apr-1971,44,,,,,,,,16,60,760,,,,,,,,194,954
May-1971,111,,,,,,,,29,140,1746,,,,,,,,292,2038
Jun-1971,185,,,,,,,,35,220,2610,,,,,,,,282,2892
Jul-1971,8,,,,,,,,31,39,118,,,,,,,,515,633
Aug-1971,73,,,,,,,,140,213,1205,,,,,,,,1634,2839
Sep-1971,126,,,,,,,,23,149,1615,,,,,,,,244,1859
Oct-1971,51,,,,,,,,75,126,986,,,,,,,,695,1681
Nov-1971,35,,,,,,,,31,66,497,,,,,,,,258,755
Dec-1971,35,,,,,,,,46,81,565,,,,,,,,413,978
Jan-1972,195,,,,,,,,38,233,2814,,,,,,,,315,3129
Feb-1972,124,,,,,,,,49,173,1985,,,,,,,,475,2460
Mar-1972,87,,,,,,,,41,128,1393,,,,,,,,325,1718
Apr-1972,70,,,,,,,,109,179,1301,,,,,,,,913,2214
May-1972,95,,,,,,,,53,148,1691,,,,,,,,551,2242
Jun-1972,33,,,,,,,,3,36,490,,,,,,,,27,517
Jul-1972,32,,,,,,,,73,105,637,,,,,,,,722,1359
Aug-1972,90,,,,,,,,16,106,1539,,,,,,,,143,1682
Sep-1972,34,,,,,,,,44,78,608,,,,,,,,435,1043
Oct-1972,99,,,,,,,,40,139,1489,,,,,,,,413,1902
Nov-1972,122,,,,,,,,68,190,1917,,,,,,,,767,2684
Dec-1972,57,,,,,,,,22,79,919,,,,,,,,225,1144
Jan-1973,69,,,,,,,,14,83,1541,,,,,,,,194,1735
Feb-1973,102,,,,,,,,20,122,1568,,,,,,,,254,1822
Mar-1973,113,,,,,,,,73,186,1916,,,,,,,,852,2768
Apr-1973,26,,,,,,,,45,71,502,,,,,,,,396,898
May-1973,133,,,,,,,,20,153,2145,,,,,,,,255,2400
Jun-1973,43,,,,,,,,57,100,920,,,,,,,,566,1486
Jul-1973,92,,,,,,,,51,143,2288,,,,,,,,928,3216
Aug-1973,122,,,,,,,,30,152,2049,,,,,,,,350,2399
Sep-1973,41,,,,,,,,16,57,889,,,,,,,,163,1052
Oct-1973,120,,,,,,,,43,163,2167,,,,,,,,383,2550
Nov-1973,54,,,,,,,,11,65,919,,,,,,,,122,1041
Dec-1973,99,,,,,,,,4,103,1790,,,,,,,,35,1825
Jan-1974,230,,,,,,,,32,262,4035,,,,,,,,280,4315
Feb-1974,89,,,,,,,,21,110,1814,,,,,,,,257,2071
Mar-1974,227,,,,,,,,20,247,3841,,,,,,,,214,4055
Apr-1974,161,,,,,,,,6,167,2776,,,,,,,,80,2856
May-1974,182,,,,,,,,137,319,4202,,,,,,,,2240,6442
Jun-1974,131,,,,,,,,74,205,3395,,,,,,,,1514,4909
Jul-1974,53,,,,,,,,47,100,1804,,,,,,,,855,2659
Aug-1974,70,,,,,,,,23,93,1423,,,,,,,,240,1663
Sep-1974,88,,,,,,,,4,92,1771,,,,,,,,50,1821
Oct-1974,37,,,,,,,,0,37,868,,,,,,,,0,868
Nov-1974,25,,,,,,,,16,41,790,,,,,,,,305,1095
Dec-1974,28,,,,,,,,0,28,765,,,,,,,,0,765
Jan-1975,0,,,,,,,,0,0,0,,,,,,,,0,0
Feb-1975,43,,,,,,,,0,43,922,,,,,,,,0,922
Mar-1975,99,,,,,,,,0,99,3727,,,,,,,,0,3727
Apr-1975,8,,,,,,,,12,20,492,,,,,,,,162,654
May-1975,328,,,,,,,,0,328,4239,,,,,,,,0,4239
Jun-1975,610,,,,,,,,30,640,24716,,,,,,,,514,25230
Jul-1975,971,,,,,,,,31,1002,39645,,,,,,,,899,40544
Aug-1975,150,,,,,,,,52,202,4331,,,,,,,,554,4885
Sep-1975,244,,,,,,,,15,259,6456,,,,,,,,230,6686
Oct-1975,218,,,,,,,,7,225,7283,,,,,,,,120,7403
Nov-1975,142,,,,,,,,21,163,4894,,,,,,,,428,5322
Dec-1975,65,,,,,,,,28,93,2131,,,,,,,,481,2612
Jan-1976,42,,,,,,,,8,50,1504,,,,,,,,120,1624
Feb-1976,60,,,,,,,,6,66,2175,,,,,,,,100,2275
Mar-1976,96,,,,,,,,27,123,3780,,,,,,,,490,4270
Apr-1976,91,,,,,,,,4,95,3270,,,,,,,,150,3420
May-1976,143,,,,,,,,47,190,4978,,,,,,,,685,5663
Jun-1976,314,,,,,,,,11,325,12207,,,,,,,,275,12482
Jul-1976,85,,,,,,,,6,91,2985,,,,,,,,65,3050
Aug-1976,71,,,,,,,,48,119,2256,,,,,,,,1460,3716
Sep-1976,160,,,,,,,,2,162,6110,,,,,,,,90,6200
Oct-1976,168,,,,,,,,14,182,4874,,,,,,,,145,5019
Nov-1976,87,,,,,,,,12,99,3935,,,,,,,,210,4145
Dec-1976,54,,,,,,,,56,110,2123,,,,,,,,898,3021
Jan-1977,148,,,,,,,,20,168,5436,,,,,,,,587,6023
Feb-1977,70,,,,,,,,104,174,2317,,,,,,,,2909,5226
Mar-1977,45,,,,,,,,38,83,1753,,,,,,,,707,2460
Apr-1977,95,,,,,,,,13,108,3385,,,,,,,,395,3780
May-1977,173,,,,,,,,28,201,5941,,,,,,,,660,6601
Jun-1977,66,,,,,,,,16,82,2608,,,,,,,,463,3071
Jul-1977,126,,,,,,,,35,161,5282,,,,,,,,1211,6493
Aug-1977,37,,,,,,,,2,39,1310,,,,,,,,40,1350
Sep-1977,203,,,,,,,,21,224,6830,,,,,,,,670,7500
Oct-1977,237,,,,,,,,19,256,7507,,,,,,,,600,8107
Nov-1977,68,,,,,,,,3,71,2374,,,,,,,,72,2446
Dec-1977,47,,,,,,,,9,56,1711,,,,,,,,183,1894
Jan-1978,36,,,,,,,,10,46,1594,,,,,,,,280,1874
Feb-1978,18,,,,,,,,4,22,783,,,,,,,,120,903
Mar-1978,57,,,,,,,,8,65,1897,,,,,,,,232,2129
Apr-1978,72,,,,,,,,11,83,2599,,,,,,,,195,2794
May-1978,52,,,,,,,,71,123,1958,,,,,,,,2019,3977
Jun-1978,164,,,,,,,,28,192,5972,,,,,,,,574,6546
Jul-1978,107,,,,,,,,43,150,3407,,,,,,,,892,4299
Aug-1978,103,,,,,,,,13,116,3115,,,,,,,,456,3571
Sep-1978,40,,,,,,,,39,79,1406,,,,,,,,982,2388
Oct-1978,151,,,,,,,,42,193,3835,,,,,,,,860,4695
Nov-1978,40,,,,,,,,32,72,1385,,,,,,,,810,2195
Dec-1978,86,,,,,,,,32,118,3043,,,,,,,,675,3718
Jan-1979,13,,,,,,,,26,39,570,,,,,,,,470,1040
Feb-1979,52,,,,,,,,47,99,1724,,,,,,,,987,2711
Mar-1979,107,,,,,,,,10,117,3420,,,,,,,,270,3690
Apr-1979,83,,,,,,,,20,103,2627,,,,,,,,401,3028
May-1979,52,,,,,,,,32,84,1997,,,,,,,,1049,3046
Jun-1979,78,,,,,,,,82,160,2599,,,,,,,,1930,4529
Jul-1979,70,,,,,,,,57,127,2436,,,,,,,,1673,4109
Aug-1979,34,,,,,,,,12,46,1410,,,,,,,,329,1739
Sep-1979,78,,,,,,,,24,102,2421,,,,,,,,830,3251
Oct-1979,65,,,,,,,,32,97,2381,,,,,,,,605,2986
Nov-1979,188,,,,,,,,104,292,6504,,,,,,,,2696,9200
Dec-1979,32,,,,,,,,42,74,991,,,,,,,,1025,2016
Jan-1980,139,,,,,,,,24,163,4482,,,,,,,,770,5252
Feb-1980,141,,,,,,,,13,154,4775,,,,,,,,703,5478
Mar-1980,196,,,,,,,,28,224,10588,,,,,,,,813,11401
Apr-1980,71,,,,,,,,31,102,2627,,,,,,,,626,3253
May-1980,86,,,,,,,,38,124,3469,,,,,,,,1240,4709
Jun-1980,104,,,,,,,,84,188,3845,,,,,,,,2684,6529
Jul-1980,107,,,,,,,,53,160,4201,,,,,,,,1380,5581
Aug-1980,71,,,,,,,,49,120,2718,,,,,,,,1930,4648
Sep-1980,93,,,,,,,,41,134,3431,,,,,,,,1283,4714
Oct-1980,179,,,,,,,,68,247,6880,,,,,,,,3828,10708
Nov-1980,60,,,,,,,,64,124,2371,,,,,,,,2185,4556
Dec-1980,145,,,,,,,,90,235,5947,,,,,,,,3220,9167
Jan-1981,188,,,,,,,,52,240,11134,,,,,,,,1407,12541
Feb-1981,92,,,,,,,,12,104,3139,,,,,,,,340,3479
Mar-1981,84,,,,,,,,46,130,3650,,,,,,,,1462,5112
Apr-1981,129,,,,,,,,57,186,5303,,,,,,,,2430,7733
May-1981,72,,,,,,,,90,162,3075,,,,,,,,2660,5735
Jun-1981,97,,,,,,,,133,230,4558,,,,,,,,5463,10021
Jul-1981,99,,,,,,,,83,182,4687,,,,,,,,2621,7308
Aug-1981,71,,,,,,,,54,125,3169,,,,,,,,2249,5418
Sep-1981,154,,,,,,,,50,204,8682,,,,,,,,2086,10768
Oct-1981,118,,,,,,,,86,204,4558,,,,,,,,3080,7638
Nov-1981,109,,,,,,,,81,190,4617,,,,,,,,2795,7412
Dec-1981,54,,,,,,,,26,80,2329,,,,,,,,840,3169
Jan-1982,120,,,,,,,,45,165,5335,,,,,,,,1562,6897
Feb-1982,130,,,,,,,,82,212,5827,,,,,,,,3259,9086
Mar-1982,59,,,,,,,,67,126,2589,,,,,,,,2624,5213
Apr-1982,154,,,,,,,,115,269,6554,,,,,,,,4446,11000
May-1982,69,,,,,,,,88,157,3125,,,,,,,,3707,6832
Jun-1982,78,,,,,,,,55,133,3779,,,,,,,,2200,5979
Jul-1982,90,,,,,,,,72,162,5053,,,,,,,,6215,11268
Aug-1982,125,,,,,,,,62,187,5514,,,,,,,,1640,7154
Sep-1982,108,,,,,,,,56,164,5043,,,,,,,,2402,7445
Oct-1982,135,,,,,,,,32,167,6011,,,,,,,,1280,7291
Nov-1982,210,,,,,,,,58,268,9295,,,,,,,,2190,11485
Dec-1982,109,,,,,,,,26,135,5347,,,,,,,,1440,6787
Jan-1983,107,,,,,,,,37,144,4756,,,,,,,,1277,6033
Feb-1983,96,,,,,,,,71,167,4122,,,,,,,,8830,12952
Mar-1983,193,,,,,,,,78,271,9161,,,,,,,,3020,12181
Apr-1983,88,,,,,,,,25,113,4025,,,,,,,,913,4938
May-1983,108,,,,,,,,29,137,4951,,,,,,,,982,5933
Jun-1983,110,,,,,,,,185,295,5153,,,,,,,,9442,14595
Jul-1983,97,,,,,,,,199,296,4320,,,,,,,,6857,11177
Aug-1983,210,,,,,,,,83,293,9841,,,,,,,,3227,13069
Sep-1983,130,,,,,,,,25,155,6158,,,,,,,,989,7147
Oct-1983,115,,,,,,,,80,195,5087,,,,,,,,2492,7579
Nov-1983,130,,,,,,,,40,170,5964,,,,,,,,1809,7773
Dec-1983,137,,,,,,,,77,214,6330,,,,,,,,2508,8837
Jan-1984,117,,,,,,,,38,155,5565,,,,,,,,1729,7294
Feb-1984,217,,,,,,,,43,260,9547,,,,,,,,1395,10942
Mar-1984,153,,,,,,,,89,242,7107,,,,,,,,3494,10602
Apr-1984,179,,,,,,,,66,245,7969,,,,,,,,2579,10548
May-1984,115,,,,,,,,145,260,5788,,,,,,,,5383,11171
Jun-1984,119,,,,,,,,121,240,5531,,,,,,,,4666,10197
Jul-1984,107,,,,,,,,116,223,6348,,,,,,,,4278,10627
Aug-1984,247,,,,,,,,121,368,11248,,,,,,,,4884,16131
Sep-1984,79,,,,,,,,99,178,4003,,,,,,,,3644,7647
Oct-1984,222,,,,,,,,156,378,10804,,,,,,,,6670,17474
Nov-1984,70,,,,,,,,110,180,4235,,,,,,,,4181,8416
Dec-1984,62,,,,,,,,20,82,2887,,,,,,,,885,3772
Jan-1985,157,,,,,,,,95,252,8417,,,,,,,,3936,12353
Feb-1985,98,,,,,,,,134,232,5308,,,,,,,,6402,11710
Mar-1985,190,,,,,,,,192,382,9914,,,,,,,,8253,18167
Apr-1985,121,,,,,,,,99,220,7128,,,,,,,,3854,10981
May-1985,164,,,,,,,,45,209,8196,,,,,,,,2049,10245
Jun-1985,113,,,,,,,,72,185,6087,,,,,,,,3159,9246
Jul-1985,134,,,,,,,,45,179,8389,,,,,,,,2425,10814
Aug-1985,128,,,,,,,,0,128,7719,,,,,,,,0,7719
Sep-1985,59,,,,,,,,40,99,3538,,,,,,,,1400,4938
Oct-1985,141,,,,,,,,112,253,9558,,,,,,,,5327,14885
Nov-1985,100,,,,,,,,121,221,5790,,,,,,,,5700,11490
Dec-1985,85,,,,,,,,51,136,4945,,,,,,,,1979,6924
Jan-1986,97,,,,,,,,5,102,6099,,,,,,,,200,6299
Feb-1986,68,,,,,,,,19,87,4348,,,,,,,,734,5083
Mar-1986,54,,,,,,,,49,103,3299,,,,,,,,2139,5439
Apr-1986,76,,,,,,,,71,147,4609,,,,,,,,3048,7657
May-1986,72,,,,,,,,52,124,4453,,,,,,,,2458,6912
Jun-1986,127,,,,,,,,87,214,6814,,,,,,,,4515,11329
Jul-1986,44,,,,,,,,8,52,2885,,,,,,,,280,3165
Aug-1986,32,,,,,,,,22,54,2099,,,,,,,,1380,3479
Sep-1986,41,,,,,,,,68,109,2733,,,,,,,,3516,6250
Oct-1986,60,,,,,,,,19,79,3456,,,,,,,,835,4291
Nov-1986,95,,,,,,,,0,95,6945,,,,,,,,0,6945
Dec-1986,102,,,,,,,,17,119,6340,,,,,,,,1003,7343
Jan-1987,18,,,,,,,,24,42,1364,,,,,,,,1167,2531
Feb-1987,44,,,,,,,,35,79,2853,,,,,,,,1435,4288
Mar-1987,131,,,,,,,,5,136,10459,,,,,,,,250,10709
Apr-1987,121,,,,,,,,198,319,7854,,,,,,,,10699,18552
May-1987,55,,,,,,,,31,86,3877,,,,,,,,1514,5392
Jun-1987,132,,,,,,,,99,231,10412,,,,,,,,6145,16556
Jul-1987,67,,,,,,,,33,100,3817,,,,,,,,1596,5412
Aug-1987,37,,,,,,,,55,92,2836,,,,,,,,2807,5643
Sep-1987,193,,,,,,,,14,207,14589,,,,,,,,550,15139
Oct-1987,131,,,,,,,,97,228,10968,,,,,,,,5600,16568
Nov-1987,65,,,,,,,,26,91,3727,,,,,,,,1250,4977
Dec-1987,38,,,,,,,,34,72,3878,,,,,,,,1947,5825
Jan-1988,33,,,,,,,,18,51,3193,,,,,,,,1236,4429
Feb-1988,51,,,,,,,,14,65,3776,,,,,,,,815,4591
Mar-1988,56,,,,,,,,8,64,3573,,,,,,,,415,3988
Apr-1988,33,,,,,,,,22,55,2667,,,,,,,,990,3657
May-1988,42,,,,,,,,21,63,2897,,,,,,,,1191,4088
Jun-1988,42,,,,,,,,4,46,3702,,,,,,,,220,3922
Jul-1988,67,,,,,,,,9,76,4185,,,,,,,,813,4999
Aug-1988,50,,,,,,,,159,209,3900,,,,,,,,9135,13035
Sep-1988,99,,,,,,,,0,99,6021,,,,,,,,0,6021
Oct-1988,81,,,,,,,,9,90,5297,,,,,,,,537,5834
Nov-1988,77,,,,,,,,50,127,5471,,,,,,,,2645,8116
Dec-1988,28,,,,,,,,3,31,1937,,,,,,,,110,2047
Jan-1989,24,,,,,,,,3,27,1861,,,,,,,,180,2041
Feb-1989,52,,,,,,,,11,63,3987,,,,,,,,635,4622
Mar-1989,44,,,,,,,,57,101,4655,,,,,,,,3236,7891
Apr-1989,40,,,,,,,,26,66,2821,,,,,,,,1523,4344
May-1989,64,,,,,,,,9,73,4876,,,,,,,,458,5333
Jun-1989,74,,,,,,,,43,117,6150,,,,,,,,2541,8691
Jul-1989,33,,,,,,,,5,38,2778,,,,,,,,384,3162
Aug-1989,36,,,,,,,,87,123,2881,,,,,,,,7491,10372
Sep-1989,34,,,,,,,,18,52,2239,,,,,,,,1281,3520
Oct-1989,44,,,,,,,,11,55,3579,,,,,,,,589,4168
Nov-1989,93,,,,,,,,16,109,7656,,,,,,,,1167,8823
Dec-1989,63,,,,,,,,2,65,5621,,,,,,,,94,5715
Jan-1990,38,,,,,,,,7,45,3965,,,,,,,,248,4213
Feb-1990,56,,,,,,,,26,82,5260,,,,,,,,1986,7246
Mar-1990,37,,,,,,,,21,58,3443,,,,,,,,1175,4617
Apr-1990,44,,,,,,,,27,71,3906,,,,,,,,1459,5365
May-1990,84,,,,,,,,35,119,9646,,,,,,,,2580,12227
Jun-1990,54,,,,,,,,15,69,6207,,,,,,,,1007,7214
Jul-1990,27,,,,,,,,0,27,2061,,,,,,,,0,2061
Aug-1990,52,,,,,,,,31,83,4928,,,,,,,,3578,8506
Sep-1990,75,,,,,,,,10,85,7536,,,,,,,,670,8206
Oct-1990,113,,,,,,,,29,142,8810,,,,,,,,2154,10964
Nov-1990,49,,,,,,,,20,69,4352,,,,,,,,1750,6102
Dec-1990,53,,,,,,,,15,68,4534,,,,,,,,1085,5619
Jan-1991,61,,,,,,,,75,136,4787,,,,,,,,7526,12313
Feb-1991,43,,,,,,,,14,57,4031,,,,,,,,843,4874
Mar-1991,37,,,,,,,,6,43,3098,,,,,,,,330,3428
Apr-1991,23,,,,,,,,29,52,1775,,,,,,,,2710,4485
May-1991,62,,,,,,,,21,83,5084,,,,,,,,1137,6220
Jun-1991,45,,,,,,,,37,82,3097,,,,,,,,2579,5676
Jul-1991,35,10,0,10,0,0,0,0,10,45,3157,1017,0,1017,0,0,0,0,1017,4174
Aug-1991,60,10,0,10,0,31,0,31,41,101,6319,810,0,810,0,4093,0,4093,4903,11222
Sep-1991,71,20,0,20,0,0,0,0,20,91,6627,1900,0,1900,0,0,0,0,1900,8527
Oct-1991,99,46,0,46,0,0,0,0,46,145,7419,3097,0,3097,0,0,0,0,3097,10516
Nov-1991,117,37,0,37,0,0,0,0,37,154,8811,2567,0,2567,0,0,0,0,2567,11378
Dec-1991,104,36,0,36,0,0,0,0,36,140,10426,2876,0,2876,0,0,0,0,2876,13302
Jan-1992,128,59,0,59,0,0,0,0,59,187,14764,3596,0,3596,0,0,0,0,3596,18360
Feb-1992,59,105,0,105,0,0,0,0,105,164,4568,7900,0,7900,0,0,0,0,7900,12468
Mar-1992,50,3,0,3,0,0,0,0,3,53,3864,185,0,185,0,0,0,0,185,4049
Apr-1992,131,87,0,87,0,0,0,0,87,218,17165,6125,0,6125,0,0,0,0,6125,23290
May-1992,63,20,0,20,0,0,0,0,20,83,6398,1469,0,1469,0,0,0,0,1469,7867
Jun-1992,55,9,0,9,14,0,0,14,23,78,3715,555,0,555,797,0,0,797,1352,5067
Jul-1992,92,18,0,18,22,0,0,22,40,132,11039,970,0,970,1280,0,0,1280,2250,13289
Aug-1992,84,17,4,21,8,0,0,8,29,113,9215,1386,400,1786,520,0,0,520,2306,11521
Sep-1992,51,21,0,21,0,0,0,0,21,72,4075,1700,0,1700,0,0,0,0,1700,5775
Oct-1992,86,30,8,38,2,0,0,2,40,126,7633,1480,650,2130,170,0,0,170,2300,9933
Nov-1992,88,17,0,17,0,0,0,0,17,105,6714,1620,0,1620,0,0,0,0,1620,8334
Dec-1992,79,9,9,18,35,0,8,43,61,140,6835,597,540,1137,832,0,650,1482,2619,9454
Jan-1993,72,14,0,14,0,0,14,14,28,100,6111,923,0,923,0,0,800,800,1723,7834
Feb-1993,69,0,4,4,29,0,0,29,33,102,5868,0,240,240,1885,0,0,1885,2125,7993
Mar-1993,82,2,5,7,17,0,11,28,35,117,7783,160,250,410,830,0,1700,2530,2940,10723
Apr-1993,111,13,4,17,26,0,6,32,49,160,14075,543,210,753,1718,0,1000,2718,3471,17546
May-1993,98,2,0,2,19,0,6,25,27,125,8614,100,0,100,1379,0,360,1739,1839,10453
Jun-1993,143,26,0,26,10,9,0,19,45,188,11009,1741,0,1741,600,1000,0,1600,3341,14350
Jul-1993,95,48,6,54,0,0,0,0,54,149,8725,2690,320,3010,0,0,0,0,3010,11735
Aug-1993,113,42,0,42,0,9,0,9,51,164,9117,2421,0,2421,0,1267,0,1267,3688,12804
Sep-1993,120,15,0,15,23,20,20,63,78,198,13762,971,0,971,3100,2400,1700,7200,8171,21933
Oct-1993,50,20,12,32,16,0,31,47,79,129,4357,1058,980,2038,1807,0,3950,5757,7795,12152
Nov-1993,63,2,0,2,0,0,12,12,14,77,5537,160,0,160,0,0,1000,1000,1160,6697
Dec-1993,56,4,0,4,0,0,0,0,4,60,4934,450,0,450,0,0,0,0,450,5384
Jan-1994,136,14,0,14,2,0,0,2,16,152,19316,961,0,961,130,0,0,130,1091,20407
Feb-1994,106,7,9,16,14,8,0,22,38,144,10334,716,1315,2031,981,588,0,1569,3600,13934
Mar-1994,86,10,4,14,33,0,0,33,47,133,7498,574,274,848,2010,0,0,2010,2858,10356
Apr-1994,117,12,12,24,0,0,0,0,24,141,15714,826,960,1786,0,0,0,0,1786,17500
May-1994,88,2,0,2,12,4,8,24,26,114,8610,109,0,109,609,1000,1040,2649,2758,11369
Jun-1994,64,0,14,14,12,0,21,33,47,111,6555,0,1406,1406,902,0,2470,3372,4778,11333
Jul-1994,62,5,0,5,2,3,0,5,10,72,5606,484,0,484,188,420,0,608,1092,6698
Aug-1994,111,43,0,43,0,0,0,0,43,154,14839,5014,0,5014,0,0,0,0,5014,19854
Sep-1994,81,37,14,51,24,12,41,77,128,209,8799,2415,3110,5525,2250,1320,7360,10930,16455,25254
Oct-1994,69,6,9,15,5,28,49,82,97,166,6595,718,1110,1828,500,1100,10460,12060,13888,20483
Nov-1994,82,4,31,35,12,0,0,12,47,129,7177,350,6650,7000,924,0,0,924,7924,15101
Dec-1994,80,0,0,0,8,0,27,35,35,115,7203,0,0,0,650,0,3120,3770,3770,10973
Jan-1995,55,25,4,29,15,0,0,15,44,99,4895,2818,700,3518,1300,0,0,1300,4818,9713
Feb-1995,83,0,4,4,0,0,56,56,60,143,8948,0,340,340,0,0,5150,5150,5490,14438
Mar-1995,83,20,9,29,20,0,0,20,49,132,8841,1712,1396,3108,2325,0,0,2325,5433,14274
Apr-1995,98,0,0,0,11,0,0,11,11,109,15656,0,0,0,740,0,0,740,740,16396
May-1995,128,20,0,20,13,0,0,13,33,161,15048,1672,0,1672,1230,0,0,1230,2902,17949
Jun-1995,97,20,5,25,6,24,0,30,55,152,10476,2098,985,3083,1717,1320,0,3037,6120,16596
Jul-1995,76,10,9,19,16,0,0,16,35,111,8344,821,975,1796,1349,0,0,1349,3145,11490
Aug-1995,99,10,4,14,2,6,26,34,48,147,11983,852,613,1465,150,620,8300,9070,10535,22518
Sep-1995,78,6,5,11,13,0,0,13,24,102,7467,443,650,1093,1405,0,0,1405,2498,9965
Oct-1995,93,4,9,13,2,0,0,2,15,108,9448,410,1713,2123,185,0,0,185,2308,11756
Nov-1995,70,8,6,14,13,0,0,13,27,97,7200,840,870,1710,649,0,0,649,2359,9559
Dec-1995,73,6,0,6,0,0,62,62,68,141,6412,496,0,496,0,0,4485,4485,4981,11393
Jan-1996,40,29,11,40,0,0,0,0,40,80,5036,1876,1228,3104,0,0,0,0,3104,8140
Feb-1996,59,4,2,6,2,0,0,2,8,67,6685,620,209,829,116,0,0,116,945,7630
Mar-1996,92,0,0,0,27,0,0,27,27,119,10158,0,0,0,1406,0,0,1406,1406,11564
Apr-1996,71,12,3,15,109,3,0,112,127,198,7475,931,495,1426,6154,420,0,6574,8000,15475
May-1996,87,4,12,16,34,0,8,42,58,145,8931,140,1080,1220,2626,0,810,3436,4656,13587
Jun-1996,93,8,4,12,16,0,0,16,28,121,9701,700,270,970,1051,0,0,1051,2021,11722
Jul-1996,70,8,0,8,19,0,64,83,91,161,8954,556,0,556,1500,0,4175,5675,6231,15185
Aug-1996,81,10,12,22,35,0,27,62,84,165,9548,942,1148,2090,3300,0,2875,6175,8264,17813
Sep-1996,73,10,32,42,12,0,14,26,68,141,8201,767,2382,3149,772,0,1500,2272,5421,13621
Oct-1996,110,2,2,4,28,0,27,55,59,169,12972,157,340,497,2462,0,2335,4797,5294,18265
Nov-1996,101,11,0,11,46,6,63,115,126,227,11575,928,0,928,2520,220,8243,10983,11911,23486
Dec-1996,99,4,0,4,7,0,0,7,11,110,13391,317,0,317,503,0,0,503,820,14211
Jan-1997,63,16,0,16,4,21,0,25,41,104,7960,994,0,994,321,1780,0,2101,3095,11054
Feb-1997,68,26,3,29,8,0,0,8,37,105,9019,2340,535,2875,589,0,0,589,3464,12483
Mar-1997,88,2,10,12,37,0,14,51,63,151,10998,280,580,860,2190,0,1179,3369,4229,15227
Apr-1997,89,25,8,33,20,0,89,109,142,231,11546,1953,1080,3033,1058,0,7535,8593,11626,23172
May-1997,103,16,0,16,12,0,0,12,28,131,13595,996,0,996,720,0,0,720,1716,15310
Jun-1997,160,6,14,20,8,0,64,72,92,252,19707,442,1721,2163,520,0,7600,8120,10283,29990
Jul-1997,82,2,14,16,20,0,16,36,52,134,11034,185,1470,1655,1276,0,1800,3076,4731,15765
Aug-1997,108,9,0,9,13,15,0,28,37,145,15217,1115,0,1115,1467,1175,0,2642,3757,18974
Sep-1997,73,4,0,4,20,0,0,20,24,97,10009,463,0,463,1290,0,0,1290,1753,11762
Oct-1997,135,35,31,66,29,0,11,40,106,241,17583,2502,3090,5592,1641,0,900,2541,8133,25715
Nov-1997,69,16,4,20,18,12,16,46,66,135,7497,1014,600,1614,1830,770,1500,4100,5714,13210
Dec-1997,115,21,10,31,27,18,66,111,142,257,14553,1611,1050,2661,2379,1400,7605,11384,14045,28598
Jan-1998,103,0,5,5,4,0,94,98,103,206,12612,0,500,500,307,0,20850,21157,21657,34269
Feb-1998,75,78,23,101,0,0,10,10,111,186,10331,4800,3400,8200,0,0,1200,1200,9400,19731
Mar-1998,121,18,21,39,9,0,9,18,57,178,16704,1340,1580,2920,959,0,1000,1959,4879,21583
Apr-1998,99,13,9,22,26,10,0,36,58,157,11506,1108,900,2008,3095,1600,0,4695,6703,18209
May-1998,141,45,28,73,4,0,36,40,113,254,19170,3563,3150,6713,660,0,6300,6960,13673,32842
Jun-1998,127,0,10,10,0,0,77,77,87,214,17640,0,1520,1520,0,0,13615,13615,15135,32775
Jul-1998,173,12,0,12,0,0,22,22,34,207,25352,910,0,910,0,0,2575,2575,3485,28837
Aug-1998,111,13,0,13,21,0,11,32,45,156,15997,972,0,972,1781,0,1290,3071,4043,20040
Sep-1998,210,4,4,8,21,0,0,21,29,239,29695,455,680,1135,1250,0,0,1250,2385,32080
Oct-1998,161,8,5,13,28,0,41,69,82,243,21984,741,600,1341,1962,0,5395,7357,8698,30682
Nov-1998,92,15,2,17,28,0,82,110,127,219,11575,1116,148,1264,1303,0,13930,15233,16497,28072
Dec-1998,98,8,4,12,3,23,0,26,38,136,12212,577,420,997,293,2270,0,2563,3560,15771
Jan-1999,86,19,0,19,2,0,31,33,52,138,11333,1346,0,1346,175,0,3290,3465,4811,16144
Feb-1999,124,14,2,16,4,12,29,45,61,185,16825,1291,373,1664,398,1290,2065,3753,5417,22243
Mar-1999,116,0,2,2,9,9,15,33,35,151,16033,0,250,250,981,750,1065,2796,3046,19080
Apr-1999,134,21,13,34,18,0,36,54,88,222,17914,1721,2329,4050,1525,0,6180,7705,11755,29669
May-1999,108,2,4,6,10,0,0,10,16,124,14670,226,860,1086,1130,0,0,1130,2216,16886
Jun-1999,105,4,0,4,10,9,52,71,75,180,14763,396,0,396,867,700,6030,7597,7993,22756
Jul-1999,102,6,8,14,4,9,10,23,37,139,14052,362,1272,1634,200,1272,900,2372,4006,18059
Aug-1999,55,8,0,8,17,24,17,58,66,121,8003,692,0,692,3176,2000,2100,7276,7968,15971
Sep-1999,76,23,0,23,4,0,13,17,40,116,11701,1802,0,1802,478,0,2000,2478,4280,15981
Oct-1999,98,8,2,10,2,0,0,2,12,110,12924,907,400,1307,100,0,0,100,1407,14331
Nov-1999,101,13,4,17,44,0,30,74,91,192,15292,1056,320,1376,5100,0,3680,8780,10156,25448
Dec-1999,74,16,11,27,0,0,39,39,66,140,9741,1120,1585,2705,0,0,5102,5102,7807,17548
Jan-2000,58,9,26,35,0,0,20,20,55,113,8961,585,4300,4885,0,0,2880,2880,7765,16726
Feb-2000,91,36,14,50,0,0,24,24,74,165,11084,3672,1251,4923,0,0,3439,3439,8362,19446
Mar-2000,79,4,2,6,2,0,0,2,8,87,10854,345,250,595,100,0,0,100,695,11549
Apr-2000,55,4,2,6,0,7,12,19,25,80,7438,348,270,618,0,1800,1500,3300,3918,11356
May-2000,55,36,10,46,8,0,0,8,54,109,7772,3710,2380,6090,470,0,0,470,6560,14331
Jun-2000,60,24,2,26,17,0,38,55,81,141,10025,2800,520,3320,1850,0,9800,11650,14970,24995
Jul-2000,38,6,0,6,26,0,21,47,53,91,5048,579,0,579,2248,0,1840,4088,4667,9715
Aug-2000,68,26,0,26,0,0,0,0,26,94,10575,2018,0,2018,0,0,0,0,2018,12593
Sep-2000,37,22,2,24,0,0,0,0,24,61,6189,2143,227,2370,0,0,0,0,2370,8558
Oct-2000,41,8,12,20,0,9,0,9,29,70,6960,846,1800,2646,0,830,0,830,3476,10436
Nov-2000,57,2,2,4,0,0,0,0,4,61,8114,232,293,525,0,0,0,0,525,8639
Dec-2000,27,8,0,8,0,0,0,0,8,35,3458,920,0,920,0,0,0,0,920,4378
Jan-2001,43,0,0,0,2,0,0,2,2,45,6661,0,0,0,330,0,0,330,330,6991
Feb-2001,26,0,0,0,2,0,0,2,2,28,3595,0,0,0,210,0,0,210,210,3805
Mar-2001,36,80,0,80,0,0,0,0,80,116,5694,5156,0,5156,0,0,0,0,5156,10850
Apr-2001,65,81,0,81,0,0,32,32,113,178,10302,8234,0,8234,0,0,6000,6000,14234,24536
May-2001,88,10,14,24,0,0,19,19,43,131,11842,1275,2128,3403,0,0,2765,2765,6168,18010
Jun-2001,82,0,0,0,0,7,95,102,102,184,11918,0,0,0,0,1100,24000,25100,25100,37018
Jul-2001,63,0,2,2,10,0,18,28,30,93,8832,0,300,300,1107,0,1800,2907,3207,12039
Aug-2001,44,8,0,8,22,0,0,22,30,74,7198,1130,0,1130,1556,0,0,1556,2686,9884
Sep-2001,44,0,2,2,17,0,12,29,31,75,6651,0,200,200,1370,0,1198,2568,2768,9419
Oct-2001,67,8,12,20,0,0,16,16,36,103,10944,599,990,1589,0,0,2000,2000,3589,14533
Nov-2001,35,6,8,14,0,0,0,0,14,49,5530,651,1405,2056,0,0,0,0,2056,7586
Dec-2001,32,4,0,4,0,0,0,0,4,36,5171,927,0,927,0,0,0,0,927,6098
Jan-2002,62,7,0,7,0,0,0,0,7,69,9757,823,0,823,0,0,0,0,823,10580
Feb-2002,61,4,0,4,2,7,0,9,13,74,9614,450,0,450,315,1800,0,2115,2565,12179
Mar-2002,63,7,12,19,17,0,19,36,55,118,10254,505,1820,2325,1385,0,2500,3885,6210,16464
Apr-2002,56,11,0,11,0,0,17,17,28,84,9046,990,0,990,0,0,3060,3060,4050,13096
May-2002,36,10,3,13,0,0,0,0,13,49,5829,1059,450,1509,0,0,0,0,1509,7338
Jun-2002,80,22,0,22,8,0,12,20,42,122,13477,1773,0,1773,880,0,1605,2485,4258,17735
Jul-2002,54,24,2,26,0,22,25,47,73,127,9074,3475,367,3842,0,4042,3180,7222,11064,20138
Aug-2002,65,4,6,10,0,7,0,7,17,82,11153,660,1265,1925,0,995,0,995,2920,14073
Sep-2002,45,6,2,8,2,0,53,55,63,108,8384,651,604,1255,170,0,7770,7940,9195,17579
Oct-2002,40,23,2,25,0,0,35,35,60,100,7201,2583,920,3503,0,0,5120,5120,8623,15824
Nov-2002,51,0,8,8,0,0,0,0,8,59,9325,0,2028,2028,0,0,0,0,2028,11353
Dec-2002,36,2,3,5,0,0,38,38,43,79,7570,270,900,1170,0,0,4900,4900,6070,13640
Jan-2003,25,4,0,4,0,0,0,0,4,29,4598,610,0,610,0,0,0,0,610,5208
Feb-2003,35,6,4,10,6,0,32,38,48,83,6523,648,875,1523,485,0,5689,6174,7697,14220
Mar-2003,32,2,15,17,4,0,16,20,37,69,7482,231,2795,3026,1160,0,2300,3460,6486,13968
Apr-2003,23,10,0,10,0,9,0,9,19,42,4557,1719,0,1719,0,1149,0,1149,2868,7425
May-2003,49,7,7,14,14,0,20,34,48,97,9438,1462,1280,2742,1980,0,2700,4680,7422,16860
Jun-2003,59,2,6,8,0,0,0,0,8,67,12876,380,1600,1980,0,0,0,0,1980,14856
Jul-2003,57,0,4,4,11,0,0,11,15,72,11857,0,914,914,1685,0,0,1685,2599,14456
Aug-2003,38,0,4,4,15,0,0,15,19,57,7227,0,545,545,4112,0,0,4112,4657,11884
Sep-2003,78,90,7,97,24,0,33,57,154,232,15405,11116,1566,12682,4070,0,8800,12870,25552,40957
Oct-2003,50,2,14,16,14,0,24,38,54,104,9403,145,2650,2795,1565,0,4800,6365,9160,18563
Nov-2003,22,2,8,10,0,6,12,18,28,50,4090,400,1480,1880,0,1270,3000,4270,6150,10240
Dec-2003,43,0,2,2,0,0,45,45,47,90,9432,0,345,345,0,0,9950,9950,10295,19727
Jan-2004,42,0,2,2,10,0,0,10,12,54,9832,0,234,234,1516,0,0,1516,1750,11582
Feb-2004,20,2,13,15,0,0,45,45,60,80,4300,270,3793,4063,0,0,8380,8380,12443,16743
Mar-2004,53,7,8,15,6,12,0,18,33,86,11231,1341,1397,2738,1400,1300,0,2700,5438,16668
Apr-2004,31,0,4,4,0,7,0,7,11,42,7117,0,1320,1320,0,1035,0,1035,2355,9472
May-2004,54,48,0,48,7,0,24,31,79,133,11977,7140,0,7140,1200,0,3100,4300,11440,23416
Jun-2004,57,4,0,4,0,0,77,77,81,138,10197,685,0,685,0,0,16030,16030,16715,26912
Jul-2004,63,14,9,23,7,0,32,39,62,125,14782,2806,1775,4581,563,0,6550,7113,11694,26475
Aug-2004,75,6,2,8,14,0,62,76,84,159,17698,730,730,1460,1884,0,10060,11944,13404,31102
Sep-2004,66,8,0,8,10,8,115,133,141,207,14030,834,0,834,1487,1200,24250,26937,27771,41800
Oct-2004,50,10,5,15,13,0,0,13,28,78,12300,1176,1225,2401,2433,0,0,2433,4834,17134
Nov-2004,44,2,2,4,5,20,48,73,77,121,10883,300,198,498,805,4000,11200,16005,16503,27386
Dec-2004,40,4,0,4,22,0,17,39,43,83,10564,613,0,613,2557,0,2520,5077,5690,16255
Jan-2005,36,0,0,0,6,0,40,46,46,82,8471,0,0,0,1360,0,7000,8360,8360,16831
Feb-2005,65,6,0,6,0,0,84,84,90,155,16754,480,0,480,0,0,30050,30050,30530,47284
Mar-2005,48,23,0,23,6,0,18,24,47,95,11841,9853,0,9853,950,0,8600,9550,19403,31244
Apr-2005,48,2,2,4,0,0,0,0,4,52,10430,430,352,782,0,0,0,0,782,11211
May-2005,64,20,3,23,0,0,12,12,35,99,15473,6413,800,7213,0,0,2500,2500,9713,25186
Jun-2005,76,2,4,6,7,0,32,39,45,121,15871,300,935,1235,1400,0,5000,6400,7635,23506
Jul-2005,51,0,4,4,0,0,111,111,115,166,12750,0,818,818,0,0,50000,50000,50818,63568
Aug-2005,70,0,0,0,0,0,73,73,73,143,17057,0,0,0,0,0,23350,23350,23350,40407
Sep-2005,61,14,7,21,64,0,0,64,85,146,14883,4200,1044,5244,4500,0,0,4500,9744,24627
Oct-2005,48,4,8,12,10,0,0,10,22,70,12552,655,4300,4955,199,0,0,199,5154,17706
Nov-2005,54,55,3,58,0,0,15,15,73,127,11427,17088,772,17860,0,0,3000,3000,20860,32287
Dec-2005,67,8,0,8,0,8,32,40,48,115,13189,933,0,933,0,5100,9000,14100,15033,28222
Jan-2006,36,10,21,31,0,0,0,0,31,67,8717,1114,2500,3614,0,0,0,0,3614,12331
Feb-2006,77,4,2,6,0,0,0,0,6,83,17373,720,345,1065,0,0,0,0,1065,18438
Mar-2006,78,6,7,13,0,0,18,18,31,109,18377,705,1745,2450,0,0,4000,4000,6450,24827
Apr-2006,35,6,0,6,0,0,85,85,91,126,9410,820,0,820,0,0,24000,24000,24820,34230
May-2006,52,0,0,0,0,0,15,15,15,67,13298,0,0,0,0,0,2700,2700,2700,15998
Jun-2006,50,4,13,17,0,0,16,16,33,83,12839,583,2910,3493,0,0,4323,4323,7816,20655
Jul-2006,72,12,77,89,0,0,25,25,114,186,20570,1283,7000,8283,0,0,5438,5438,13721,34291
Aug-2006,78,4,2,6,0,0,0,0,6,84,19065,625,476,1101,0,0,0,0,1101,20165
Sep-2006,44,19,0,19,0,0,82,82,101,145,10228,2379,0,2379,0,0,28350,28350,30729,40957
Oct-2006,79,0,0,0,0,24,0,24,24,103,24981,0,0,0,0,5000,0,5000,5000,29981
Nov-2006,54,15,6,21,0,0,32,32,53,107,14060,1993,2100,4093,0,0,8095,8095,12188,26248
Dec-2006,58,16,11,27,9,0,12,21,48,106,16398,2602,4400,7002,3788,0,1850,5638,12640,29038
Jan-2007,49,35,7,42,0,0,0,0,42,91,13475,8964,1925,10889,0,0,0,0,10889,24364
Feb-2007,66,0,0,0,0,0,128,128,128,194,17655,0,0,0,0,0,52000,52000,52000,69655
Mar-2007,74,2,0,2,0,0,33,33,35,109,22612,401,0,401,0,0,15700,15700,16101,38713
Apr-2007,65,2,4,6,0,0,58,58,64,129,18849,330,1056,1386,0,0,15000,15000,16386,35235
May-2007,71,6,0,6,0,0,42,42,48,119,19048,708,0,708,0,0,17578,17578,18286,37334
Jun-2007,51,0,6,6,2,0,22,24,30,81,15138,0,1638,1638,847,0,7350,8197,9835,24972
Jul-2007,68,37,0,37,0,0,0,0,37,105,19536,5296,0,5296,0,0,0,0,5296,24832
Aug-2007,60,4,5,9,0,0,52,52,61,121,19463,1412,1900,3312,0,0,14200,14200,17512,36975
Sep-2007,35,6,8,14,2,0,44,46,60,95,10490,1260,1600,2860,730,0,10500,11230,14090,24580
Oct-2007,90,0,4,4,0,0,147,147,151,241,29804,0,940,940,0,0,53900,53900,54840,84644
Nov-2007,37,4,0,4,0,0,0,0,4,41,10333,1200,0,1200,0,0,0,0,1200,11533
Dec-2007,59,4,0,4,0,0,13,13,17,76,22444,848,0,848,0,0,3080,3080,3928,26372
Jan-2008,26,7,0,7,0,0,0,0,7,33,7772,1590,0,1590,0,0,0,0,1590,9362
Feb-2008,58,42,0,42,0,0,46,46,88,146,18421,9201,0,9201,0,0,14430,14430,23631,42052
Mar-2008,32,16,11,27,6,0,16,22,49,81,9857,3953,2608,6561,924,0,14200,15124,21685,31542
Apr-2008,44,15,0,15,0,0,22,22,37,81,12739,2438,0,2438,0,0,7500,7500,9938,22677
May-2008,111,6,0,6,0,0,8,8,14,125,48902,2310,0,2310,0,0,1600,1600,3910,52812
Jun-2008,43,6,4,10,0,13,24,37,47,90,16440,1392,1380,2772,0,3200,8007,11207,13979,30418
Jul-2008,26,2,0,2,0,0,0,0,2,28,9623,300,0,300,0,0,0,0,300,9923
Aug-2008,136,22,0,22,0,0,0,0,22,158,54958,10632,0,10632,0,0,0,0,10632,65590
Sep-2008,53,2,0,2,0,0,12,12,14,67,15755,426,0,426,0,0,17000,17000,17426,33181
Oct-2008,80,0,12,12,0,0,0,0,12,92,20348,0,2580,2580,0,0,0,0,2580,22928
Nov-2008,67,0,4,4,0,0,45,45,49,116,18626,0,825,825,0,0,26100,26100,26925,45551
Dec-2008,348,84,4,88,0,0,0,0,88,436,163311,40540,1318,41858,0,0,0,0,41858,205169
Jan-2009,34,0,4,4,0,0,0,0,4,38,10790,0,1660,1660,0,0,0,0,1660,12450
Feb-2009,46,6,0,6,0,0,27,27,33,79,14541,1180,0,1180,0,0,10850,10850,12030,26571
Mar-2009,60,8,0,8,0,12,41,53,61,121,17125,930,0,930,0,1700,16389,18089,19019,36144
Apr-2009,102,2,11,13,0,0,0,0,13,115,32697,613,3485,4098,0,0,0,0,4098,36795
May-2009,69,4,9,13,0,0,0,0,13,82,22597,700,2700,3400,0,0,0,0,3400,25997
Jun-2009,85,14,2,16,16,0,0,16,32,117,26461,2952,435,3387,3810,0,0,3810,7197,33658
Jul-2009,87,4,6,10,0,0,0,0,10,97,29561,1200,1454,2654,0,0,0,0,2654,32215
Aug-2009,86,12,4,16,0,0,0,0,16,102,26535,3098,850,3948,0,0,0,0,3948,30483
Sep-2009,95,12,0,12,0,0,12,12,24,119,28364,4535,0,4535,0,0,3580,3580,8115,36479
Oct-2009,56,2,0,2,20,0,36,56,58,114,19594,886,0,886,5050,0,7000,12050,12936,32529
Nov-2009,80,14,3,17,27,0,0,27,44,124,26320,3690,1666,5356,6668,0,0,6668,12024,38344
Dec-2009,94,63,0,63,9,0,25,34,97,191,33332,16166,0,16166,1433,0,6570,8003,24169,57500
Jan-2010,25,8,0,8,16,0,0,16,24,49,8375,2617,0,2617,4832,0,0,4832,7449,15824
Feb-2010,40,4,0,4,0,0,0,0,4,44,13560,1182,0,1182,0,0,0,0,1182,14743
Mar-2010,48,14,0,14,0,0,0,0,14,62,15404,4705,0,4705,0,0,0,0,4705,20109
Apr-2010,141,67,4,71,0,0,27,27,98,239,60189,21489,1740,23229,0,0,5400,5400,28629,88818
May-2010,47,8,0,8,0,0,30,30,38,85,15479,2996,0,2996,0,0,9000,9000,11996,27475
Jun-2010,48,90,8,98,0,0,26,26,124,172,15120,21629,1854,23483,0,0,6955,6955,30438,45558
Jul-2010,45,13,0,13,16,0,182,198,211,256,15284,2323,0,2323,3302,0,63454,66756,69079,84363
Aug-2010,31,10,0,10,30,0,86,116,126,157,11287,2302,0,2302,7539,0,51000,58539,60840,72127
Sep-2010,116,28,0,28,0,42,15,57,85,201,46675,12821,0,12821,0,9300,3726,13026,25847,72522
Oct-2010,40,6,3,9,2,0,0,2,11,51,13003,1351,1037,2388,345,0,0,345,2732,15735
Nov-2010,41,6,3,9,0,0,12,12,21,62,12484,1980,1125,3105,0,0,3960,3960,7065,19549
Dec-2010,62,12,4,16,9,0,202,211,227,289,22600,3220,1028,4248,4871,0,43500,48371,52619,75219
Jan-2011,15,11,0,11,0,0,0,0,11,26,6977,3875,0,3875,0,0,0,0,3875,10852
Feb-2011,32,20,0,20,3,0,36,39,59,91,13152,5660,0,5660,480,0,14900,15380,21040,34192
Mar-2011,31,27,0,27,0,0,0,0,27,58,9037,6840,0,6840,0,0,0,0,6840,15877
Apr-2011,26,8,15,23,8,0,0,8,31,57,8801,2435,4879,7314,3310,0,0,3310,10624,19426
May-2011,45,8,0,8,0,0,30,30,38,83,14361,2287,0,2287,0,0,9500,9500,11787,26148
Jun-2011,137,41,12,53,0,0,0,0,53,190,64888,8269,1650,9919,0,0,0,0,9919,74807
Jul-2011,42,13,12,25,27,24,135,186,211,253,15320,3367,3415,6782,3530,6500,48530,58560,65342,80662
Aug-2011,36,33,0,33,7,0,0,7,40,76,10525,10404,0,10404,2345,0,0,2345,12749,23274
Sep-2011,77,18,5,23,0,0,12,12,35,112,24499,5200,1624,6824,0,0,2900,2900,9724,34223
Oct-2011,81,8,2,10,0,51,0,51,61,142,30528,1785,635,2420,0,12000,0,12000,14420,44948
Nov-2011,36,0,0,0,0,0,0,0,0,36,11166,0,0,0,0,0,0,0,0,11166
Dec-2011,24,4,4,8,0,4,151,155,163,187,7465,1051,1600,2651,0,1020,45500,46520,49171,56636
Jan-2012,54,0,4,4,3,0,66,69,73,127,16887,0,1410,1410,239,0,13650,13889,15299,32185
Feb-2012,28,0,0,0,0,18,0,18,18,46,7592,0,0,0,0,5324,0,5324,5324,12916
Mar-2012,60,0,0,0,0,0,0,0,0,60,20784,0,0,0,0,0,0,0,0,20784
Apr-2012,60,0,0,0,2,9,117,128,128,188,21594,0,0,0,554,1849,30910,33313,33313,54907
May-2012,84,0,9,9,3,8,159,170,179,263,27516,0,2010,2010,1009,2650,39511,43170,45180,72696
Jun-2012,85,6,0,6,0,0,21,21,27,112,29225,1490,0,1490,0,0,5696,5696,7186,36411
Jul-2012,56,0,9,9,0,0,0,0,9,65,19010,0,3844,3844,0,0,0,0,3844,22854
Aug-2012,102,3,0,3,0,0,153,153,156,258,36514,534,0,534,0,0,44381,44381,44914,81428
Sep-2012,49,3,0,3,0,28,356,384,387,436,14300,1060,0,1060,0,6151,277160,283311,284371,298671
Oct-2012,57,5,4,9,0,0,0,0,9,66,18504,890,2120,3010,0,0,0,0,3010,21514
Nov-2012,79,11,8,19,0,0,60,60,79,158,24388,2637,3584,6221,0,0,15000,15000,21221,45609
Dec-2012,46,14,0,14,51,0,10,61,75,121,17235,4589,0,4589,11205,0,3000,14205,18794,36029
Jan-2013,51,25,0,25,0,0,15,15,40,91,15929,7111,0,7111,0,0,4000,4000,11111,27040
Feb-2013,51,2,10,12,0,0,224,224,236,287,16672,620,2910,3530,0,0,43400,43400,46930,63602
Mar-2013,89,36,40,76,4,0,81,85,161,250,29800,6973,23330,30303,900,0,24960,25860,56163,85963
Apr-2013,73,23,13,36,25,12,34,71,107,180,22128,6899,3630,10529,4500,2500,15000,22000,32529,54657
May-2013,74,40,5,45,22,0,0,22,67,141,25986,9904,1900,11804,5900,0,0,5900,17704,43690
Jun-2013,71,6,7,13,0,0,21,21,34,105,27491,1200,2650,3850,0,0,6600,6600,10450,37941
Jul-2013,145,13,3,16,0,24,150,174,190,335,53216,4418,1035,5453,0,3600,27840,31440,36893,90109
Aug-2013,100,16,2,18,0,0,0,0,18,118,34111,3544,420,3964,0,0,0,0,3964,38075
Sep-2013,59,102,23,125,0,0,10,10,135,194,21191,15530,7345,22875,0,0,3000,3000,25875,47066
Oct-2013,73,35,30,65,9,76,124,209,274,347,30687,11507,7372,18880,2099,16290,31000,49389,68269,98955
Nov-2013,51,45,14,59,8,0,0,8,67,118,18206,9115,5725,14840,700,0,0,700,15540,33746
Dec-2013,27,4,4,8,3,15,0,18,26,53,11610,1042,1000,2042,680,3000,0,3680,5722,17332
Jan-2014,54,2,26,28,0,4,0,4,32,86,19421,650,6378,7028,0,2800,0,2800,9828,29249
Feb-2014,66,14,0,14,0,0,0,0,14,80,24843,3451,0,3451,0,0,0,0,3451,28293
Mar-2014,81,2,0,2,0,0,0,0,2,83,25991,595,0,595,0,0,0,0,595,26586
Apr-2014,69,21,0,21,0,0,0,0,21,90,24923,4970,0,4970,0,0,0,0,4970,29893
May-2014,96,41,2,43,0,0,300,300,343,439,35121,13343,550,13893,0,0,73000,73000,86893,122015
Jun-2014,68,22,16,38,0,0,27,27,65,133,24800,6575,3882,10457,0,0,7100,7100,17557,42357
Jul-2014,97,46,34,80,24,0,167,191,271,368,35532,10403,10308,20711,6395,0,47040,53435,74146,109677
Aug-2014,62,7,8,15,8,0,36,44,59,121,20816,1630,3491,5121,2376,0,10400,12776,17897,38714
Sep-2014,80,6,4,10,0,0,0,0,10,90,28708,1870,1383,3253,0,0,0,0,3253,31961
Oct-2014,66,8,21,29,2,0,90,92,121,187,21899,2643,6200,8843,694,0,18150,18844,27687,49586
Nov-2014,49,2,0,2,31,59,21,111,113,162,15570,686,0,686,10203,15600,6000,31803,32489,48059
Dec-2014,63,14,24,38,0,0,0,0,38,101,21611,5400,6171,11571,0,0,0,0,11571,33182
Jan-2015,69,8,0,8,0,0,0,0,8,77,25578,1910,0,1910,0,0,0,0,1910,27488
Feb-2015,74,6,0,6,0,12,0,12,18,92,31073,1900,0,1900,0,3300,0,3300,5200,36273
Mar-2015,88,2,4,6,0,0,0,0,6,94,31864,590,1456,2046,0,0,0,0,2046,33910
Apr-2015,81,51,4,55,0,0,18,18,73,154,30127,11650,2385,14035,0,0,4000,4000,18035,48162
May-2015,78,17,12,29,0,0,77,77,106,184,30215,3800,2132,5932,0,0,21000,21000,26932,57147
Jun-2015,90,8,5,13,3,0,12,15,28,118,33130,2014,2270,4284,220,0,5500,5720,10004,43134
Jul-2015,129,4,4,8,0,0,70,70,78,207,54868,1100,1255,2355,0,0,11036,11036,13391,68259
Aug-2015,103,4,0,4,0,0,0,0,4,107,45987,700,0,700,0,0,0,0,700,46687
Sep-2015,52,20,39,59,0,0,0,0,59,111,20649,4651,10601,15252,0,0,0,0,15252,35901
Oct-2015,52,4,2,6,0,10,200,210,216,268,18121,1346,710,2056,0,6200,48400,54600,56656,74777
Nov-2015,63,4,4,8,2,0,0,2,10,73,26616,1200,950,2150,700,0,0,700,2850,29466
Dec-2015,60,4,0,4,0,0,92,92,96,156,20325,773,0,773,0,0,30200,30200,30973,51297
Jan-2016,59,16,0,16,0,0,0,0,16,75,17546,4637,0,4637,0,0,0,0,4637,22182
Feb-2016,72,50,3,53,0,13,0,13,66,138,25267,9692,600,10292,0,2800,0,2800,13092,38359
Mar-2016,61,24,0,24,0,0,0,0,24,85,20042,7254,0,7254,0,0,0,0,7254,27296
Apr-2016,77,12,0,12,0,0,0,0,12,89,30994,4567,0,4567,0,0,0,0,4567,35560
May-2016,76,0,0,0,0,0,187,187,187,263,28731,0,0,0,0,0,45000,45000,45000,73731
Jun-2016,81,4,22,26,0,0,0,0,26,107,30437,1063,4246,5309,0,0,0,0,5309,35746
Jul-2016,53,4,6,10,0,0,0,0,10,63,18019,1297,1423,2720,0,0,0,0,2720,20739
Aug-2016,62,2,7,9,0,0,0,0,9,71,25290,669,1772,2441,0,0,0,0,2441,27731
Sep-2016,105,2,0,2,0,0,18,18,20,125,35253,499,0,499,0,0,6000,6000,6499,41752
Oct-2016,77,34,17,51,2,0,0,2,53,130,26376,4900,5330,10230,400,0,0,400,10630,37006
Nov-2016,62,2,6,8,0,0,0,0,8,70,25615,690,2397,3087,0,0,0,0,3087,28702
Dec-2016,38,2,2,4,0,0,0,0,4,42,12912,698,913,1611,0,0,0,0,1611,14523
Jan-2017,59,16,0,16,24,0,0,24,40,99,20620,2877,0,2877,7200,0,0,7200,10077,30697
Feb-2017,33,16,0,16,0,0,0,0,16,49,11288,4485,0,4485,0,0,0,0,4485,15773
Mar-2017,42,11,0,11,0,0,0,0,11,53,15887,4907,0,4907,0,0,0,0,4907,20794
Apr-2017,74,0,0,0,0,0,0,0,0,74,26792,0,0,0,0,0,0,0,0,26792
May-2017,57,2,0,2,0,0,0,0,2,59,20641,605,0,605,0,0,0,0,605,21246
Jun-2017,54,5,0,5,0,0,0,0,5,59,20041,2000,0,2000,0,0,0,0,2000,22041
Jul-2017,48,0,4,4,0,0,0,0,4,52,17126,0,1995,1995,0,0,0,0,1995,19121
Aug-2017,55,2,0,2,0,0,36,36,38,93,18511,450,0,450,0,0,10000,10000,10450,28960
Sep-2017,82,53,0,53,0,0,0,0,53,135,32181,19086,0,19086,0,0,0,0,19086,51267
Oct-2017,51,2,0,2,0,0,0,0,2,53,17834,621,0,621,0,0,0,0,621,18455
Nov-2017,35,5,0,5,0,0,0,0,5,40,11446,2182,0,2182,0,0,0,0,2182,13628
Dec-2017,26,0,0,0,0,0,0,0,0,26,9162,0,0,0,0,0,0,0,0,9162
Jan-2018,55,0,0,0,0,0,0,0,0,55,18947,0,0,0,0,0,0,0,0,18947
Feb-2018,49,4,0,4,0,0,0,0,4,53,16623,2799,0,2799,0,0,0,0,2799,19422
Mar-2018,49,13,0,13,0,0,0,0,13,62,16330,6209,0,6209,0,0,0,0,6209,22539
Apr-2018,37,7,0,7,0,0,0,0,7,44,14408,1500,0,1500,0,0,0,0,1500,15908
May-2018,61,3,0,3,0,0,0,0,3,64,20550,706,0,706,0,0,0,0,706,21256
Jun-2018,57,10,3,13,0,0,0,0,13,70,18293,6380,1000,7380,0,0,0,0,7380,25673
Jul-2018,73,8,0,8,0,0,0,0,8,81,26237,2246,0,2246,0,0,0,0,2246,28483
Aug-2018,66,0,0,0,2,0,0,2,2,68,24172,0,0,0,509,0,0,509,509,24682
Sep-2018,46,0,0,0,0,0,0,0,0,46,22502,0,0,0,0,0,0,0,0,22502
Oct-2018,28,3,0,3,0,0,0,0,3,31,9246,930,0,930,0,0,0,0,930,10176
Nov-2018,43,0,36,36,0,0,0,0,36,79,13029,0,10800,10800,0,0,0,0,10800,23829
Dec-2018,31,20,0,20,0,0,0,0,20,51,15117,4513,0,4513,0,0,0,0,4513,19630
Jan-2019,23,10,0,10,0,0,0,0,10,33,8823,3000,0,3000,0,0,0,0,3000,11823
Feb-2019,31,11,0,11,0,0,0,0,11,42,11872,3142,0,3142,0,0,0,0,3142,15014
Mar-2019,26,21,0,21,0,0,24,24,45,71,9432,10491,0,10491,0,0,5000,5000,15491,24923
Apr-2019,30,5,0,5,0,0,0,0,5,35,10458,2553,0,2553,0,0,0,0,2553,13012
May-2019,58,2,0,2,0,0,0,0,2,60,20698,644,0,644,0,0,0,0,644,21343
Jun-2019,51,11,7,18,0,0,0,0,18,69,17983,6171,4284,10454,0,0,0,0,10454,28438
Jul-2019,42,4,0,4,0,0,0,0,4,46,14445,1574,0,1574,0,0,0,0,1574,16019
Aug-2019,32,13,0,13,0,0,0,0,13,45,14181,4930,0,4930,0,0,0,0,4930,19111
Sep-2019,29,0,4,4,0,0,0,0,4,33,9763,0,1600,1600,0,0,0,0,1600,11363
Oct-2019,19,4,0,4,0,0,0,0,4,23,4805,2170,0,2170,0,0,0,0,2170,6975
Nov-2019,38,10,0,10,0,0,0,0,10,48,15382,4725,0,4725,0,0,0,0,4725,20107
Dec-2019,37,2,0,2,4,0,0,4,6,43,17144,570,0,570,2476,0,0,2476,3046,20190
Jan-2020,14,2,0,2,0,0,0,0,2,16,5066,570,0,570,0,0,0,0,570,5636
Feb-2020,28,4,0,4,0,0,0,0,4,32,10021,2566,0,2566,0,0,0,0,2566,12586
Mar-2020,36,5,0,5,0,0,0,0,5,41,13892,2071,0,2071,0,0,0,0,2071,15963
Apr-2020,41,4,0,4,0,30,0,30,34,75,14237,1892,0,1892,0,5500,0,5500,7392,21629
May-2020,34,8,0,8,0,0,0,0,8,42,13009,4595,0,4595,0,0,0,0,4595,17603
Jun-2020,48,0,0,0,0,75,0,75,75,123,16254,0,0,0,0,27427,0,27427,27427,43681
Jul-2020,26,2,0,2,0,0,0,0,2,28,10668,470,0,470,0,0,0,0,470,11139
Aug-2020,31,6,0,6,0,0,0,0,6,37,11125,810,0,810,0,0,0,0,810,11935