,Total number of dwelling units ;  New South Wales ;  New ;  Houses ;,"Total number of dwelling units ;  New South Wales ;  New ;  Semi-detached, row or terrace houses, townhouses - One storey ;","Total number of dwelling units ;  New South Wales ;  New ;  Semi-detached, row or terrace houses, townhouses - Two or more storeys ;","Total number of dwelling units ;  New South Wales ;  New ;  Semi-detached, row or terrace houses, townhouses - Total ;",Total number of dwelling units ;  New South Wales ;  New ;  Flats units or apartments - In a one or two storey block ;,Total number of dwelling units ;  New South Wales ;  New ;  Flats units or apartments - In a three storey block ;,Total number of dwelling units ;  New South Wales ;  New ;  Flats units or apartments - In a four or more storey block ;,Total number of dwelling units ;  New South Wales ;  New ;  Flats units or apartments - Total including those attached to a house ;,Total number of dwelling units ;  New South Wales ;  New ;  Total Other Residential ;,Total number of dwelling units ;  New South Wales ;  New ;  Total Residential ;,Total value of building jobs ;  New South Wales ;  New ;  Houses ;,"Total value of building jobs ;  New South Wales ;  New ;  Semi-detached, row or terrace houses, townhouses - One storey ;","Total value of building jobs ;  New South Wales ;  New ;  Semi-detached, row or terrace houses, townhouses - Two or more storeys ;","Total value of building jobs ;  New South Wales ;  New ;  Semi-detached, row or terrace houses, townhouses - Total ;",Total value of building jobs ;  New South Wales ;  New ;  Flats units or apartments - In a one or two storey block ;,Total value of building jobs ;  New South Wales ;  New ;  Flats units or apartments - In a three storey block ;,Total value of building jobs ;  New South Wales ;  New ;  Flats units or apartments - In a four or more storey block ;,Total value of building jobs ;  New South Wales ;  New ;  Flats units or apartments - Total including those attached to a house ;,Total value of building jobs ;  New South Wales ;  New ;  Total Other Residential ;,Total value of building jobs ;  New South Wales ;  New ;  Total Residential ;
Unit,Number,Number,Number,Number,Number,Number,Number,Number,Number,Number,$'000,$'000,$'000,$'000,$'000,$'000,$'000,$'000,$'000,$'000
Series Type,Original,Original,Original,Original,Original,Original,Original,Original,Original,Original,Original,Original,Original,Original,Original,Original,Original,Original,Original,Original
Data Type,FLOW,FLOW,FLOW,FLOW,FLOW,FLOW,FLOW,FLOW,FLOW,FLOW,FLOW,FLOW,FLOW,FLOW,FLOW,FLOW,FLOW,FLOW,FLOW,FLOW
Frequency,Month,Month,Month,Month,Month,Month,Month,Month,Month,Month,Month,Month,Month,Month,Month,Month,Month,Month,Month,Month
Collection Month,1,1,1,1,1,1,1,1,1,1,1,1,1,1,1,1,1,1,1,1
Series Start,Jul-1970,Jul-1991,Jul-1991,Jul-1991,Jul-1991,Jul-1991,Jul-1991,Jul-1991,Jul-1970,Jan-1965,Jul-1970,Jul-1991,Jul-1991,Jul-1991,Jul-1991,Jul-1991,Jul-1991,Jul-1991,Jul-1970,Jul-1970
Series End,Aug-2020,Aug-2020,Aug-2020,Aug-2020,Aug-2020,Aug-2020,Aug-2020,Aug-2020,Aug-2020,Aug-2020,Aug-2020,Aug-2020,Aug-2020,Aug-2020,Aug-2020,Aug-2020,Aug-2020,Aug-2020,Aug-2020,Aug-2020
No. Obs,602,350,350,350,350,350,350,350,602,668,602,350,350,350,350,350,350,350,602,602
Series ID,A418487L,A415860V,A422998T,A416496C,A423610C,A424243F,A424795C,A417144T,A419221W,A419913K,A418489T,A415862X,A423000V,A416498J,A423612J,A424245K,A424797J,A417146W,A419223A,A419915R
Jan-1965,,,,,,,,,,3048,,,,,,,,,,
Feb-1965,,,,,,,,,,3642,,,,,,,,,,
Mar-1965,,,,,,,,,,4212,,,,,,,,,,
Apr-1965,,,,,,,,,,3624,,,,,,,,,,
May-1965,,,,,,,,,,3490,,,,,,,,,,
Jun-1965,,,,,,,,,,4383,,,,,,,,,,
Jul-1965,,,,,,,,,,3894,,,,,,,,,,
Aug-1965,,,,,,,,,,3916,,,,,,,,,,
Sep-1965,,,,,,,,,,3607,,,,,,,,,,
Oct-1965,,,,,,,,,,3021,,,,,,,,,,
Nov-1965,,,,,,,,,,3381,,,,,,,,,,
Dec-1965,,,,,,,,,,2673,,,,,,,,,,
Jan-1966,,,,,,,,,,2285,,,,,,,,,,
Feb-1966,,,,,,,,,,2854,,,,,,,,,,
Mar-1966,,,,,,,,,,3541,,,,,,,,,,
Apr-1966,,,,,,,,,,2691,,,,,,,,,,
May-1966,,,,,,,,,,3641,,,,,,,,,,
Jun-1966,,,,,,,,,,3745,,,,,,,,,,
Jul-1966,,,,,,,,,,3573,,,,,,,,,,
Aug-1966,,,,,,,,,,3725,,,,,,,,,,
Sep-1966,,,,,,,,,,3486,,,,,,,,,,
Oct-1966,,,,,,,,,,3715,,,,,,,,,,
Nov-1966,,,,,,,,,,3935,,,,,,,,,,
Dec-1966,,,,,,,,,,3367,,,,,,,,,,
Jan-1967,,,,,,,,,,2920,,,,,,,,,,
Feb-1967,,,,,,,,,,3442,,,,,,,,,,
Mar-1967,,,,,,,,,,3240,,,,,,,,,,
Apr-1967,,,,,,,,,,3401,,,,,,,,,,
May-1967,,,,,,,,,,3933,,,,,,,,,,
Jun-1967,,,,,,,,,,3586,,,,,,,,,,
Jul-1967,,,,,,,,,,3505,,,,,,,,,,
Aug-1967,,,,,,,,,,4179,,,,,,,,,,
Sep-1967,,,,,,,,,,3901,,,,,,,,,,
Oct-1967,,,,,,,,,,4325,,,,,,,,,,
Nov-1967,,,,,,,,,,4130,,,,,,,,,,
Dec-1967,,,,,,,,,,3344,,,,,,,,,,
Jan-1968,,,,,,,,,,3978,,,,,,,,,,
Feb-1968,,,,,,,,,,4015,,,,,,,,,,
Mar-1968,,,,,,,,,,3944,,,,,,,,,,
Apr-1968,,,,,,,,,,3317,,,,,,,,,,
May-1968,,,,,,,,,,4836,,,,,,,,,,
Jun-1968,,,,,,,,,,3935,,,,,,,,,,
Jul-1968,,,,,,,,,,4733,,,,,,,,,,
Aug-1968,,,,,,,,,,4875,,,,,,,,,,
Sep-1968,,,,,,,,,,4425,,,,,,,,,,
Oct-1968,,,,,,,,,,4418,,,,,,,,,,
Nov-1968,,,,,,,,,,4646,,,,,,,,,,
Dec-1968,,,,,,,,,,3874,,,,,,,,,,
Jan-1969,,,,,,,,,,3921,,,,,,,,,,
Feb-1969,,,,,,,,,,4399,,,,,,,,,,
Mar-1969,,,,,,,,,,4616,,,,,,,,,,
Apr-1969,,,,,,,,,,4659,,,,,,,,,,
May-1969,,,,,,,,,,5198,,,,,,,,,,
Jun-1969,,,,,,,,,,4794,,,,,,,,,,
Jul-1969,,,,,,,,,,4836,,,,,,,,,,
Aug-1969,,,,,,,,,,5067,,,,,,,,,,
Sep-1969,,,,,,,,,,5003,,,,,,,,,,
Oct-1969,,,,,,,,,,4844,,,,,,,,,,
Nov-1969,,,,,,,,,,4577,,,,,,,,,,
Dec-1969,,,,,,,,,,4959,,,,,,,,,,
Jan-1970,,,,,,,,,,3808,,,,,,,,,,
Feb-1970,,,,,,,,,,4026,,,,,,,,,,
Mar-1970,,,,,,,,,,4648,,,,,,,,,,
Apr-1970,,,,,,,,,,5289,,,,,,,,,,
May-1970,,,,,,,,,,4172,,,,,,,,,,
Jun-1970,,,,,,,,,,3730,,,,,,,,,,
Jul-1970,2675,,,,,,,,1447,4122,31341,,,,,,,,10951,42292
Aug-1970,2464,,,,,,,,1375,3839,29121,,,,,,,,10367,39488
Sep-1970,2899,,,,,,,,1697,4596,34610,,,,,,,,13471,48081
Oct-1970,2936,,,,,,,,1445,4381,32942,,,,,,,,13162,46104
Nov-1970,2662,,,,,,,,1559,4221,31946,,,,,,,,13287,45233
Dec-1970,2729,,,,,,,,2359,5088,32070,,,,,,,,18862,50932
Jan-1971,2073,,,,,,,,1356,3429,25486,,,,,,,,10948,36434
Feb-1971,2239,,,,,,,,1195,3434,28050,,,,,,,,10339,38389
Mar-1971,2958,,,,,,,,1561,4519,36680,,,,,,,,13453,50133
Apr-1971,2562,,,,,,,,1472,4034,31769,,,,,,,,11725,43494
May-1971,3000,,,,,,,,1326,4326,37601,,,,,,,,12051,49652
Jun-1971,2750,,,,,,,,1812,4562,34459,,,,,,,,14169,48628
Jul-1971,2762,,,,,,,,1995,4757,34904,,,,,,,,15517,50421
Aug-1971,2953,,,,,,,,1775,4728,38584,,,,,,,,15121,53705
Sep-1971,2513,,,,,,,,1614,4127,31209,,,,,,,,14351,45560
Oct-1971,3005,,,,,,,,1101,4106,38158,,,,,,,,8687,46845
Nov-1971,2701,,,,,,,,1558,4259,34684,,,,,,,,13248,47932
Dec-1971,2220,,,,,,,,1743,3963,29501,,,,,,,,13612,43113
Jan-1972,2160,,,,,,,,1511,3671,28924,,,,,,,,11902,40826
Feb-1972,2114,,,,,,,,1637,3751,27948,,,,,,,,13180,41128
Mar-1972,2846,,,,,,,,1648,4494,38639,,,,,,,,13846,52485
Apr-1972,2148,,,,,,,,1292,3440,29350,,,,,,,,10406,39756
May-1972,2588,,,,,,,,1797,4385,36056,,,,,,,,16049,52105
Jun-1972,2919,,,,,,,,1869,4788,40363,,,,,,,,16578,56941
Jul-1972,2669,,,,,,,,1531,4200,36872,,,,,,,,13719,50591
Aug-1972,3009,,,,,,,,1992,5001,42068,,,,,,,,16678,58746
Sep-1972,2997,,,,,,,,2081,5078,41650,,,,,,,,17666,59316
Oct-1972,2513,,,,,,,,1926,4439,36895,,,,,,,,17441,54336
Nov-1972,3425,,,,,,,,1679,5104,48051,,,,,,,,14838,62889
Dec-1972,2571,,,,,,,,2410,4981,37544,,,,,,,,22233,59777
Jan-1973,2874,,,,,,,,2148,5022,42711,,,,,,,,20193,62904
Feb-1973,2792,,,,,,,,1428,4220,51163,,,,,,,,12774,63937
Mar-1973,3672,,,,,,,,1778,5450,55114,,,,,,,,16325,71439
Apr-1973,2990,,,,,,,,1883,4873,45181,,,,,,,,17463,62644
May-1973,3822,,,,,,,,3040,6862,58532,,,,,,,,32497,91029
Jun-1973,3621,,,,,,,,2252,5873,56819,,,,,,,,22061,78880
Jul-1973,3498,,,,,,,,2190,5688,56407,,,,,,,,22696,79103
Aug-1973,3582,,,,,,,,2314,5896,57588,,,,,,,,24734,82322
Sep-1973,3525,,,,,,,,2389,5914,59117,,,,,,,,24290,83407
Oct-1973,3017,,,,,,,,2570,5587,51265,,,,,,,,25396,76661
Nov-1973,3281,,,,,,,,2546,5827,56452,,,,,,,,27372,83824
Dec-1973,2373,,,,,,,,1661,4034,42620,,,,,,,,17659,60279
Jan-1974,2448,,,,,,,,1904,4352,44105,,,,,,,,22448,66553
Feb-1974,2399,,,,,,,,1737,4134,42189,,,,,,,,19171,61360
Mar-1974,2349,,,,,,,,2024,4373,42441,,,,,,,,22810,65251
Apr-1974,2533,,,,,,,,1614,4147,46826,,,,,,,,19712,66538
May-1974,2714,,,,,,,,2477,5191,51016,,,,,,,,27217,78233
Jun-1974,2022,,,,,,,,2288,4310,39352,,,,,,,,27263,66615
Jul-1974,2170,,,,,,,,2671,4841,43406,,,,,,,,33527,76933
Aug-1974,1749,,,,,,,,1426,3175,34500,,,,,,,,18588,53088
Sep-1974,1708,,,,,,,,1164,2872,32460,,,,,,,,15973,48433
Oct-1974,2039,,,,,,,,1356,3395,40068,,,,,,,,17660,57728
Nov-1974,1779,,,,,,,,1063,2842,36643,,,,,,,,16626,53269
Dec-1974,2083,,,,,,,,1372,3455,40327,,,,,,,,18851,59178
Jan-1975,1388,,,,,,,,717,2105,28360,,,,,,,,10118,38478
Feb-1975,1647,,,,,,,,622,2269,33727,,,,,,,,10311,44038
Mar-1975,1994,,,,,,,,886,2880,40652,,,,,,,,13284,53936
Apr-1975,2256,,,,,,,,1339,3595,46562,,,,,,,,20389,66951
May-1975,2269,,,,,,,,1061,3330,49366,,,,,,,,15198,64564
Jun-1975,2185,,,,,,,,1181,3366,47389,,,,,,,,19633,67022
Jul-1975,2104,,,,,,,,557,2661,47876,,,,,,,,6961,54837
Aug-1975,1939,,,,,,,,574,2513,43776,,,,,,,,8483,52259
Sep-1975,2169,,,,,,,,428,2597,48686,,,,,,,,6741,55427
Oct-1975,1877,,,,,,,,378,2255,43130,,,,,,,,5733,48863
Nov-1975,2260,,,,,,,,861,3121,52031,,,,,,,,11917,63948
Dec-1975,1717,,,,,,,,538,2255,40020,,,,,,,,8266,48286
Jan-1976,1994,,,,,,,,398,2392,48465,,,,,,,,6774,55239
Feb-1976,1954,,,,,,,,649,2603,45939,,,,,,,,9929,55868
Mar-1976,2210,,,,,,,,595,2805,54242,,,,,,,,9266,63508
Apr-1976,2163,,,,,,,,559,2722,53772,,,,,,,,8907,62679
May-1976,2309,,,,,,,,602,2911,57401,,,,,,,,10374,67775
Jun-1976,2562,,,,,,,,736,3298,62597,,,,,,,,12743,75340
Jul-1976,2269,,,,,,,,800,3069,57194,,,,,,,,15485,72679
Aug-1976,2389,,,,,,,,647,3036,59814,,,,,,,,10986,70800
Sep-1976,2489,,,,,,,,1272,3761,61938,,,,,,,,23226,85164
Oct-1976,2453,,,,,,,,659,3112,63394,,,,,,,,10971,74365
Nov-1976,2834,,,,,,,,965,3799,69107,,,,,,,,17875,86982
Dec-1976,2260,,,,,,,,695,2955,59033,,,,,,,,13835,72868
Jan-1977,2499,,,,,,,,733,3232,64830,,,,,,,,13442,78272
Feb-1977,2039,,,,,,,,546,2585,54196,,,,,,,,8014,62210
Mar-1977,2182,,,,,,,,306,2488,56828,,,,,,,,5101,61929
Apr-1977,1942,,,,,,,,657,2599,54003,,,,,,,,14076,68079
May-1977,2280,,,,,,,,724,3004,62917,,,,,,,,11897,74814
Jun-1977,2542,,,,,,,,616,3158,69712,,,,,,,,12220,81932
Jul-1977,2336,,,,,,,,669,3005,65794,,,,,,,,12435,78229
Aug-1977,2757,,,,,,,,787,3544,76609,,,,,,,,14094,90703
Sep-1977,2218,,,,,,,,540,2758,62818,,,,,,,,9425,72243
Oct-1977,2655,,,,,,,,595,3250,76347,,,,,,,,14936,91283
Nov-1977,2856,,,,,,,,874,3730,80518,,,,,,,,17780,98298
Dec-1977,2302,,,,,,,,767,3069,65563,,,,,,,,18015,83578
Jan-1978,2262,,,,,,,,620,2882,65782,,,,,,,,11429,77211
Feb-1978,1913,,,,,,,,673,2586,55123,,,,,,,,14517,69640
Mar-1978,2273,,,,,,,,565,2838,67294,,,,,,,,10909,78203
Apr-1978,2596,,,,,,,,608,3204,75145,,,,,,,,12278,87423
May-1978,2715,,,,,,,,556,3271,79277,,,,,,,,11157,90434
Jun-1978,2804,,,,,,,,794,3598,84022,,,,,,,,15617,99639
Jul-1978,2434,,,,,,,,543,2977,73867,,,,,,,,10930,84797
Aug-1978,2631,,,,,,,,821,3452,81966,,,,,,,,15541,97507
Sep-1978,2802,,,,,,,,470,3272,83176,,,,,,,,8841,92017
Oct-1978,2875,,,,,,,,816,3691,87952,,,,,,,,17273,105225
Nov-1978,2838,,,,,,,,661,3499,87202,,,,,,,,14229,101431
Dec-1978,2680,,,,,,,,829,3509,82341,,,,,,,,17055,99396
Jan-1979,2245,,,,,,,,490,2735,72606,,,,,,,,11545,84151
Feb-1979,2486,,,,,,,,766,3252,78824,,,,,,,,15894,94718
Mar-1979,2910,,,,,,,,777,3687,91315,,,,,,,,16962,108277
Apr-1979,2866,,,,,,,,816,3682,92092,,,,,,,,18229,110321
May-1979,3350,,,,,,,,935,4285,107470,,,,,,,,21065,128535
Jun-1979,3053,,,,,,,,833,3888,102166,,,,,,,,18802,120968
Jul-1979,3307,,,,,,,,1087,4322,111187,,,,,,,,22653,133840
Aug-1979,3183,,,,,,,,1110,4293,106416,,,,,,,,24864,131280
Sep-1979,3303,,,,,,,,984,4287,109384,,,,,,,,21835,131219
Oct-1979,3533,,,,,,,,1317,4850,119399,,,,,,,,27917,147316
Nov-1979,4019,,,,,,,,1267,5286,131415,,,,,,,,33013,164428
Dec-1979,3110,,,,,,,,860,3970,107517,,,,,,,,20768,128285
Jan-1980,2642,,,,,,,,1399,4041,94452,,,,,,,,33650,128102
Feb-1980,3037,,,,,,,,950,3987,108026,,,,,,,,28699,136725
Mar-1980,3652,,,,,,,,1360,4916,125969,,,,,,,,32642,158611
Apr-1980,3303,,,,,,,,1270,4476,123272,,,,,,,,30687,153959
May-1980,3954,,,,,,,,1462,5416,147024,,,,,,,,36878,183902
Jun-1980,3642,,,,,,,,1560,5202,137345,,,,,,,,45506,182851
Jul-1980,3700,,,,,,,,1213,4913,142643,,,,,,,,33418,176061
Aug-1980,3299,,,,,,,,1881,5180,130181,,,,,,,,44823,175004
Sep-1980,4055,,,,,,,,1254,5309,152686,,,,,,,,32384,185070
Oct-1980,3701,,,,,,,,1767,5468,141484,,,,,,,,43356,184840
Nov-1980,3591,,,,,,,,1508,5099,139203,,,,,,,,42039,181242
Dec-1980,3017,,,,,,,,1403,4420,121945,,,,,,,,40288,162233
Jan-1981,2689,,,,,,,,1503,4192,109307,,,,,,,,43719,153026
Feb-1981,3130,,,,,,,,1446,4831,130145,,,,,,,,42759,172904
Mar-1981,3142,,,,,,,,1610,4752,134760,,,,,,,,50785,185545
Apr-1981,3196,,,,,,,,1577,4773,136570,,,,,,,,45572,182142
May-1981,3072,,,,,,,,1710,4782,131407,,,,,,,,52368,183775
Jun-1981,3042,,,,,,,,1710,4752,133599,,,,,,,,51629,185228
Jul-1981,2903,,,,,,,,1627,4530,128225,,,,,,,,48044,176269
Aug-1981,2780,,,,,,,,1391,4171,125406,,,,,,,,46086,171492
Sep-1981,2571,,,,,,,,1751,4322,112674,,,,,,,,76376,189050
Oct-1981,2617,,,,,,,,1558,4175,113436,,,,,,,,58749,172185
Nov-1981,2501,,,,,,,,1322,3823,114099,,,,,,,,43556,157655
Dec-1981,2546,,,,,,,,1363,3909,115705,,,,,,,,53695,169400
Jan-1982,1758,,,,,,,,1311,3069,83128,,,,,,,,51418,134546
Feb-1982,1914,,,,,,,,1148,3062,91333,,,,,,,,36959,128292
Mar-1982,2566,,,,,,,,1216,3782,116951,,,,,,,,44892,161843
Apr-1982,1976,,,,,,,,1034,3062,95319,,,,,,,,34269,129588
May-1982,2265,,,,,,,,1362,3627,102663,,,,,,,,82610,185273
Jun-1982,2087,,,,,,,,1214,3301,97377,,,,,,,,37159,134536
Jul-1982,2112,,,,,,,,1457,3569,100376,,,,,,,,59927,160303
Aug-1982,1882,,,,,,,,1067,2949,90964,,,,,,,,43534,134498
Sep-1982,1838,,,,,,,,727,2565,82627,,,,,,,,27291,109918
Oct-1982,1693,,,,,,,,852,2545,79413,,,,,,,,40902,120315
Nov-1982,1819,,,,,,,,696,2515,84528,,,,,,,,25691,110219
Dec-1982,1698,,,,,,,,492,2190,76773,,,,,,,,20650,97423
Jan-1983,1528,,,,,,,,374,1902,67288,,,,,,,,11155,78443
Feb-1983,1936,,,,,,,,1003,2939,85342,,,,,,,,34396,119738
Mar-1983,2300,,,,,,,,849,3149,102729,,,,,,,,32577,135306
Apr-1983,2063,,,,,,,,618,2681,96445,,,,,,,,22641,119086
May-1983,2572,,,,,,,,586,3158,116238,,,,,,,,19251,135489
Jun-1983,2410,,,,,,,,718,3128,109168,,,,,,,,23602,132770
Jul-1983,2299,,,,,,,,536,2835,108153,,,,,,,,19201,127354
Aug-1983,2683,,,,,,,,814,3497,124313,,,,,,,,31063,155376
Sep-1983,2627,,,,,,,,755,3382,118198,,,,,,,,30089,148287
Oct-1983,2326,,,,,,,,1078,3404,107376,,,,,,,,38690,146066
Nov-1983,2808,,,,,,,,852,3660,131375,,,,,,,,33056,164432
Dec-1983,3096,,,,,,,,614,3710,140334,,,,,,,,22775,163109
Jan-1984,2264,,,,,,,,641,2905,104487,,,,,,,,24118,128605
Feb-1984,2529,,,,,,,,941,3470,120990,,,,,,,,40840,161831
Mar-1984,2698,,,,,,,,805,3503,132756,,,,,,,,32006,164762
Apr-1984,2349,,,,,,,,747,3096,115502,,,,,,,,29464,144966
May-1984,2931,,,,,,,,1247,4178,147958,,,,,,,,44908,192866
Jun-1984,2618,,,,,,,,653,3271,135001,,,,,,,,25077,160078
Jul-1984,2769,,,,,,,,708,3477,140945,,,,,,,,26749,167694
Aug-1984,2743,,,,,,,,872,3615,142461,,,,,,,,42710,185170
Sep-1984,2407,,,,,,,,1055,3462,126210,,,,,,,,45042,171252
Oct-1984,2570,,,,,,,,717,3287,129608,,,,,,,,30317,159925
Nov-1984,2786,,,,,,,,1436,4222,141559,,,,,,,,55350,196909
Dec-1984,2258,,,,,,,,1193,3451,117162,,,,,,,,57582,174744
Jan-1985,2283,,,,,,,,781,3064,121564,,,,,,,,29437,151002
Feb-1985,2250,,,,,,,,1056,3306,118308,,,,,,,,49034,167342
Mar-1985,2655,,,,,,,,780,3435,140802,,,,,,,,34853,175655
Apr-1985,2831,,,,,,,,922,3753,148285,,,,,,,,44179,192465
May-1985,2884,,,,,,,,801,3685,157511,,,,,,,,34134,191645
Jun-1985,2585,,,,,,,,1109,3694,143235,,,,,,,,42173,185408
Jul-1985,2923,,,,,,,,682,3605,166759,,,,,,,,31393,198152
Aug-1985,2552,,,,,,,,1101,3653,145355,,,,,,,,48374,193728
Sep-1985,2460,,,,,,,,1090,3550,136807,,,,,,,,48873,185679
Oct-1985,2961,,,,,,,,931,3892,166801,,,,,,,,41207,208009
Nov-1985,2173,,,,,,,,1370,3543,128224,,,,,,,,63967,192191
Dec-1985,2013,,,,,,,,1116,3129,118692,,,,,,,,54839,173531
Jan-1986,1857,,,,,,,,631,2488,110198,,,,,,,,24746,134944
Feb-1986,1895,,,,,,,,372,2267,110920,,,,,,,,20606,131526
Mar-1986,1902,,,,,,,,571,2473,112922,,,,,,,,23728,136650
Apr-1986,1863,,,,,,,,699,2562,111592,,,,,,,,30563,142155
May-1986,2155,,,,,,,,522,2677,131675,,,,,,,,23814,155489
Jun-1986,2292,,,,,,,,1093,3385,137186,,,,,,,,59577,196763
Jul-1986,2161,,,,,,,,1364,3525,132313,,,,,,,,63615,195928
Aug-1986,1898,,,,,,,,606,2504,121236,,,,,,,,25382,146619
Sep-1986,2016,,,,,,,,645,2661,127447,,,,,,,,27753,155200
Oct-1986,1800,,,,,,,,711,2511,116776,,,,,,,,43044,159820
Nov-1986,1883,,,,,,,,683,2566,119609,,,,,,,,36398,156007
Dec-1986,1549,,,,,,,,793,2342,102780,,,,,,,,34224,137004
Jan-1987,1586,,,,,,,,372,1958,101982,,,,,,,,18164,120146
Feb-1987,1866,,,,,,,,761,2627,121263,,,,,,,,43489,164752
Mar-1987,2163,,,,,,,,653,2816,142797,,,,,,,,29354,172151
Apr-1987,1852,,,,,,,,584,2436,123813,,,,,,,,30462,154275
May-1987,2117,,,,,,,,947,3064,143599,,,,,,,,50744,194342
Jun-1987,2023,,,,,,,,748,2771,139573,,,,,,,,38660,178233
Jul-1987,2374,,,,,,,,617,2991,159383,,,,,,,,40749,200132
Aug-1987,2005,,,,,,,,931,2936,138270,,,,,,,,49352,187622
Sep-1987,2421,,,,,,,,617,3038,165250,,,,,,,,27155,192405
Oct-1987,2680,,,,,,,,545,3225,184511,,,,,,,,30708,215220
Nov-1987,3174,,,,,,,,897,4071,211570,,,,,,,,49086,260656
Dec-1987,2464,,,,,,,,639,3103,175809,,,,,,,,34514,210323
Jan-1988,2378,,,,,,,,570,2948,171495,,,,,,,,29914,201409
Feb-1988,2625,,,,,,,,1255,3880,183567,,,,,,,,74940,258507
Mar-1988,3136,,,,,,,,920,4056,218895,,,,,,,,49383,268277
Apr-1988,2738,,,,,,,,983,3721,205986,,,,,,,,53378,259363
May-1988,3504,,,,,,,,1204,4708,260075,,,,,,,,73371,333445
Jun-1988,3679,,,,,,,,1055,4734,275152,,,,,,,,61110,336262
Jul-1988,3095,,,,,,,,1289,4384,244556,,,,,,,,69373,313929
Aug-1988,3833,,,,,,,,1522,5355,300972,,,,,,,,111296,412268
Sep-1988,3213,,,,,,,,1419,4632,257820,,,,,,,,80030,337850
Oct-1988,2710,,,,,,,,982,3692,223873,,,,,,,,56349,280223
Nov-1988,3531,,,,,,,,1375,4906,299461,,,,,,,,76852,376313
Dec-1988,2772,,,,,,,,1078,3850,229721,,,,,,,,64793,294515
Jan-1989,2852,,,,,,,,1138,3990,235407,,,,,,,,68019,303426
Feb-1989,2659,,,,,,,,1359,4018,237598,,,,,,,,91068,328666
Mar-1989,2989,,,,,,,,1564,4553,266355,,,,,,,,99937,366292
Apr-1989,2675,,,,,,,,1209,3884,239762,,,,,,,,74344,314107
May-1989,3013,,,,,,,,1593,4606,277748,,,,,,,,102226,379974
Jun-1989,2491,,,,,,,,1740,4231,227496,,,,,,,,123042,350539
Jul-1989,2025,,,,,,,,1227,3252,185603,,,,,,,,77436,263039
Aug-1989,2295,,,,,,,,1613,3908,208473,,,,,,,,107363,315836
Sep-1989,2186,,,,,,,,1762,3948,197050,,,,,,,,120409,317460
Oct-1989,2225,,,,,,,,1280,3505,197719,,,,,,,,76571,274290
Nov-1989,2376,,,,,,,,1408,3784,213250,,,,,,,,93879,307129
Dec-1989,1702,,,,,,,,778,2480,159199,,,,,,,,78189,237388
Jan-1990,1991,,,,,,,,886,2877,177220,,,,,,,,63408,240628
Feb-1990,1806,,,,,,,,1121,2927,166684,,,,,,,,99283,265968
Mar-1990,2489,,,,,,,,1181,3670,223450,,,,,,,,86836,310286
Apr-1990,1948,,,,,,,,950,2898,183092,,,,,,,,77910,261002
May-1990,2390,,,,,,,,1366,3756,231691,,,,,,,,117016,348707
Jun-1990,2088,,,,,,,,1142,3230,198099,,,,,,,,102764,300863
Jul-1990,2019,,,,,,,,1109,3128,199579,,,,,,,,78821,278400
Aug-1990,2120,,,,,,,,1232,3352,210959,,,,,,,,79358,290317
Sep-1990,2060,,,,,,,,1268,3328,191258,,,,,,,,97045,288303
Oct-1990,2134,,,,,,,,1300,3434,205243,,,,,,,,99746,304990
Nov-1990,2684,,,,,,,,1243,3927,243301,,,,,,,,91128,334430
Dec-1990,1656,,,,,,,,922,2578,158923,,,,,,,,71370,230293
Jan-1991,2021,,,,,,,,874,2895,195360,,,,,,,,92286,287645
Feb-1991,1772,,,,,,,,928,2700,172666,,,,,,,,64093,236759
Mar-1991,1968,,,,,,,,980,2948,188687,,,,,,,,85672,274358
Apr-1991,2095,,,,,,,,766,2861,195573,,,,,,,,48362,243935
May-1991,2391,,,,,,,,1327,3718,230751,,,,,,,,111696,342446
Jun-1991,1986,,,,,,,,1013,2999,190232,,,,,,,,105548,295780
Jul-1991,2556,297,376,673,499,135,95,729,1402,3958,241871,17585,25911,43496,29592,16585,19400,65577,109073,350944
Aug-1991,2510,283,128,411,662,21,36,719,1130,3640,235905,17949,8588,26536,42727,2178,2518,47423,73959,309864
Sep-1991,2598,344,27,371,700,105,53,858,1229,3827,254726,21914,2050,23964,43812,6916,3050,53778,77742,332468
Oct-1991,2581,242,123,365,443,118,116,677,1042,3623,258322,21072,12661,33733,26982,8055,16050,51087,84820,343142
Nov-1991,2423,372,140,512,447,128,14,589,1101,3524,237740,27667,10298,37965,32137,12488,900,45525,83491,321231
Dec-1991,1920,444,96,540,505,227,21,753,1293,3213,186485,36471,8247,44718,32343,19400,1990,53733,98452,284936
Jan-1992,1775,237,91,328,672,97,69,838,1166,2941,179246,17460,7219,24678,48721,7483,5000,61204,85882,265128
Feb-1992,1868,336,88,424,512,167,78,757,1181,3049,180112,25640,7312,32951,41834,16611,6000,64445,97397,277509
Mar-1992,2516,484,268,752,537,107,0,644,1396,3912,252753,35487,20167,55655,42659,12250,0,54908,110563,363317
Apr-1992,2351,694,174,868,495,35,0,530,1398,3749,229895,48590,11298,59887,32285,2475,0,34760,94648,324543
May-1992,2303,533,226,759,452,99,251,802,1561,3864,226441,40417,18060,58477,33572,9479,27734,70785,129262,355703
Jun-1992,2596,258,199,457,792,180,11,983,1440,4036,257895,18259,15968,34226,53867,13192,2245,69304,103530,361425
Jul-1992,2693,470,107,577,561,119,138,818,1395,4088,267877,31381,8107,39487,39145,6925,15195,61265,100752,368629
Aug-1992,2320,454,210,664,331,58,183,572,1236,3556,235029,31251,16669,47920,23125,4279,15650,43054,90974,326002
Sep-1992,2657,607,198,805,562,263,8,833,1638,4295,268264,44923,18837,63760,40035,22868,800,63703,127463,395727
Oct-1992,2457,472,176,648,820,24,0,844,1492,3949,241243,33267,13806,47073,53543,2220,0,55763,102836,344079
Nov-1992,2559,551,213,764,719,179,357,1255,2019,4578,254506,38061,17058,55119,43949,11878,40000,95828,150947,405453
Dec-1992,2436,624,216,840,489,200,124,813,1653,4089,243371,45819,16742,62561,32773,14676,8500,55949,118509,361880
Jan-1993,1905,409,176,585,393,41,750,1184,1769,3674,189077,29089,13542,42631,32783,2730,325000,360513,403144,592221
Feb-1993,2243,505,224,729,449,244,264,957,1686,3929,222354,39887,11837,51724,30656,15830,39073,85559,137283,359637
Mar-1993,2747,582,325,907,537,120,260,917,1824,4571,270520,42134,23742,65876,33963,9465,21560,64988,130865,401385
Apr-1993,2381,535,192,727,426,104,189,719,1446,3827,238281,34899,15529,50428,27671,14823,31400,73895,124323,362604
May-1993,2557,644,201,845,390,114,176,680,1525,4082,251186,44115,17260,61375,24039,7562,19700,51301,112677,363862
Jun-1993,2567,595,169,764,320,180,28,528,1292,3859,252168,44662,13235,57897,20313,15211,5100,40624,98521,350689
Jul-1993,2571,840,195,1035,435,131,268,834,1869,4440,257276,55665,16719,72384,27513,12305,48700,88518,160902,418178
Aug-1993,2390,598,225,823,316,165,149,630,1453,3843,236346,41759,22999,64758,18684,14772,10850,44306,109064,345410
Sep-1993,2643,508,399,907,350,86,276,712,1619,4262,261196,35473,24275,59748,24909,6875,50950,82734,142482,403678
Oct-1993,2359,605,228,833,319,152,136,607,1440,3799,232637,40581,18441,59022,22737,10585,11175,44497,103519,336157
Nov-1993,2625,551,530,1081,283,88,464,835,1916,4541,266038,38561,40778,79340,18144,7035,44400,69579,148918,414956
Dec-1993,2103,479,250,729,202,119,104,425,1154,3257,225466,31534,21335,52869,12914,9425,6406,28745,81614,307081
Jan-1994,2039,609,177,786,177,150,418,745,1531,3570,214740,41425,15874,57298,13231,14258,34568,62057,119355,334095
Feb-1994,2168,593,247,840,294,142,91,527,1367,3535,219860,43447,20499,63946,20072,8496,11388,39956,103901,323761
Mar-1994,2975,482,163,645,427,172,97,696,1341,4316,303797,34402,16212,50614,30010,11465,8490,49965,100579,404375
Apr-1994,2505,470,256,726,304,134,139,577,1303,3808,262871,34862,21413,56275,19316,8490,12470,40276,96550,359421
May-1994,3289,713,274,987,592,161,404,1157,2144,5433,324380,50782,24594,75376,40689,16455,33540,90684,166060,490439
Jun-1994,2945,650,426,1076,463,135,487,1085,2161,5106,314509,43583,43218,86801,33198,13170,57829,104197,190998,505507
Jul-1994,2689,529,274,803,441,112,296,849,1652,4341,285936,39104,23527,62631,30860,9698,33965,74524,137154,423091
Aug-1994,3046,756,411,1167,392,331,1288,2011,3178,6224,332400,52380,39005,91384,29449,23793,207875,261117,352501,684902
Sep-1994,2762,589,396,985,499,116,1090,1705,2690,5452,291211,43858,35222,79080,35677,8605,155800,200082,279162,570372
Oct-1994,2842,435,325,760,330,47,526,903,1663,4505,298360,30698,34040,64738,22455,4295,48267,75017,139755,438115
Nov-1994,2886,650,277,927,269,263,145,677,1604,4490,303535,46833,28525,75358,18074,20205,32900,71179,146537,450072
Dec-1994,2040,565,254,819,320,305,615,1240,2059,4099,230230,40813,28757,69570,21397,21793,75880,119070,188641,418870
Jan-1995,2058,458,268,726,315,120,527,962,1688,3746,221826,32671,29512,62183,18571,9262,61210,89042,151226,373052
Feb-1995,2028,490,368,858,353,332,272,957,1815,3843,218147,35131,33486,68617,23707,23526,25000,72233,140850,358997
Mar-1995,2158,668,345,1013,221,252,462,935,1948,4106,236518,48076,34313,82389,14363,19236,108700,142299,224688,461206
Apr-1995,1829,476,195,671,424,134,432,990,1661,3490,205471,33954,19441,53395,27612,11538,41942,81092,134488,339958
May-1995,2564,521,646,1167,537,300,396,1233,2400,4964,284420,39619,77659,117278,40473,24899,38625,103997,221275,505696
Jun-1995,2099,490,378,868,314,91,159,564,1432,3531,236750,36795,35809,72604,21430,6245,15248,42923,115527,352277
Jul-1995,2142,397,531,928,289,141,865,1295,2223,4365,245553,27883,47527,75411,20103,12935,229483,262521,337931,583485
Aug-1995,2296,543,347,890,307,110,178,595,1485,3781,249738,39612,31369,70981,24039,9500,30550,64089,135070,384807
Sep-1995,2286,356,232,588,173,408,314,895,1483,3769,251330,28242,20460,48703,18436,26643,58656,103735,152437,403767
Oct-1995,2026,422,219,641,160,198,345,703,1344,3370,217033,34515,20992,55507,10201,16232,48380,74813,130320,347353
Nov-1995,2213,362,241,603,200,160,523,883,1486,3699,243835,28330,21190,49521,20974,12692,79520,113186,162707,406542
Dec-1995,1733,219,524,743,226,195,0,421,1164,2897,201664,17154,48093,65247,17144,13255,0,30399,95645,297309
Jan-1996,1743,451,223,674,168,107,154,429,1103,2846,195581,33891,23400,57291,11541,8000,15498,35039,92330,287911
Feb-1996,2002,413,389,802,145,295,72,512,1314,3316,222583,29269,31295,60564,12008,20255,6060,38323,98887,321469
Mar-1996,2085,274,231,505,124,217,297,638,1143,3228,230730,21133,20282,41415,9581,17720,20769,48070,89485,320215
Apr-1996,1910,245,275,520,149,124,333,606,1126,3036,217182,18101,24944,43045,11315,10610,42622,64547,107592,324774
May-1996,2116,276,394,670,331,474,827,1632,2302,4418,242859,21180,35383,56563,24342,37245,132440,194026,250590,493449
Jun-1996,1898,280,303,583,219,139,136,494,1077,2975,218150,23582,26097,49679,14533,10555,13030,38118,87797,305947
Jul-1996,2321,366,402,768,415,246,761,1422,2190,4511,268750,29164,36451,65615,28341,23715,111296,163352,228966,497716
Aug-1996,2086,354,211,565,148,105,413,666,1231,3317,237548,24427,19876,44303,9533,8490,59225,77248,121552,359100
Sep-1996,2305,328,338,666,150,176,100,426,1092,3397,262875,25138,33719,58857,9708,18605,12360,40673,99530,362406
Oct-1996,2029,304,275,579,207,258,522,987,1566,3595,239744,23228,31458,54686,14683,22861,53515,91059,145745,385489
Nov-1996,2033,247,221,468,355,341,420,1116,1584,3617,236318,19039,21764,40802,25670,28995,86442,141107,181910,418228
Dec-1996,2009,202,310,512,257,263,446,966,1478,3487,234923,14919,26837,41756,17799,21827,50820,90447,132203,367126
Jan-1997,1818,261,591,852,393,399,203,995,1847,3665,210723,24758,57916,82674,27042,31555,29233,87831,170505,381228
Feb-1997,1829,295,342,637,180,323,826,1329,1966,3795,213514,24802,35247,60049,14613,35654,88408,138675,198724,412238
Mar-1997,1842,226,314,540,213,267,498,978,1518,3360,219109,17048,28933,45982,18565,24485,48653,91703,137685,356794
Apr-1997,2297,311,340,651,196,301,767,1264,1915,4212,268499,23684,30277,53961,15491,21830,94170,131491,185452,453951
May-1997,3346,260,539,799,138,392,519,1049,1848,5194,412601,20273,59824,80097,10471,38423,66742,115636,195733,608335
Jun-1997,2122,264,430,694,191,327,414,932,1626,3748,249732,19948,41824,61772,16025,32580,66743,115348,177120,426852
Jul-1997,2359,277,442,719,213,271,547,1031,1750,4109,284121,21567,50640,72206,18035,23015,68860,109910,182116,466237
Aug-1997,2226,280,394,674,243,215,1057,1515,2189,4415,263305,22928,33896,56824,24439,30503,218668,273610,330434,593739
Sep-1997,2502,258,335,593,203,278,669,1150,1743,4245,306039,19033,30561,49594,16097,23295,98761,138153,187747,493785
Oct-1997,2453,320,252,572,133,423,470,1026,1598,4051,293326,25645,22359,48003,9683,33300,108397,151381,199384,492710
Nov-1997,2411,275,360,635,229,389,973,1591,2226,4637,290481,19525,38465,57990,17200,31740,141540,190480,248470,538951
Dec-1997,2491,262,339,601,226,512,501,1239,1840,4331,303757,20518,31595,52114,21982,47970,70950,140902,193016,496772
Jan-1998,2210,264,234,498,205,249,301,755,1253,3463,267730,20543,22083,42627,14391,23395,26500,64286,106913,374643
Feb-1998,2134,233,308,541,215,226,249,690,1231,3365,261417,18399,30434,48833,19230,18410,27780,65420,114253,375670
Mar-1998,2622,323,385,708,282,397,281,960,1668,4290,319838,28031,38018,66049,29056,31061,43903,104020,170069,489907
Apr-1998,2422,412,337,749,201,360,970,1531,2280,4702,302584,35247,32570,67817,16922,38643,166047,221612,289429,592013
May-1998,2596,286,290,576,298,181,749,1228,1804,4400,327615,22908,31627,54536,28735,14592,124580,167908,222443,550058
Jun-1998,2649,323,395,718,124,217,969,1310,2028,4677,329514,24185,38149,62335,11759,20529,108980,141268,203603,533117
Jul-1998,2631,381,433,814,204,208,1632,2044,2858,5489,326978,31110,49478,80589,21581,19722,187340,228643,309231,636209
Aug-1998,2095,301,279,580,196,255,520,971,1551,3646,274303,28471,26088,54560,20182,33840,68010,122032,176591,450895
Sep-1998,2356,278,495,773,172,172,291,635,1408,3764,298141,24381,50234,74614,13786,15425,31400,60611,135225,433367
Oct-1998,2266,315,408,723,115,242,553,910,1633,3899,289147,25375,42434,67809,9697,19363,80187,109247,177056,466203
Nov-1998,2404,284,484,768,145,315,1193,1653,2421,4825,311181,26768,51899,78667,12030,32925,205128,250083,328751,639932
Dec-1998,2341,337,350,687,138,300,893,1331,2018,4359,304929,27423,39235,66658,12300,27159,123738,163196,229854,534783
Jan-1999,1864,257,271,528,114,256,701,1071,1599,3463,239454,21388,27334,48722,10066,21938,62069,94073,142795,382249
Feb-1999,2160,228,343,571,87,316,910,1313,1884,4044,289774,19543,37826,57369,6603,34060,140415,181078,238447,528221
Mar-1999,2754,314,400,714,249,150,552,951,1665,4419,362646,29200,39157,68357,19931,14306,64038,98274,166632,529278
Apr-1999,2067,318,325,643,95,328,766,1189,1832,3899,278389,24102,35250,59351,7034,37599,111802,156435,215786,494175
May-1999,2875,329,551,880,210,190,552,952,1832,4707,388748,27377,57798,85175,20296,20470,93961,134728,219903,608650
Jun-1999,2522,395,562,957,171,427,578,1176,2133,4655,343426,33625,65991,99616,14438,46508,80166,141113,240728,584154
Jul-1999,2944,419,632,1051,160,146,838,1144,2195,5139,397504,40978,60194,101172,16231,16974,126762,159967,261139,658644
Aug-1999,2751,231,411,642,185,308,1095,1588,2230,4981,377205,20253,42112,62366,15965,25111,184136,225213,287578,664784
Sep-1999,2643,406,345,751,85,224,740,1049,1800,4443,361571,35033,37406,72439,10505,20992,88386,119883,192321,553892
Oct-1999,2588,262,341,603,84,185,870,1139,1742,4330,356662,21113,34118,55231,8341,17440,95260,121041,176272,532934
Nov-1999,2996,263,256,519,172,189,852,1213,1732,4728,412541,23039,24668,47707,19631,18911,130830,169372,217079,629620
Dec-1999,3064,209,496,705,62,75,497,634,1339,4403,419654,18188,50962,69150,4750,7930,99685,112365,181515,601170
Jan-2000,2360,214,258,472,89,203,597,889,1361,3721,332394,20043,25386,45428,7456,18170,114759,140385,185813,518207
Feb-2000,2714,388,545,933,207,213,530,950,1883,4597,389986,35318,52386,87705,21563,25985,89400,136948,224653,614639
Mar-2000,3020,257,392,649,135,138,308,581,1230,4250,421878,22952,42746,65698,17959,13844,34749,66553,132251,554129
Apr-2000,1975,202,345,547,113,240,393,746,1293,3268,283379,18572,38598,57170,11105,20412,56079,87596,144766,428145
May-2000,2460,271,509,780,112,279,767,1158,1938,4398,353976,24142,61579,85721,12283,29220,161739,203241,288962,642938
Jun-2000,1784,245,317,562,201,54,519,774,1336,3120,262192,21784,33831,55614,18479,6340,89012,113831,169445,431637
Jul-2000,1380,107,225,332,102,111,255,468,800,2180,204356,9678,29345,39022,10549,10340,42531,63419,102442,306798
Aug-2000,1604,134,136,270,93,105,664,862,1132,2736,235819,17327,16375,33702,12502,12050,111570,136122,169825,405644
Sep-2000,1478,140,270,410,94,189,394,677,1087,2565,221102,13315,35266,48582,6996,21590,68720,97306,145888,366990
Oct-2000,1738,237,258,495,23,264,841,1128,1623,3361,252722,19298,28096,47394,3440,29722,117800,150962,198357,451079
Nov-2000,1656,74,172,246,73,137,1259,1469,1715,3371,250393,7760,17902,25662,6374,15054,209535,230963,256625,507018
Dec-2000,1383,188,335,523,80,113,374,567,1090,2473,215990,14833,35436,50269,9954,12700,66448,89102,139371,355361
Jan-2001,1463,275,281,556,85,168,465,718,1274,2737,214417,23860,31109,54969,7540,24463,81622,113625,168595,383012
Feb-2001,1507,186,343,529,128,114,123,365,894,2401,230215,19166,41051,60217,12819,15030,20150,47999,108216,338431
Mar-2001,1552,130,259,389,57,84,406,547,936,2488,245705,13283,31360,44643,5202,12780,45570,63552,108195,353900
Apr-2001,1458,111,371,482,71,183,315,569,1051,2509,229172,11774,47201,58975,6254,19066,57747,83067,142042,371213
May-2001,2034,138,474,612,80,294,560,934,1546,3580,320556,14613,51878,66492,10768,37225,100480,148473,214964,535521
Jun-2001,1876,95,295,390,125,86,652,863,1253,3129,289754,9857,35464,45321,22864,10981,161293,195138,240460,530214
Jul-2001,2180,135,401,536,107,133,875,1115,1651,3831,357555,13871,58427,72298,12118,19400,135193,166711,239009,596564
Aug-2001,2414,231,307,538,79,209,792,1080,1618,4032,385064,24246,37990,62235,7312,36150,146871,190332,252568,637632
Sep-2001,2189,209,253,462,91,225,1117,1433,1895,4084,341176,21083,43485,64567,9558,45200,190436,245194,309761,650937
Oct-2001,2654,132,381,513,192,328,1621,2141,2654,5308,416939,14696,40536,55232,22592,39705,247128,309425,364657,781596
Nov-2001,2781,228,487,715,110,220,930,1260,1975,4756,420522,23813,65465,89279,12655,27184,136075,175914,265193,685715
Dec-2001,2173,183,368,551,117,111,595,823,1374,3547,331192,19084,46382,65466,16206,16916,87913,121035,186501,517693
Jan-2002,2073,226,317,543,77,197,690,964,1507,3580,334275,18842,42163,61005,9859,21700,104064,135622,196627,530902
Feb-2002,2157,119,281,400,207,241,227,675,1075,3232,351621,12404,33938,46342,20652,27771,45037,93460,139802,491424
Mar-2002,2004,225,342,567,75,248,714,1037,1604,3608,329458,23092,44866,67958,7320,32246,110040,149606,217564,547022
Apr-2002,2246,304,502,806,90,292,1567,1949,2755,5001,362057,35093,80403,115495,9923,40009,255664,305596,421091,783148
May-2002,2582,250,381,631,52,315,1356,1723,2354,4936,427200,27783,57151,84934,4043,42927,212105,259075,344009,771208
Jun-2002,2223,302,364,666,55,83,632,770,1436,3659,379526,28442,43801,72244,5107,9895,106460,121462,193706,573232
Jul-2002,2426,289,550,839,104,81,451,636,1475,3901,410375,29150,68761,97911,10453,11320,46900,68673,166584,576959
Aug-2002,2371,241,393,634,157,412,1044,1613,2247,4618,395345,24871,52899,77770,15270,71857,164460,251587,329358,724702
Sep-2002,2117,251,362,613,140,139,675,954,1567,3684,371529,23030,51631,74661,20204,19050,88425,127679,202340,573869
Oct-2002,2291,281,483,764,69,359,2717,3145,3909,6200,394388,30263,72003,102267,9883,52528,613878,676289,778555,1172944
Nov-2002,2325,298,454,752,35,99,1295,1429,2181,4506,423510,29399,64115,93514,5100,13037,257880,276017,369530,793041
Dec-2002,1726,123,377,500,46,203,1140,1389,1889,3615,313031,13963,47247,61210,4595,22600,255045,282240,343451,656482
Jan-2003,1760,172,428,600,161,147,1122,1430,2030,3790,314028,19844,54129,73974,25381,18673,212933,256987,330961,644988
Feb-2003,1856,165,338,503,77,191,961,1229,1732,3588,341347,19743,45761,65503,8896,24880,231309,265085,330588,671935
Mar-2003,1948,160,520,680,125,293,698,1116,1796,3744,362716,17990,79694,97683,13500,44100,87815,145415,243098,605814
Apr-2003,1850,344,449,793,114,223,605,942,1735,3585,336770,40056,66179,106235,16287,21430,83350,121067,227303,564072
May-2003,2241,289,436,725,89,323,701,1113,1838,4079,407204,27707,60936,88643,11396,37720,128433,177548,266191,673395
Jun-2003,2148,224,593,817,42,146,406,594,1411,3559,402672,27030,85082,112113,7360,17134,61069,85562,197675,600347
Jul-2003,2152,204,420,624,109,133,1488,1730,2354,4506,400020,24720,62633,87354,13393,21992,323092,358477,445830,845850
Aug-2003,2037,170,504,674,123,227,1001,1351,2025,4062,373115,21713,69612,91325,14729,30855,176370,221954,313279,686394
Sep-2003,2334,236,542,778,111,295,1353,1759,2537,4871,452480,25237,82871,108108,13700,42440,272499,328639,436747,889227
Oct-2003,2236,289,485,774,70,410,633,1113,1887,4123,436039,37878,65011,102890,10323,55670,123252,189245,292135,728174
Nov-2003,2121,276,541,817,104,247,632,983,1800,3921,416233,31096,82401,113498,20014,40422,111579,172015,285512,701745
Dec-2003,2060,185,499,684,65,254,937,1256,1940,4000,406020,23932,81277,105209,10073,38506,167963,216543,321752,727772
Jan-2004,1468,189,407,596,57,65,719,841,1437,2905,292670,19453,63453,82906,10156,10960,113220,134336,217242,509912
Feb-2004,1866,277,390,667,117,204,1137,1458,2125,3991,392888,47740,63272,111012,13628,37160,213515,264303,375316,768204
Mar-2004,2038,207,513,720,174,272,919,1365,2085,4123,414001,26661,83489,110150,26598,35499,181930,244027,354176,768178
Apr-2004,1775,233,394,627,63,198,1107,1368,1995,3770,375711,28945,62338,91283,8588,25525,267307,301420,392702,768413
May-2004,1916,293,475,768,145,100,1120,1365,2133,4049,400568,35580,75729,111309,20715,16098,165037,201849,313159,713727
Jun-2004,2094,292,495,787,42,229,818,1089,1876,3970,439912,32967,77073,110040,13321,32050,161100,206471,316511,756422
Jul-2004,1790,381,739,1120,52,361,655,1068,2188,3978,391612,48412,145698,194109,7621,56344,97758,161723,355832,747445
Aug-2004,1899,282,536,818,104,90,803,997,1815,3714,402235,35682,85286,120968,13199,17005,161397,191601,312569,714804
Sep-2004,1769,184,357,541,122,60,1006,1188,1729,3498,369247,24061,52774,76835,20839,8670,229430,258939,335774,705021
Oct-2004,1563,294,419,713,80,115,609,804,1517,3080,348369,44258,67260,111518,8556,17760,125561,151877,263394,611763
Nov-2004,1874,184,403,587,58,311,669,1039,1626,3500,397633,22027,63979,86007,9067,40879,216475,266461,352467,750101
Dec-2004,1513,263,644,907,147,197,462,806,1713,3226,325507,31400,129600,160999,12235,31870,136173,180277,341276,666783
Jan-2005,1276,142,288,430,91,86,581,758,1188,2464,268519,20154,45097,65251,12462,12300,102956,127718,192969,461487
Feb-2005,1537,239,354,593,250,164,715,1129,1722,3259,340191,29163,64949,94111,26059,35277,185346,246682,340793,680984
Mar-2005,1460,162,349,511,82,197,874,1153,1664,3124,332291,21514,58534,80048,10486,34520,189750,234756,314804,647096
Apr-2005,1439,117,338,455,112,214,796,1122,1577,3016,321350,15162,54726,69888,19019,33623,134850,187493,257381,578731
May-2005,1681,198,441,639,183,236,694,1113,1752,3433,380042,30125,83818,113942,16855,63104,188123,268082,382024,762067
Jun-2005,1939,228,375,603,30,66,445,541,1144,3083,422893,28621,61050,89671,5402,10481,102180,118063,207734,630626
Jul-2005,1905,197,273,470,136,78,580,794,1264,3169,403774,26910,43079,69989,17375,14850,153052,185277,255266,659040
Aug-2005,1719,362,398,760,71,206,454,731,1491,3210,390903,41110,63451,104561,17185,56450,109778,183413,287974,678877
Sep-2005,1580,180,344,524,108,273,733,1114,1638,3218,384696,25101,51732,76833,16346,33443,196761,246549,323383,708079
Oct-2005,1327,145,375,520,65,193,541,799,1319,2646,300395,21436,58024,79461,11156,34521,122544,168222,247682,548077
Nov-2005,1394,212,349,561,57,100,910,1067,1628,3022,331380,32213,77500,109713,8104,20815,171323,200243,309956,641336
Dec-2005,1170,338,272,610,156,224,754,1134,1744,2914,268336,37086,44694,81780,20199,33001,186080,239280,321061,589397
Jan-2006,1091,152,333,485,127,143,414,684,1169,2260,266313,23873,61078,84951,25925,36526,86844,149295,234245,500559
Feb-2006,1213,143,310,453,33,155,532,720,1173,2386,293900,20089,49213,69302,6100,26410,162264,194774,264076,557976
Mar-2006,1361,158,279,437,130,219,491,840,1277,2638,336326,24904,49689,74592,17200,29070,107575,153845,228437,564764
Apr-2006,1088,142,216,358,48,281,126,455,813,1901,277203,17440,42881,60321,6188,36207,22100,64494,124815,402018
May-2006,1581,209,396,605,140,149,732,1021,1626,3207,367518,26958,65832,92791,25186,30919,180700,236805,329596,697114
Jun-2006,1583,623,303,926,65,93,557,715,1641,3224,369843,113962,48963,162925,9454,19390,151055,179899,342824,712667
Jul-2006,1530,168,307,475,93,77,410,581,1056,2586,358342,25473,53846,79319,32250,16684,88855,137879,217198,575539
Aug-2006,1548,349,219,568,20,208,482,710,1278,2826,364546,69562,37775,107336,3540,31260,107360,142160,249496,614042
Sep-2006,1500,275,455,730,12,68,1057,1137,1867,3367,380626,42409,68344,110752,3357,14160,241713,259229,369981,750608
Oct-2006,1345,98,384,482,91,55,938,1084,1566,2911,322741,13580,56985,70565,15751,11290,240737,267778,338343,661084
Nov-2006,1363,237,321,558,46,71,510,627,1185,2548,338152,41867,54389,96256,11747,12931,116792,141471,237726,575879
Dec-2006,1188,178,214,392,31,40,673,744,1136,2324,282734,21592,41851,63443,4629,6400,198404,209433,272876,555610
Jan-2007,1141,162,148,310,96,76,595,767,1077,2218,287648,18824,26679,45504,19562,6915,169651,196128,241632,529280
Feb-2007,1241,85,359,444,171,191,747,1110,1554,2795,325236,11927,76956,88884,35114,56487,171712,263363,352247,677483
Mar-2007,1365,182,318,500,20,50,520,590,1090,2455,356753,31278,67274,98553,5101,5700,147498,158298,256851,613605
Apr-2007,1135,220,313,533,28,223,418,669,1202,2337,303085,30542,70533,101075,5880,86230,112599,204709,305784,608869
May-2007,1554,214,472,686,57,124,387,568,1254,2808,381165,24174,83785,107959,10312,30152,93960,134424,242383,623548
Jun-2007,1421,77,332,409,8,24,685,717,1126,2547,380294,9805,52947,62752,1179,14705,234743,250626,313378,693672
Jul-2007,1456,136,331,467,143,107,535,786,1253,2709,383532,18744,56278,75022,18271,17606,131097,167037,242059,625591
Aug-2007,1577,103,398,501,56,93,384,533,1034,2611,408710,14706,75649,90355,7784,27045,91902,126731,217086,625797
Sep-2007,1203,330,271,601,27,158,614,799,1400,2603,312047,47136,57453,104589,3160,22969,206232,232361,336950,648996
Oct-2007,1388,169,266,435,75,135,204,414,849,2237,378301,20808,52232,73039,18729,26076,30408,75213,148253,526554
Nov-2007,1635,181,411,592,76,222,1336,1634,2226,3861,427931,29226,76947,106173,14418,40330,352930,407678,513852,941782
Dec-2007,1091,253,238,491,217,64,618,899,1390,2481,292353,38807,57514,96321,25838,11362,160479,197679,294000,586354
Jan-2008,1199,109,267,376,65,38,507,610,986,2185,323196,17194,52300,69493,8058,7885,111560,127503,196996,520192
Feb-2008,1518,366,199,565,106,70,435,611,1176,2694,404082,69305,34229,103534,26635,25570,104518,156723,260257,664339
Mar-2008,1175,88,158,246,29,35,777,841,1087,2262,323212,13759,30533,44292,3995,7910,181955,193860,238152,561364
Apr-2008,1343,279,253,532,112,108,399,619,1151,2494,355888,44992,42371,87363,18509,22736,135222,176467,263830,619718
May-2008,1384,244,282,526,197,165,712,1074,1600,2984,371076,43239,50874,94113,36434,36533,195328,268295,362408,733484
Jun-2008,1249,234,211,445,106,53,634,793,1238,2487,348096,38637,63329,101966,33199,10695,173300,217194,319160,667256
Jul-2008,1307,225,226,451,67,176,575,818,1269,2576,394744,42673,38784,81457,11247,36158,144554,191959,273416,668160
Aug-2008,1312,161,184,345,8,73,505,586,931,2243,367978,22762,35947,58709,1450,22625,136819,160894,219603,587581
Sep-2008,1180,126,255,381,52,261,190,503,884,2064,339714,20354,48294,68648,7900,35510,67134,110545,179193,518906
Oct-2008,1313,220,193,413,17,66,533,616,1029,2342,337887,32887,44164,77051,2590,23335,214253,240178,317229,655116
Nov-2008,1020,251,216,467,24,37,531,592,1059,2079,299930,46047,42564,88611,4750,4203,75410,84363,172974,472904
Dec-2008,930,120,144,264,268,32,641,941,1205,2135,265611,20048,29425,49473,80904,6877,145358,233139,282612,548223
Jan-2009,868,60,146,206,10,46,104,160,366,1234,234873,9969,26346,36315,2137,10313,26809,39258,75573,310446
Feb-2009,1064,161,137,298,113,28,237,378,676,1740,292366,38134,24400,62533,16763,4072,41723,62558,125091,417457
Mar-2009,1200,80,163,243,43,83,134,260,503,1703,316154,13933,31854,45787,11175,15150,22800,49125,94912,411067
Apr-2009,1102,115,197,312,24,79,707,810,1122,2224,295631,17662,40935,58597,4006,11742,177510,193258,251855,547486
May-2009,1390,64,252,316,57,53,267,377,693,2083,363220,11693,52510,64203,9375,9144,65521,84040,148243,511464
Jun-2009,1382,133,369,502,47,24,196,267,769,2151,357693,23557,85766,109323,8650,3555,38316,50521,159844,517537
Jul-2009,1440,336,168,504,82,183,327,592,1096,2536,378511,65655,35322,100977,15233,35265,86931,137429,238406,616918
Aug-2009,1614,174,182,356,79,93,313,485,841,2455,438888,29877,31376,61253,11961,11620,86454,110035,171288,610176
Sep-2009,1654,188,261,449,70,57,529,656,1105,2759,433890,30084,46225,76309,10474,12666,134343,157483,233792,667682
Oct-2009,1604,180,82,262,89,96,744,929,1191,2795,416798,28917,19829,48746,13730,12998,202243,228971,277716,694514
Nov-2009,1638,182,237,419,434,76,568,1078,1497,3135,435932,31355,42890,74245,103672,18427,135934,258033,332277,768210
Dec-2009,1507,370,134,504,492,29,343,864,1368,2875,417309,94011,31345,125355,108969,10000,108241,227210,352565,769874
Jan-2010,1210,297,268,565,658,30,85,773,1338,2548,313915,62831,53598,116429,128851,5110,42462,176423,292852,606767
Feb-2010,1356,168,198,366,980,69,185,1234,1600,2956,375110,30038,37886,67924,195398,11400,50300,257098,325021,700131
Mar-2010,1659,705,314,1019,195,118,539,852,1871,3530,460176,144627,63144,207770,41644,22287,124348,188278,396048,856224
Apr-2010,1316,415,246,661,277,74,504,855,1516,2832,387044,81992,48860,130852,55291,16005,119350,190647,321499,708542
May-2010,1482,388,253,641,89,84,849,1022,1663,3145,435904,78846,47336,126182,19860,15479,229861,265200,391382,827287
Jun-2010,1582,209,229,438,148,170,463,781,1219,2801,459562,37662,49180,86842,47239,34962,109176,191377,278219,737781
Jul-2010,1423,318,336,654,60,12,1239,1311,1965,3388,411521,61170,62444,123614,11382,1550,392436,405368,528982,940503
Aug-2010,1354,152,254,406,105,50,495,650,1056,2410,412538,32434,52908,85342,18070,11200,105106,134376,219717,632255
Sep-2010,1423,193,222,415,94,64,643,801,1216,2639,421190,36858,36502,73359,14203,14717,174789,203709,277068,698258
Oct-2010,1530,452,270,722,54,58,1465,1577,2299,3829,436019,78629,61436,140066,9504,14714,408928,433147,573213,1009232
Nov-2010,1478,208,124,332,39,25,1349,1413,1745,3223,440891,35485,30340,65825,7595,5082,339683,352360,418186,859077
Dec-2010,1295,159,150,309,63,32,1547,1642,1951,3246,376124,32159,24327,56486,10741,10133,483650,504525,561011,937136
Jan-2011,1079,99,134,233,23,37,713,773,1006,2085,315281,17323,48115,65438,5305,6200,156051,167555,232993,548274
Feb-2011,1482,144,204,348,346,63,421,830,1178,2660,443177,24836,37372,62208,81289,17124,115554,213967,276175,719352
Mar-2011,1562,177,486,663,116,90,751,957,1620,3182,468809,39223,126277,165500,19302,30386,135053,184741,350241,819050
Apr-2011,1206,174,242,416,141,0,983,1124,1540,2746,360796,29122,65130,94252,25953,0,299989,325942,420194,780990
May-2011,1571,178,134,312,73,99,379,551,863,2434,465552,35468,28884,64352,12856,14600,110470,137926,202278,667830
Jun-2011,1453,268,168,436,61,57,283,401,837,2290,428492,52782,30311,83094,10564,7213,94159,111936,195030,623522
Jul-2011,1511,136,189,325,57,149,903,1109,1434,2945,434039,24500,39949,64449,9668,53292,269890,332850,397298,831338
Aug-2011,1634,190,174,364,83,44,1890,2017,2381,4015,470200,50851,35699,86551,22363,9834,497213,529411,615961,1086161
Sep-2011,1561,142,224,366,65,108,777,950,1316,2877,438828,22463,60699,83162,13713,26366,191239,231318,314480,753308
Oct-2011,1485,141,192,333,44,49,1029,1122,1455,2940,418087,24176,39620,63797,10539,8100,275520,294160,357957,776044
Nov-2011,1594,140,238,378,31,350,890,1271,1649,3243,462475,22437,43311,65748,4065,158002,155818,317885,383633,846108
Dec-2011,1207,69,307,376,66,22,778,866,1242,2449,364864,12533,60931,73465,12735,3225,164273,180232,253697,618561
Jan-2012,982,48,75,123,41,13,1042,1096,1219,2201,283301,8348,21452,29800,7767,3100,276109,286976,316776,600078
Feb-2012,1243,137,199,336,64,139,118,321,657,1900,380666,21265,42388,63653,11691,26311,41135,79137,142790,523456
Mar-2012,1327,232,297,529,74,62,1070,1206,1735,3062,406135,45631,56921,102552,14490,11222,260059,285772,388323,794458
Apr-2012,1057,114,124,238,52,67,724,843,1081,2138,317438,21555,28383,49937,10134,14024,215199,239357,289294,606733
May-2012,1535,228,210,438,166,115,1491,1772,2210,3745,492508,39916,51322,91238,45296,21087,372829,439212,530451,1022959
Jun-2012,1312,102,217,319,152,16,1351,1519,1838,3150,377633,25980,62516,88496,51649,9310,381008,441967,530463,908096
Jul-2012,1709,204,161,365,309,47,554,910,1275,2984,507548,44351,40489,84841,46611,10490,143297,200398,285238,792786
Aug-2012,1589,320,219,539,120,43,485,648,1187,2776,462907,79004,45396,124400,28560,10507,127949,167016,291415,754323
Sep-2012,1514,119,200,319,461,34,1775,2270,2589,4103,425722,23637,41363,65000,73920,5500,594864,674284,739283,1165005
Oct-2012,1848,253,166,419,156,87,2068,2311,2730,4578,519257,58010,38066,96075,32483,20300,537727,590509,686585,1205842
Nov-2012,1654,458,218,676,253,28,994,1275,1951,3605,478880,77826,45809,123635,48557,3000,266318,317875,441510,920390
Dec-2012,1339,170,166,336,268,48,1994,2310,2646,3985,385305,31000,37224,68224,55019,9844,550781,615644,683868,1069173
Jan-2013,1238,89,132,221,139,68,1204,1411,1632,2870,343456,17016,26844,43861,41468,13867,351761,407096,450957,794413
Feb-2013,1581,191,245,436,189,156,322,667,1103,2684,478926,35185,51183,86368,58747,35418,75958,170123,256491,735418
Mar-2013,1589,211,190,401,87,58,909,1054,1455,3044,459370,45410,51268,96678,15908,11582,278933,306423,403100,862471
Apr-2013,1575,146,211,357,312,295,1494,2101,2458,4033,443771,28382,44213,72595,75859,79971,338194,494024,566618,1010389
May-2013,2075,277,535,812,110,90,558,758,1570,3645,586779,50388,120163,170551,34362,17554,159008,210924,381474,968254
Jun-2013,1666,161,285,446,53,48,1431,1532,1978,3644,452300,33741,60573,94314,7239,17289,412935,437463,531776,984076
Jul-2013,1920,124,279,403,85,194,1051,1330,1733,3653,546955,24030,58388,82418,12757,42174,279908,334838,417256,964211
Aug-2013,1862,122,217,339,101,57,1788,1946,2285,4147,529661,23625,49636,73261,25530,11551,458379,495460,568721,1098381
Sep-2013,1928,166,316,482,219,81,2962,3262,3744,5672,547951,28882,89013,117894,61744,15039,741332,818114,936009,1483960
Oct-2013,2024,105,206,311,145,104,2270,2519,2830,4854,562912,19744,47188,66932,23138,34323,678384,735845,802777,1365689
Nov-2013,2154,281,261,542,171,49,2118,2338,2880,5034,549382,52263,56721,108984,32567,10380,585482,628429,737413,1286795
Dec-2013,1682,146,243,389,157,68,2486,2711,3100,4782,487053,25177,64126,89303,29587,17950,784839,832376,921679,1408733
Jan-2014,1691,116,263,379,136,173,1856,2165,2544,4235,468741,25727,67213,92940,25413,37037,529667,592118,685058,1153799
Feb-2014,1967,172,218,390,80,48,1237,1365,1755,3722,576029,36584,47386,83970,19456,22363,283680,325499,409469,985498
Mar-2014,2011,228,284,512,121,129,2228,2478,2990,5001,606122,42957,59975,102932,21951,27055,532152,581158,684090,1290212
Apr-2014,1736,146,263,409,117,130,958,1205,1614,3350,506525,30195,70107,100302,25294,25085,271134,321513,421816,928340
May-2014,2077,529,339,868,381,168,1126,1675,2543,4620,606683,105103,84137,189240,100971,36260,290170,427401,616641,1223324
Jun-2014,1948,118,333,451,100,120,1349,1569,2020,3968,565555,23535,85919,109454,24106,15496,384002,423603,533057,1098612
Jul-2014,2532,253,298,551,184,105,1104,1393,1944,4476,734481,47218,70419,117637,29868,22443,263769,316079,433716,1168196
Aug-2014,2176,261,314,575,55,58,2056,2169,2744,4920,624322,46826,72838,119664,11428,14102,526763,552293,671957,1296280
Sep-2014,2101,187,231,418,109,170,1586,1865,2283,4384,639159,35910,56067,91977,22373,29580,390943,442897,534874,1174032
Oct-2014,2479,219,308,527,90,72,1837,1999,2526,5005,704936,41816,70379,112195,16099,17719,460594,494411,606606,1311541
Nov-2014,2154,260,398,658,89,50,1938,2077,2735,4889,635374,54813,84382,139195,19286,11503,530340,561129,700324,1335697
Dec-2014,1830,145,230,375,72,214,3632,3918,4293,6123,549550,29164,51358,80522,14860,53866,1020191,1088917,1169439,1718989
Jan-2015,1619,201,263,464,58,83,2473,2614,3078,4697,467028,42709,61370,104080,11892,19994,730352,762238,866317,1333345
Feb-2015,2144,115,582,697,111,141,1922,2174,2871,5015,646762,28944,149678,178622,23784,22900,527738,574421,753044,1399806
Mar-2015,2315,224,404,628,24,213,2825,3062,3690,6005,701165,44194,105002,149196,4396,45219,794216,843832,993028,1694193
Apr-2015,2218,347,386,733,82,124,1616,1822,2555,4773,660856,82107,100213,182319,22450,37589,419229,479268,661588,1322443
May-2015,2503,140,330,470,42,141,3176,3359,3829,6332,746751,31110,77738,108848,7538,33196,1028004,1068738,1177586,1924337
Jun-2015,2592,267,353,620,324,83,2308,2715,3335,5927,764743,57617,88529,146146,76378,23788,633776,733942,880087,1644830
Jul-2015,2748,257,494,751,84,158,3661,3903,4654,7402,829367,55370,121521,176891,18809,43524,1299908,1362241,1539133,2368500
Aug-2015,2454,203,384,587,105,145,1945,2195,2782,5236,742719,44152,94192,138344,20554,55805,573026,649385,787729,1530448
Sep-2015,2321,285,455,740,108,113,1617,1838,2578,4899,715312,60579,123386,183965,18992,25606,488730,533328,717293,1432604
Oct-2015,2524,321,573,894,130,96,3488,3714,4608,7132,764752,81220,139689,220909,25567,24944,1012941,1063452,1284361,2049113
Nov-2015,2536,207,514,721,57,80,3052,3189,3910,6446,784110,40827,137647,178473,11653,30750,907670,950074,1128547,1912657
Dec-2015,2137,262,384,646,88,69,3537,3694,4340,6477,670407,63065,106136,169200,27652,27273,1189218,1244143,1413344,2083750
Jan-2016,1744,145,288,433,40,71,1855,1966,2399,4143,550433,31361,66835,98197,13616,18629,499820,532065,630261,1180694
Feb-2016,2329,240,512,752,49,99,2019,2167,2919,5248,730076,51822,132852,184674,12970,26965,605403,645338,830013,1560089
Mar-2016,2591,107,537,644,85,73,2731,2889,3533,6124,789816,20781,148957,169738,18813,23355,849656,891824,1061562,1851378
Apr-2016,2482,161,487,648,34,136,3441,3611,4259,6741,765929,34746,124936,159682,8784,30154,1204167,1243105,1402787,2168716
May-2016,3010,236,537,773,76,108,2973,3157,3930,6940,935531,51109,140358,191466,18671,26333,1004720,1049724,1241191,2176722
Jun-2016,2463,241,413,654,43,74,2087,2204,2858,5321,770941,55729,119980,175709,9021,19207,682897,711124,886834,1657775
Jul-2016,2381,248,425,673,55,106,4335,4496,5169,7550,762691,52233,106848,159081,11582,29330,1417225,1458138,1617219,2379910
Aug-2016,2801,211,407,618,64,95,4536,4695,5313,8114,882462,46427,108272,154699,14444,21305,1442174,1477923,1632621,2515083
Sep-2016,2592,189,528,717,40,139,3035,3214,3931,6523,818317,41494,148240,189734,10957,36803,1245685,1293445,1483179,2301496
Oct-2016,2475,184,586,770,26,68,2467,2561,3331,5806,795546,37136,156526,193662,5886,16095,846738,868720,1062381,1857928
Nov-2016,2657,195,516,711,51,173,2377,2601,3312,5969,849971,49944,141520,191464,15247,54469,649105,718821,910285,1760256
Dec-2016,2007,126,553,679,57,46,1956,2059,2738,4745,638409,29737,166084,195821,14180,15665,560862,590708,786528,1424937
Jan-2017,1593,203,331,534,6,89,2543,2638,3172,4765,531199,41204,93220,134424,1300,28855,872586,902741,1037165,1568363
Feb-2017,2455,292,494,786,107,79,2511,2697,3483,5938,786525,71502,138423,209925,34115,23452,811048,868615,1078540,1865065
Mar-2017,2783,411,754,1165,98,111,1129,1338,2503,5286,915890,92968,220880,313848,31145,34447,326428,392020,705868,1621758
Apr-2017,1934,275,461,736,64,237,2517,2818,3554,5488,639780,65071,146416,211487,13328,92690,852180,958198,1169684,1809464
May-2017,2822,380,357,737,254,105,1374,1733,2470,5292,915606,83032,131824,214857,32865,29081,424818,486764,701621,1617227
Jun-2017,2728,261,586,847,14,110,2636,2760,3607,6335,867963,67322,169329,236651,2398,29822,827269,859489,1096140,1964103
Jul-2017,2669,527,686,1213,59,157,3356,3572,4785,7454,868382,131853,200391,332244,16959,54260,980880,1052099,1384343,2252725
Aug-2017,2650,284,615,899,3,284,2167,2454,3353,6003,896686,67859,176375,244235,500,83594,754348,838442,1082677,1979363
Sep-2017,2512,316,724,1040,34,203,3499,3736,4776,7288,835058,70351,239566,309917,9950,66307,1261633,1337890,1647807,2482865
Oct-2017,2476,362,704,1066,6,76,2780,2862,3928,6404,833849,84934,218480,303414,3618,12520,1266165,1282304,1585718,2419567
Nov-2017,2732,281,596,877,3,136,2576,2715,3592,6324,898161,69354,175993,245347,1685,38420,816480,856585,1101932,2000092
Dec-2017,2206,166,528,694,70,78,1995,2143,2837,5043,752670,43140,150819,193959,15443,20130,633052,668625,862585,1615255
Jan-2018,1945,242,344,586,39,74,2402,2515,3101,5046,666041,66250,93961,160211,18124,21823,886515,926463,1086673,1752714
Feb-2018,2472,309,592,901,41,104,2320,2465,3366,5838,846014,83009,171765,254774,16433,29096,793380,838909,1093683,1939696
Mar-2018,2487,197,509,706,2,64,2281,2347,3053,5540,892819,45460,152271,197732,989,29258,835450,865697,1063428,1956247
Apr-2018,2382,267,552,819,22,122,2034,2178,2997,5379,817860,61710,169262,230972,5900,45198,678880,729978,960950,1778810
May-2018,2938,276,504,780,100,9,2016,2125,2905,5843,1031706,76718,160099,236817,26200,3860,590567,620626,857443,1889150
Jun-2018,2561,259,574,833,85,147,2297,2529,3362,5923,891382,64351,183651,248002,27846,47371,660358,735575,983577,1874959
Jul-2018,2666,304,812,1116,46,34,2321,2401,3517,6183,907035,78543,232710,311254,16186,11263,821321,848771,1160025,2067060
Aug-2018,2597,266,416,682,19,215,1656,1890,2572,5169,883459,71647,135653,207300,4148,43605,644781,692533,899833,1783292
Sep-2018,2692,324,478,802,76,20,1517,1613,2415,5107,905291,99288,134013,233301,23875,5673,441479,471027,704328,1609618
Oct-2018,2729,199,470,669,38,56,2085,2179,2848,5577,925104,46347,140201,186547,8768,23400,730814,762982,949529,1874633
Nov-2018,2600,219,615,834,17,40,1160,1217,2051,4651,913709,61311,182844,244155,3342,31126,394477,428945,673100,1586809
Dec-2018,1971,219,300,519,101,39,1321,1461,1980,3951,699361,56123,97553,153676,21202,14646,456289,492138,645813,1345174
Jan-2019,1980,207,435,642,51,32,1171,1254,1896,3876,712699,59718,126755,186472,11369,7250,429327,447946,634418,1347118
Feb-2019,2046,305,444,749,24,5,2267,2296,3045,5091,726927,81546,146814,228361,9100,2452,762208,773759,1002120,1729047
Mar-2019,2201,353,435,788,28,35,1274,1337,2125,4326,777751,88855,129671,218526,5565,20085,430093,455743,674269,1452019
Apr-2019,1746,171,428,599,36,17,1748,1801,2400,4146,622965,38852,127027,165878,11885,3892,584466,600243,766121,1389086
May-2019,2365,236,492,728,67,69,1664,1800,2528,4893,851492,56335,164120,220455,21185,18804,538627,578616,799071,1650563
Jun-2019,2000,207,389,596,32,20,1425,1477,2073,4073,709757,51278,138987,190265,5650,9524,434687,449861,640127,1349883
Jul-2019,2589,262,345,607,27,42,863,932,1539,4128,874238,64022,113552,177574,6520,18451,260866,285836,463411,1337649
Aug-2019,2076,234,436,670,31,88,1326,1445,2115,4191,719740,56966,134554,191520,6104,24566,404738,435408,626929,1346668
Sep-2019,1991,252,522,774,37,47,1203,1287,2061,4052,678592,59753,166054,225807,17417,36412,476341,530169,755975,1434567
Oct-2019,1942,183,407,590,3,25,834,862,1452,3394,718490,45284,130079,175363,800,15820,300451,317071,492434,1210924
Nov-2019,1902,241,707,948,51,29,2213,2293,3241,5143,675314,59180,225530,284711,15488,9149,701742,726378,1011089,1686403
Dec-2019,1713,170,304,474,96,110,719,925,1399,3112,600944,40323,98612,138935,21621,40424,214452,276498,415433,1016377
Jan-2020,1421,169,394,563,51,105,1132,1288,1851,3272,509952,47057,119916,166972,8733,25566,439814,474113,641085,1151037
Feb-2020,1832,278,513,791,0,0,1553,1553,2344,4176,676518,72738,153103,225841,0,0,585129,585129,810971,1487488
Mar-2020,2303,298,418,716,17,92,2236,2345,3061,5364,818030,80204,146758,226962,4145,31595,694325,730065,957027,1775056
Apr-2020,1939,330,460,790,15,26,832,873,1663,3602,686950,92684,165724,258408,4766,9057,270539,284362,542770,1229720
May-2020,2290,249,455,704,35,67,642,744,1448,3738,815787,69800,152538,222338,12206,19546,186321,218073,440411,1256198
Jun-2020,2053,235,341,576,35,39,365,439,1015,3068,728260,59884,120155,180039,8255,11100,120112,139468,319507,1047767
Jul-2020,2375,280,431,711,44,54,1315,1413,2124,4499,863264,72571,157805,230376,17761,17749,444073,479582,709958,1573222
Aug-2020,2190,195,408,603,8,54,483,545,1148,3338,768148,50233,135787,186021,2228,21512,165050,188789,374810,1142958