,Total number of dwelling units ;  South Australia ;  New ;  Houses ;,"Total number of dwelling units ;  South Australia ;  New ;  Semi-detached, row or terrace houses, townhouses - One storey ;","Total number of dwelling units ;  South Australia ;  New ;  Semi-detached, row or terrace houses, townhouses - Two or more storeys ;","Total number of dwelling units ;  South Australia ;  New ;  Semi-detached, row or terrace houses, townhouses - Total ;",Total number of dwelling units ;  South Australia ;  New ;  Flats units or apartments - In a one or two storey block ;,Total number of dwelling units ;  South Australia ;  New ;  Flats units or apartments - In a three storey block ;,Total number of dwelling units ;  South Australia ;  New ;  Flats units or apartments - In a four or more storey block ;,Total number of dwelling units ;  South Australia ;  New ;  Flats units or apartments - Total including those attached to a house ;,Total number of dwelling units ;  South Australia ;  New ;  Total Other Residential ;,Total number of dwelling units ;  South Australia ;  New ;  Total Residential ;,Total value of building jobs ;  South Australia ;  New ;  Houses ;,"Total value of building jobs ;  South Australia ;  New ;  Semi-detached, row or terrace houses, townhouses - One storey ;","Total value of building jobs ;  South Australia ;  New ;  Semi-detached, row or terrace houses, townhouses - Two or more storeys ;","Total value of building jobs ;  South Australia ;  New ;  Semi-detached, row or terrace houses, townhouses - Total ;",Total value of building jobs ;  South Australia ;  New ;  Flats units or apartments - In a one or two storey block ;,Total value of building jobs ;  South Australia ;  New ;  Flats units or apartments - In a three storey block ;,Total value of building jobs ;  South Australia ;  New ;  Flats units or apartments - In a four or more storey block ;,Total value of building jobs ;  South Australia ;  New ;  Flats units or apartments - Total including those attached to a house ;,Total value of building jobs ;  South Australia ;  New ;  Total Other Residential ;,Total value of building jobs ;  South Australia ;  New ;  Total Residential ;
Unit,Number,Number,Number,Number,Number,Number,Number,Number,Number,Number,$'000,$'000,$'000,$'000,$'000,$'000,$'000,$'000,$'000,$'000
Series Type,Original,Original,Original,Original,Original,Original,Original,Original,Original,Original,Original,Original,Original,Original,Original,Original,Original,Original,Original,Original
Data Type,FLOW,FLOW,FLOW,FLOW,FLOW,FLOW,FLOW,FLOW,FLOW,FLOW,FLOW,FLOW,FLOW,FLOW,FLOW,FLOW,FLOW,FLOW,FLOW,FLOW
Frequency,Month,Month,Month,Month,Month,Month,Month,Month,Month,Month,Month,Month,Month,Month,Month,Month,Month,Month,Month,Month
Collection Month,1,1,1,1,1,1,1,1,1,1,1,1,1,1,1,1,1,1,1,1
Series Start,Jul-1970,Jul-1991,Jul-1991,Jul-1991,Jul-1991,Jul-1991,Jul-1991,Jul-1991,Jul-1970,Jan-1956,Jul-1970,Jul-1991,Jul-1991,Jul-1991,Jul-1991,Jul-1991,Jul-1991,Jul-1991,Jul-1970,Jul-1970
Series End,Aug-2020,Aug-2020,Aug-2020,Aug-2020,Aug-2020,Aug-2020,Aug-2020,Aug-2020,Aug-2020,Aug-2020,Aug-2020,Aug-2020,Aug-2020,Aug-2020,Aug-2020,Aug-2020,Aug-2020,Aug-2020,Aug-2020,Aug-2020
No. Obs,602,350,350,350,350,350,350,350,602,776,602,350,350,350,350,350,350,350,602,602
Series ID,A418733J,A416079R,A423202T,A416718X,A423826R,A424435X,A425002K,A417366X,A419449T,A420168V,A418735L,A416081A,A423204W,A416720K,A423828V,A424437C,A425004R,A417368C,A419451C,A420170F
Jan-1956,,,,,,,,,,636,,,,,,,,,,
Feb-1956,,,,,,,,,,871,,,,,,,,,,
Mar-1956,,,,,,,,,,529,,,,,,,,,,
Apr-1956,,,,,,,,,,456,,,,,,,,,,
May-1956,,,,,,,,,,562,,,,,,,,,,
Jun-1956,,,,,,,,,,654,,,,,,,,,,
Jul-1956,,,,,,,,,,512,,,,,,,,,,
Aug-1956,,,,,,,,,,910,,,,,,,,,,
Sep-1956,,,,,,,,,,526,,,,,,,,,,
Oct-1956,,,,,,,,,,506,,,,,,,,,,
Nov-1956,,,,,,,,,,596,,,,,,,,,,
Dec-1956,,,,,,,,,,337,,,,,,,,,,
Jan-1957,,,,,,,,,,464,,,,,,,,,,
Feb-1957,,,,,,,,,,566,,,,,,,,,,
Mar-1957,,,,,,,,,,576,,,,,,,,,,
Apr-1957,,,,,,,,,,429,,,,,,,,,,
May-1957,,,,,,,,,,715,,,,,,,,,,
Jun-1957,,,,,,,,,,874,,,,,,,,,,
Jul-1957,,,,,,,,,,640,,,,,,,,,,
Aug-1957,,,,,,,,,,510,,,,,,,,,,
Sep-1957,,,,,,,,,,466,,,,,,,,,,
Oct-1957,,,,,,,,,,647,,,,,,,,,,
Nov-1957,,,,,,,,,,1321,,,,,,,,,,
Dec-1957,,,,,,,,,,406,,,,,,,,,,
Jan-1958,,,,,,,,,,432,,,,,,,,,,
Feb-1958,,,,,,,,,,644,,,,,,,,,,
Mar-1958,,,,,,,,,,1718,,,,,,,,,,
Apr-1958,,,,,,,,,,706,,,,,,,,,,
May-1958,,,,,,,,,,1061,,,,,,,,,,
Jun-1958,,,,,,,,,,802,,,,,,,,,,
Jul-1958,,,,,,,,,,1145,,,,,,,,,,
Aug-1958,,,,,,,,,,679,,,,,,,,,,
Sep-1958,,,,,,,,,,578,,,,,,,,,,
Oct-1958,,,,,,,,,,573,,,,,,,,,,
Nov-1958,,,,,,,,,,479,,,,,,,,,,
Dec-1958,,,,,,,,,,434,,,,,,,,,,
Jan-1959,,,,,,,,,,423,,,,,,,,,,
Feb-1959,,,,,,,,,,544,,,,,,,,,,
Mar-1959,,,,,,,,,,875,,,,,,,,,,
Apr-1959,,,,,,,,,,949,,,,,,,,,,
May-1959,,,,,,,,,,808,,,,,,,,,,
Jun-1959,,,,,,,,,,1004,,,,,,,,,,
Jul-1959,,,,,,,,,,582,,,,,,,,,,
Aug-1959,,,,,,,,,,787,,,,,,,,,,
Sep-1959,,,,,,,,,,691,,,,,,,,,,
Oct-1959,,,,,,,,,,1143,,,,,,,,,,
Nov-1959,,,,,,,,,,825,,,,,,,,,,
Dec-1959,,,,,,,,,,453,,,,,,,,,,
Jan-1960,,,,,,,,,,591,,,,,,,,,,
Feb-1960,,,,,,,,,,1165,,,,,,,,,,
Mar-1960,,,,,,,,,,927,,,,,,,,,,
Apr-1960,,,,,,,,,,606,,,,,,,,,,
May-1960,,,,,,,,,,796,,,,,,,,,,
Jun-1960,,,,,,,,,,762,,,,,,,,,,
Jul-1960,,,,,,,,,,1120,,,,,,,,,,
Aug-1960,,,,,,,,,,840,,,,,,,,,,
Sep-1960,,,,,,,,,,937,,,,,,,,,,
Oct-1960,,,,,,,,,,1920,,,,,,,,,,
Nov-1960,,,,,,,,,,1161,,,,,,,,,,
Dec-1960,,,,,,,,,,762,,,,,,,,,,
Jan-1961,,,,,,,,,,627,,,,,,,,,,
Feb-1961,,,,,,,,,,462,,,,,,,,,,
Mar-1961,,,,,,,,,,671,,,,,,,,,,
Apr-1961,,,,,,,,,,391,,,,,,,,,,
May-1961,,,,,,,,,,466,,,,,,,,,,
Jun-1961,,,,,,,,,,1345,,,,,,,,,,
Jul-1961,,,,,,,,,,603,,,,,,,,,,
Aug-1961,,,,,,,,,,610,,,,,,,,,,
Sep-1961,,,,,,,,,,1101,,,,,,,,,,
Oct-1961,,,,,,,,,,487,,,,,,,,,,
Nov-1961,,,,,,,,,,784,,,,,,,,,,
Dec-1961,,,,,,,,,,591,,,,,,,,,,
Jan-1962,,,,,,,,,,484,,,,,,,,,,
Feb-1962,,,,,,,,,,675,,,,,,,,,,
Mar-1962,,,,,,,,,,629,,,,,,,,,,
Apr-1962,,,,,,,,,,670,,,,,,,,,,
May-1962,,,,,,,,,,1300,,,,,,,,,,
Jun-1962,,,,,,,,,,602,,,,,,,,,,
Jul-1962,,,,,,,,,,763,,,,,,,,,,
Aug-1962,,,,,,,,,,802,,,,,,,,,,
Sep-1962,,,,,,,,,,2239,,,,,,,,,,
Oct-1962,,,,,,,,,,695,,,,,,,,,,
Nov-1962,,,,,,,,,,690,,,,,,,,,,
Dec-1962,,,,,,,,,,447,,,,,,,,,,
Jan-1963,,,,,,,,,,561,,,,,,,,,,
Feb-1963,,,,,,,,,,681,,,,,,,,,,
Mar-1963,,,,,,,,,,730,,,,,,,,,,
Apr-1963,,,,,,,,,,741,,,,,,,,,,
May-1963,,,,,,,,,,969,,,,,,,,,,
Jun-1963,,,,,,,,,,1458,,,,,,,,,,
Jul-1963,,,,,,,,,,1690,,,,,,,,,,
Aug-1963,,,,,,,,,,799,,,,,,,,,,
Sep-1963,,,,,,,,,,998,,,,,,,,,,
Oct-1963,,,,,,,,,,835,,,,,,,,,,
Nov-1963,,,,,,,,,,808,,,,,,,,,,
Dec-1963,,,,,,,,,,925,,,,,,,,,,
Jan-1964,,,,,,,,,,695,,,,,,,,,,
Feb-1964,,,,,,,,,,735,,,,,,,,,,
Mar-1964,,,,,,,,,,1146,,,,,,,,,,
Apr-1964,,,,,,,,,,1164,,,,,,,,,,
May-1964,,,,,,,,,,765,,,,,,,,,,
Jun-1964,,,,,,,,,,3184,,,,,,,,,,
Jul-1964,,,,,,,,,,800,,,,,,,,,,
Aug-1964,,,,,,,,,,2126,,,,,,,,,,
Sep-1964,,,,,,,,,,1155,,,,,,,,,,
Oct-1964,,,,,,,,,,911,,,,,,,,,,
Nov-1964,,,,,,,,,,1187,,,,,,,,,,
Dec-1964,,,,,,,,,,708,,,,,,,,,,
Jan-1965,,,,,,,,,,621,,,,,,,,,,
Feb-1965,,,,,,,,,,688,,,,,,,,,,
Mar-1965,,,,,,,,,,971,,,,,,,,,,
Apr-1965,,,,,,,,,,997,,,,,,,,,,
May-1965,,,,,,,,,,1293,,,,,,,,,,
Jun-1965,,,,,,,,,,877,,,,,,,,,,
Jul-1965,,,,,,,,,,783,,,,,,,,,,
Aug-1965,,,,,,,,,,737,,,,,,,,,,
Sep-1965,,,,,,,,,,1862,,,,,,,,,,
Oct-1965,,,,,,,,,,1283,,,,,,,,,,
Nov-1965,,,,,,,,,,733,,,,,,,,,,
Dec-1965,,,,,,,,,,786,,,,,,,,,,
Jan-1966,,,,,,,,,,514,,,,,,,,,,
Feb-1966,,,,,,,,,,788,,,,,,,,,,
Mar-1966,,,,,,,,,,734,,,,,,,,,,
Apr-1966,,,,,,,,,,927,,,,,,,,,,
May-1966,,,,,,,,,,846,,,,,,,,,,
Jun-1966,,,,,,,,,,942,,,,,,,,,,
Jul-1966,,,,,,,,,,1321,,,,,,,,,,
Aug-1966,,,,,,,,,,719,,,,,,,,,,
Sep-1966,,,,,,,,,,920,,,,,,,,,,
Oct-1966,,,,,,,,,,687,,,,,,,,,,
Nov-1966,,,,,,,,,,751,,,,,,,,,,
Dec-1966,,,,,,,,,,545,,,,,,,,,,
Jan-1967,,,,,,,,,,476,,,,,,,,,,
Feb-1967,,,,,,,,,,584,,,,,,,,,,
Mar-1967,,,,,,,,,,506,,,,,,,,,,
Apr-1967,,,,,,,,,,553,,,,,,,,,,
May-1967,,,,,,,,,,779,,,,,,,,,,
Jun-1967,,,,,,,,,,641,,,,,,,,,,
Jul-1967,,,,,,,,,,718,,,,,,,,,,
Aug-1967,,,,,,,,,,597,,,,,,,,,,
Sep-1967,,,,,,,,,,591,,,,,,,,,,
Oct-1967,,,,,,,,,,908,,,,,,,,,,
Nov-1967,,,,,,,,,,717,,,,,,,,,,
Dec-1967,,,,,,,,,,475,,,,,,,,,,
Jan-1968,,,,,,,,,,502,,,,,,,,,,
Feb-1968,,,,,,,,,,513,,,,,,,,,,
Mar-1968,,,,,,,,,,565,,,,,,,,,,
Apr-1968,,,,,,,,,,914,,,,,,,,,,
May-1968,,,,,,,,,,582,,,,,,,,,,
Jun-1968,,,,,,,,,,637,,,,,,,,,,
Jul-1968,,,,,,,,,,673,,,,,,,,,,
Aug-1968,,,,,,,,,,1045,,,,,,,,,,
Sep-1968,,,,,,,,,,771,,,,,,,,,,
Oct-1968,,,,,,,,,,705,,,,,,,,,,
Nov-1968,,,,,,,,,,807,,,,,,,,,,
Dec-1968,,,,,,,,,,687,,,,,,,,,,
Jan-1969,,,,,,,,,,668,,,,,,,,,,
Feb-1969,,,,,,,,,,701,,,,,,,,,,
Mar-1969,,,,,,,,,,808,,,,,,,,,,
Apr-1969,,,,,,,,,,936,,,,,,,,,,
May-1969,,,,,,,,,,1245,,,,,,,,,,
Jun-1969,,,,,,,,,,1331,,,,,,,,,,
Jul-1969,,,,,,,,,,1098,,,,,,,,,,
Aug-1969,,,,,,,,,,815,,,,,,,,,,
Sep-1969,,,,,,,,,,906,,,,,,,,,,
Oct-1969,,,,,,,,,,1235,,,,,,,,,,
Nov-1969,,,,,,,,,,1112,,,,,,,,,,
Dec-1969,,,,,,,,,,1102,,,,,,,,,,
Jan-1970,,,,,,,,,,764,,,,,,,,,,
Feb-1970,,,,,,,,,,1127,,,,,,,,,,
Mar-1970,,,,,,,,,,1083,,,,,,,,,,
Apr-1970,,,,,,,,,,1252,,,,,,,,,,
May-1970,,,,,,,,,,1014,,,,,,,,,,
Jun-1970,,,,,,,,,,998,,,,,,,,,,
Jul-1970,911,,,,,,,,310,1221,8871,,,,,,,,2254,11125
Aug-1970,788,,,,,,,,300,1088,7335,,,,,,,,1959,9294
Sep-1970,744,,,,,,,,404,1148,7816,,,,,,,,2344,10160
Oct-1970,763,,,,,,,,516,1279,7638,,,,,,,,3065,10703
Nov-1970,833,,,,,,,,539,1372,8484,,,,,,,,3169,11653
Dec-1970,562,,,,,,,,241,803,6265,,,,,,,,1463,7728
Jan-1971,529,,,,,,,,509,1038,5340,,,,,,,,2939,8279
Feb-1971,616,,,,,,,,395,1011,6359,,,,,,,,2256,8615
Mar-1971,719,,,,,,,,426,1145,7343,,,,,,,,2360,9703
Apr-1971,798,,,,,,,,508,1306,8161,,,,,,,,2937,11098
May-1971,533,,,,,,,,530,1063,5913,,,,,,,,3457,9370
Jun-1971,949,,,,,,,,491,1440,9146,,,,,,,,3177,12323
Jul-1971,573,,,,,,,,415,988,6590,,,,,,,,2634,9224
Aug-1971,751,,,,,,,,478,1229,8083,,,,,,,,2897,10980
Sep-1971,1017,,,,,,,,330,1347,9984,,,,,,,,2115,12099
Oct-1971,635,,,,,,,,471,1106,7174,,,,,,,,2930,10104
Nov-1971,744,,,,,,,,482,1226,8464,,,,,,,,3460,11924
Dec-1971,689,,,,,,,,419,1108,7674,,,,,,,,2592,10266
Jan-1972,577,,,,,,,,297,874,6797,,,,,,,,1903,8700
Feb-1972,622,,,,,,,,509,1131,7136,,,,,,,,3313,10449
Mar-1972,700,,,,,,,,286,986,8357,,,,,,,,1845,10202
Apr-1972,558,,,,,,,,271,829,6823,,,,,,,,1864,8687
May-1972,647,,,,,,,,293,940,8121,,,,,,,,2134,10255
Jun-1972,837,,,,,,,,424,1261,10163,,,,,,,,2975,13138
Jul-1972,710,,,,,,,,304,1014,8621,,,,,,,,2050,10671
Aug-1972,1042,,,,,,,,330,1372,11646,,,,,,,,2624,14270
Sep-1972,740,,,,,,,,270,1010,9192,,,,,,,,1815,11007
Oct-1972,914,,,,,,,,320,1234,10798,,,,,,,,2337,13135
Nov-1972,1076,,,,,,,,310,1386,13138,,,,,,,,2455,15593
Dec-1972,786,,,,,,,,189,975,9105,,,,,,,,1414,10519
Jan-1973,828,,,,,,,,301,1129,10657,,,,,,,,2251,12908
Feb-1973,907,,,,,,,,270,1177,11374,,,,,,,,2046,13420
Mar-1973,1009,,,,,,,,364,1373,13797,,,,,,,,3105,16902
Apr-1973,878,,,,,,,,261,1139,11984,,,,,,,,2173,14157
May-1973,1007,,,,,,,,521,1528,13409,,,,,,,,4117,17526
Jun-1973,1057,,,,,,,,366,1423,14750,,,,,,,,2832,17582
Jul-1973,1190,,,,,,,,566,1756,15933,,,,,,,,4424,20357
Aug-1973,1039,,,,,,,,635,1674,16590,,,,,,,,4935,21525
Sep-1973,1176,,,,,,,,529,1705,17641,,,,,,,,4589,22230
Oct-1973,1081,,,,,,,,589,1670,16407,,,,,,,,5018,21425
Nov-1973,1001,,,,,,,,594,1595,15062,,,,,,,,6311,21373
Dec-1973,949,,,,,,,,661,1610,15298,,,,,,,,6335,21633
Jan-1974,563,,,,,,,,554,1117,8807,,,,,,,,5932,14739
Feb-1974,573,,,,,,,,410,983,9678,,,,,,,,4471,14149
Mar-1974,931,,,,,,,,306,1237,15575,,,,,,,,3336,18911
Apr-1974,773,,,,,,,,343,1116,12932,,,,,,,,3859,16791
May-1974,607,,,,,,,,266,873,10293,,,,,,,,2924,13217
Jun-1974,1029,,,,,,,,268,1297,17364,,,,,,,,3594,20958
Jul-1974,792,,,,,,,,416,1208,13599,,,,,,,,4596,18195
Aug-1974,666,,,,,,,,366,1032,11753,,,,,,,,5271,17024
Sep-1974,835,,,,,,,,313,1148,14788,,,,,,,,3103,17891
Oct-1974,545,,,,,,,,181,726,10579,,,,,,,,2039,12618
Nov-1974,452,,,,,,,,286,738,9397,,,,,,,,3405,12802
Dec-1974,599,,,,,,,,562,1161,11413,,,,,,,,7223,18636
Jan-1975,629,,,,,,,,325,954,11757,,,,,,,,4145,15902
Feb-1975,408,,,,,,,,224,632,8402,,,,,,,,2686,11088
Mar-1975,727,,,,,,,,259,986,14163,,,,,,,,3395,17558
Apr-1975,807,,,,,,,,249,1056,15755,,,,,,,,3303,19058
May-1975,888,,,,,,,,374,1262,18100,,,,,,,,3356,21456
Jun-1975,1412,,,,,,,,365,1777,27887,,,,,,,,4519,32406
Jul-1975,902,,,,,,,,456,1358,20355,,,,,,,,7501,27856
Aug-1975,736,,,,,,,,204,940,16137,,,,,,,,3543,19680
Sep-1975,1136,,,,,,,,243,1379,24542,,,,,,,,3670,28212
Oct-1975,890,,,,,,,,199,1089,20464,,,,,,,,3185,23649
Nov-1975,1031,,,,,,,,386,1417,23889,,,,,,,,6456,30345
Dec-1975,918,,,,,,,,345,1263,21569,,,,,,,,5262,26831
Jan-1976,888,,,,,,,,217,1105,21606,,,,,,,,4102,25708
Feb-1976,802,,,,,,,,398,1200,19319,,,,,,,,7149,26468
Mar-1976,1177,,,,,,,,265,1442,27872,,,,,,,,4488,32360
Apr-1976,1175,,,,,,,,316,1491,28342,,,,,,,,5439,33781
May-1976,1485,,,,,,,,417,1902,30913,,,,,,,,5888,36801
Jun-1976,1702,,,,,,,,527,2229,38656,,,,,,,,9892,48548
Jul-1976,951,,,,,,,,237,1188,23894,,,,,,,,4726,28620
Aug-1976,1127,,,,,,,,351,1478,27396,,,,,,,,5611,33007
Sep-1976,1332,,,,,,,,336,1668,33838,,,,,,,,5982,39820
Oct-1976,1049,,,,,,,,346,1395,26475,,,,,,,,6094,32569
Nov-1976,968,,,,,,,,242,1210,25512,,,,,,,,4762,30274
Dec-1976,867,,,,,,,,252,1119,23943,,,,,,,,5367,29310
Jan-1977,1012,,,,,,,,270,1282,27157,,,,,,,,5137,32294
Feb-1977,583,,,,,,,,200,783,16421,,,,,,,,4070,20491
Mar-1977,737,,,,,,,,242,979,20299,,,,,,,,4464,24763
Apr-1977,744,,,,,,,,226,970,20869,,,,,,,,4236,25105
May-1977,666,,,,,,,,271,937,18444,,,,,,,,6064,24508
Jun-1977,1167,,,,,,,,216,1383,30762,,,,,,,,4523,35285
Jul-1977,612,,,,,,,,213,825,17488,,,,,,,,4354,21842
Aug-1977,791,,,,,,,,162,953,22598,,,,,,,,2806,25404
Sep-1977,800,,,,,,,,135,935,23001,,,,,,,,2532,25533
Oct-1977,736,,,,,,,,226,962,20823,,,,,,,,4521,25344
Nov-1977,706,,,,,,,,137,843,20549,,,,,,,,2556,23105
Dec-1977,610,,,,,,,,115,725,17860,,,,,,,,2162,20022
Jan-1978,492,,,,,,,,146,638,14489,,,,,,,,2920,17409
Feb-1978,446,,,,,,,,114,560,13391,,,,,,,,2525,15916
Mar-1978,510,,,,,,,,249,759,15390,,,,,,,,4899,20289
Apr-1978,611,,,,,,,,225,836,17502,,,,,,,,5203,22705
May-1978,665,,,,,,,,113,778,18961,,,,,,,,2118,21079
Jun-1978,536,,,,,,,,183,719,16520,,,,,,,,4231,20751
Jul-1978,604,,,,,,,,161,765,17825,,,,,,,,3418,21243
Aug-1978,524,,,,,,,,165,689,15470,,,,,,,,3257,18727
Sep-1978,541,,,,,,,,73,614,16568,,,,,,,,1404,17972
Oct-1978,497,,,,,,,,54,551,15094,,,,,,,,1036,16130
Nov-1978,810,,,,,,,,167,977,23882,,,,,,,,3676,27558
Dec-1978,501,,,,,,,,140,641,15399,,,,,,,,3023,18422
Jan-1979,438,,,,,,,,79,517,13800,,,,,,,,1575,15375
Feb-1979,438,,,,,,,,79,517,13661,,,,,,,,1366,15027
Mar-1979,510,,,,,,,,55,565,16180,,,,,,,,932,17112
Apr-1979,559,,,,,,,,108,667,16982,,,,,,,,2141,19123
May-1979,678,,,,,,,,48,726,21089,,,,,,,,1123,22212
Jun-1979,824,,,,,,,,91,915,24824,,,,,,,,2235,27059
Jul-1979,961,,,,,,,,196,1157,32040,,,,,,,,4745,36785
Aug-1979,715,,,,,,,,115,830,22947,,,,,,,,2471,25418
Sep-1979,696,,,,,,,,134,830,21904,,,,,,,,2886,24790
Oct-1979,506,,,,,,,,43,549,17158,,,,,,,,891,18049
Nov-1979,496,,,,,,,,181,677,16057,,,,,,,,4206,20263
Dec-1979,609,,,,,,,,36,645,18811,,,,,,,,887,19698
Jan-1980,584,,,,,,,,121,705,18413,,,,,,,,3056,21469
Feb-1980,416,,,,,,,,110,526,13669,,,,,,,,2395,16064
Mar-1980,631,,,,,,,,74,705,20588,,,,,,,,1904,22492
Apr-1980,591,,,,,,,,114,705,19966,,,,,,,,2503,22469
May-1980,502,,,,,,,,132,634,17120,,,,,,,,3313,20433
Jun-1980,538,,,,,,,,113,651,18663,,,,,,,,2692,21355
Jul-1980,503,,,,,,,,69,572,18061,,,,,,,,1524,19585
Aug-1980,557,,,,,,,,55,612,19592,,,,,,,,1256,20848
Sep-1980,539,,,,,,,,90,629,19736,,,,,,,,2452,22188
Oct-1980,518,,,,,,,,186,704,18406,,,,,,,,4898,23304
Nov-1980,476,,,,,,,,90,566,17421,,,,,,,,2552,19973
Dec-1980,540,,,,,,,,167,707,19692,,,,,,,,4564,24256
Jan-1981,455,,,,,,,,100,555,16263,,,,,,,,2216,18479
Feb-1981,315,,,,,,,,59,374,11345,,,,,,,,1536,12881
Mar-1981,467,,,,,,,,188,655,16939,,,,,,,,4223,21162
Apr-1981,565,,,,,,,,277,842,20860,,,,,,,,6027,26887
May-1981,453,,,,,,,,255,708,16562,,,,,,,,6029,22591
Jun-1981,659,,,,,,,,171,830,24801,,,,,,,,5233,30034
Jul-1981,475,,,,,,,,192,667,18522,,,,,,,,6538,25060
Aug-1981,483,,,,,,,,99,582,18850,,,,,,,,2755,21605
Sep-1981,504,,,,,,,,258,762,19396,,,,,,,,6451,25847
Oct-1981,505,,,,,,,,169,674,19664,,,,,,,,4627,24291
Nov-1981,583,,,,,,,,211,794,20248,,,,,,,,8553,28801
Dec-1981,460,,,,,,,,142,602,18178,,,,,,,,4079,22257
Jan-1982,396,,,,,,,,156,552,15048,,,,,,,,5474,20522
Feb-1982,344,,,,,,,,229,573,13404,,,,,,,,5976,19380
Mar-1982,522,,,,,,,,254,776,20047,,,,,,,,6563,26610
Apr-1982,466,,,,,,,,390,856,19440,,,,,,,,12395,31835
May-1982,451,,,,,,,,141,592,17219,,,,,,,,5925,23144
Jun-1982,447,,,,,,,,246,693,17670,,,,,,,,7874,25544
Jul-1982,457,,,,,,,,129,586,18464,,,,,,,,3477,21941
Aug-1982,471,,,,,,,,151,622,18443,,,,,,,,5301,23744
Sep-1982,606,,,,,,,,214,820,22580,,,,,,,,6293,28873
Oct-1982,396,,,,,,,,171,567,16380,,,,,,,,4435,20815
Nov-1982,467,,,,,,,,211,678,17695,,,,,,,,5879,23574
Dec-1982,507,,,,,,,,230,737,19183,,,,,,,,6549,25732
Jan-1983,385,,,,,,,,87,472,14936,,,,,,,,2604,17540
Feb-1983,455,,,,,,,,161,616,17575,,,,,,,,5224,22799
Mar-1983,534,,,,,,,,431,965,20079,,,,,,,,13592,33671
Apr-1983,588,,,,,,,,259,847,22385,,,,,,,,7936,30321
May-1983,576,,,,,,,,365,941,22699,,,,,,,,10883,33582
Jun-1983,736,,,,,,,,202,938,28948,,,,,,,,8839,37787
Jul-1983,622,,,,,,,,191,813,25690,,,,,,,,5791,31481
Aug-1983,719,,,,,,,,305,1024,27938,,,,,,,,10091,38030
Sep-1983,819,,,,,,,,179,998,33413,,,,,,,,5816,39229
Oct-1983,718,,,,,,,,398,1116,29246,,,,,,,,11803,41049
Nov-1983,739,,,,,,,,318,1057,29724,,,,,,,,10041,39765
Dec-1983,839,,,,,,,,219,1058,35715,,,,,,,,6631,42346
Jan-1984,644,,,,,,,,263,907,27539,,,,,,,,8547,36086
Feb-1984,762,,,,,,,,314,1076,31444,,,,,,,,11263,42707
Mar-1984,950,,,,,,,,547,1497,39569,,,,,,,,19104,58673
Apr-1984,1051,,,,,,,,408,1459,43430,,,,,,,,14500,57931
May-1984,970,,,,,,,,403,1373,41235,,,,,,,,14336,55572
Jun-1984,918,,,,,,,,194,1112,40524,,,,,,,,7952,48476
Jul-1984,807,,,,,,,,320,1127,36707,,,,,,,,11685,48392
Aug-1984,866,,,,,,,,305,1171,39588,,,,,,,,10837,50425
Sep-1984,924,,,,,,,,331,1255,41815,,,,,,,,13088,54902
Oct-1984,874,,,,,,,,413,1287,40263,,,,,,,,15352,55615
Nov-1984,957,,,,,,,,506,1463,42159,,,,,,,,18218,60377
Dec-1984,885,,,,,,,,717,1602,42706,,,,,,,,30341,73047
Jan-1985,729,,,,,,,,461,1190,35510,,,,,,,,16516,52026
Feb-1985,711,,,,,,,,325,1036,34257,,,,,,,,12502,46759
Mar-1985,760,,,,,,,,426,1186,37401,,,,,,,,15972,53373
Apr-1985,741,,,,,,,,498,1239,36077,,,,,,,,20599,56675
May-1985,973,,,,,,,,481,1454,47419,,,,,,,,21234,68653
Jun-1985,696,,,,,,,,347,1043,36633,,,,,,,,14519,51152
Jul-1985,667,,,,,,,,251,918,34303,,,,,,,,10637,44940
Aug-1985,719,,,,,,,,350,1069,38048,,,,,,,,14895,52943
Sep-1985,703,,,,,,,,267,970,37093,,,,,,,,13546,50639
Oct-1985,660,,,,,,,,500,1160,36017,,,,,,,,22695,58712
Nov-1985,646,,,,,,,,179,825,34764,,,,,,,,7263,42027
Dec-1985,558,,,,,,,,244,802,29584,,,,,,,,10367,39951
Jan-1986,586,,,,,,,,309,895,29275,,,,,,,,13354,42629
Feb-1986,491,,,,,,,,169,660,26847,,,,,,,,7160,34007
Mar-1986,579,,,,,,,,442,1021,29802,,,,,,,,20069,49872
Apr-1986,580,,,,,,,,249,829,30674,,,,,,,,10710,41384
May-1986,490,,,,,,,,230,720,26173,,,,,,,,10203,36376
Jun-1986,703,,,,,,,,368,1071,36073,,,,,,,,15335,51408
Jul-1986,630,,,,,,,,368,998,31895,,,,,,,,19134,51030
Aug-1986,588,,,,,,,,127,715,31812,,,,,,,,5434,37246
Sep-1986,580,,,,,,,,266,846,31428,,,,,,,,11128,42556
Oct-1986,611,,,,,,,,142,753,33279,,,,,,,,6236,39515
Nov-1986,575,,,,,,,,205,780,36963,,,,,,,,7549,44512
Dec-1986,621,,,,,,,,239,860,33298,,,,,,,,10287,43585
Jan-1987,417,,,,,,,,113,530,24278,,,,,,,,4675,28953
Feb-1987,358,,,,,,,,208,566,21590,,,,,,,,9292,30881
Mar-1987,697,,,,,,,,182,879,41852,,,,,,,,7928,49780
Apr-1987,606,,,,,,,,152,758,35117,,,,,,,,6520,41637
May-1987,527,,,,,,,,134,661,31399,,,,,,,,5177,36576
Jun-1987,496,,,,,,,,277,773,28087,,,,,,,,12384,40471
Jul-1987,585,,,,,,,,176,761,34599,,,,,,,,6745,41344
Aug-1987,634,,,,,,,,124,758,36960,,,,,,,,6042,43002
Sep-1987,553,,,,,,,,168,721,32330,,,,,,,,7497,39826
Oct-1987,484,,,,,,,,99,583,29380,,,,,,,,4115,33495
Nov-1987,538,,,,,,,,197,735,29531,,,,,,,,8657,38188
Dec-1987,563,,,,,,,,129,692,33342,,,,,,,,5065,38407
Jan-1988,472,,,,,,,,138,610,28771,,,,,,,,6183,34954
Feb-1988,494,,,,,,,,211,705,30599,,,,,,,,7749,38348
Mar-1988,614,,,,,,,,220,834,37146,,,,,,,,9161,46306
Apr-1988,595,,,,,,,,219,814,34609,,,,,,,,10367,44975
May-1988,661,,,,,,,,146,807,38900,,,,,,,,7874,46774
Jun-1988,707,,,,,,,,215,922,44100,,,,,,,,7616,51716
Jul-1988,509,,,,,,,,156,665,33149,,,,,,,,7478,40627
Aug-1988,729,,,,,,,,264,993,44666,,,,,,,,13126,57792
Sep-1988,795,,,,,,,,213,1008,51785,,,,,,,,9910,61695
Oct-1988,630,,,,,,,,306,936,41199,,,,,,,,16132,57331
Nov-1988,811,,,,,,,,253,1064,52465,,,,,,,,10544,63009
Dec-1988,651,,,,,,,,283,934,42557,,,,,,,,13843,56400
Jan-1989,548,,,,,,,,193,741,37797,,,,,,,,10533,48331
Feb-1989,659,,,,,,,,211,870,43683,,,,,,,,10829,54512
Mar-1989,622,,,,,,,,220,842,41877,,,,,,,,11539,53416
Apr-1989,595,,,,,,,,318,913,40147,,,,,,,,15995,56143
May-1989,711,,,,,,,,312,1023,47920,,,,,,,,15733,63654
Jun-1989,746,,,,,,,,427,1173,49892,,,,,,,,27523,77415
Jul-1989,729,,,,,,,,352,1081,51840,,,,,,,,16977,68816
Aug-1989,690,,,,,,,,280,970,46885,,,,,,,,15156,62041
Sep-1989,565,,,,,,,,383,948,37607,,,,,,,,17581,55188
Oct-1989,610,,,,,,,,347,957,42086,,,,,,,,17318,59404
Nov-1989,571,,,,,,,,499,1070,38640,,,,,,,,24927,63567
Dec-1989,584,,,,,,,,337,921,42264,,,,,,,,18290,60554
Jan-1990,465,,,,,,,,205,670,32600,,,,,,,,14517,47117
Feb-1990,525,,,,,,,,404,929,36650,,,,,,,,24188,60838
Mar-1990,690,,,,,,,,311,1001,45853,,,,,,,,16321,62174
Apr-1990,604,,,,,,,,204,808,40282,,,,,,,,10144,50426
May-1990,810,,,,,,,,291,1101,52748,,,,,,,,17241,69988
Jun-1990,832,,,,,,,,358,1190,54733,,,,,,,,17745,72477
Jul-1990,736,,,,,,,,246,982,50152,,,,,,,,12165,62316
Aug-1990,739,,,,,,,,215,954,51685,,,,,,,,12042,63728
Sep-1990,810,,,,,,,,141,951,55328,,,,,,,,7901,63229
Oct-1990,713,,,,,,,,288,1001,47968,,,,,,,,16159,64126
Nov-1990,815,,,,,,,,256,1071,57298,,,,,,,,15604,72902
Dec-1990,716,,,,,,,,183,899,51081,,,,,,,,11682,62763
Jan-1991,583,,,,,,,,206,789,41731,,,,,,,,12366,54097
Feb-1991,619,,,,,,,,241,860,42604,,,,,,,,14855,57459
Mar-1991,675,,,,,,,,418,1093,47184,,,,,,,,20290,67474
Apr-1991,679,,,,,,,,158,837,47288,,,,,,,,7360,54648
May-1991,901,,,,,,,,202,1103,63351,,,,,,,,10681,74032
Jun-1991,647,,,,,,,,220,867,44154,,,,,,,,14158,58312
Jul-1991,775,107,111,218,61,0,0,61,279,1054,54822,6123,6656,12779,3790,0,0,3790,16570,71392
Aug-1991,765,142,77,219,0,0,0,0,219,984,53968,6888,4391,11279,0,0,0,0,11279,65247
Sep-1991,706,150,62,212,0,0,0,0,212,918,49936,7709,3743,11452,0,0,0,0,11452,61388
Oct-1991,717,195,22,217,0,0,0,0,217,934,52073,10369,1582,11952,0,0,0,0,11952,64025
Nov-1991,675,172,15,187,0,0,0,0,187,862,48319,9067,1207,10274,0,0,0,0,10274,58593
Dec-1991,672,89,52,141,0,0,0,0,141,813,46465,5007,3158,8165,0,0,0,0,8165,54630
Jan-1992,696,226,34,260,0,0,0,0,260,956,48179,13357,1819,15176,0,0,0,0,15176,63354
Feb-1992,617,85,10,95,0,0,0,0,95,712,44058,4903,1045,5948,0,0,0,0,5948,50006
Mar-1992,848,111,24,135,6,15,0,21,156,1004,57821,5764,1840,7604,336,790,0,1125,8729,66551
Apr-1992,757,131,17,148,12,0,40,52,200,957,52686,5949,1049,6998,900,0,4000,4900,11898,64584
May-1992,754,101,10,111,0,24,0,24,135,889,52656,4824,610,5434,0,1320,0,1320,6754,59410
Jun-1992,948,206,20,226,0,0,0,0,226,1174,64683,9942,1780,11722,0,0,0,0,11722,76405
Jul-1992,881,116,20,136,0,0,0,0,136,1017,62524,6292,1197,7489,0,0,0,0,7489,70013
Aug-1992,848,126,25,151,0,0,0,0,151,999,61557,6704,2100,8804,0,0,0,0,8804,70361
Sep-1992,792,172,12,184,0,16,0,16,200,992,54674,9406,581,9987,0,1400,0,1400,11387,66060
Oct-1992,746,211,17,228,0,6,0,6,234,980,52723,12274,1036,13310,0,400,0,400,13710,66432
Nov-1992,821,142,19,161,0,0,0,0,161,982,58791,7723,1450,9173,0,0,0,0,9173,67964
Dec-1992,777,274,94,368,0,0,0,0,368,1145,54457,13275,6015,19290,0,0,0,0,19290,73747
Jan-1993,664,99,8,107,0,0,40,40,147,811,45165,5373,545,5918,0,0,3700,3700,9618,54784
Feb-1993,903,146,32,178,0,0,0,0,178,1081,63724,7895,1865,9760,0,0,0,0,9760,73484
Mar-1993,960,116,56,172,4,0,0,4,176,1136,68290,6565,4151,10716,300,0,0,300,11016,79307
Apr-1993,833,131,12,143,0,24,0,24,167,1000,58375,7470,755,8225,0,1320,0,1320,9545,67920
May-1993,895,142,22,164,0,0,0,0,164,1059,65862,7806,1399,9205,0,0,0,0,9205,75067
Jun-1993,966,127,16,143,0,0,0,0,143,1109,67477,7355,900,8255,0,0,0,0,8255,75733
Jul-1993,949,143,46,189,0,0,0,0,189,1138,69812,9479,4176,13655,0,0,0,0,13655,83467
Aug-1993,1044,118,26,144,0,0,0,0,144,1188,76798,7345,1714,9059,0,0,0,0,9059,85857
Sep-1993,798,89,6,95,0,0,0,0,95,893,56448,4798,495,5293,0,0,0,0,5293,61741
Oct-1993,734,82,28,110,14,0,0,14,124,858,50515,4988,1390,6378,950,0,0,950,7328,57843
Nov-1993,858,86,70,156,0,0,0,0,156,1014,63357,4972,5095,10067,0,0,0,0,10067,73425
Dec-1993,758,125,42,167,0,0,0,0,167,925,56749,7268,2451,9720,0,0,0,0,9720,66469
Jan-1994,605,107,20,127,0,0,0,0,127,732,43554,6552,1420,7972,0,0,0,0,7972,51526
Feb-1994,707,108,36,144,0,0,0,0,144,851,51854,6296,2202,8498,0,0,0,0,8498,60352
Mar-1994,834,166,31,197,0,0,0,0,197,1031,61346,7850,2273,10123,0,0,0,0,10123,71469
Apr-1994,703,113,30,143,0,0,0,0,143,846,52659,6920,2154,9073,0,0,0,0,9073,61733
May-1994,936,119,48,167,0,0,0,0,167,1103,68357,7145,4524,11669,0,0,0,0,11669,80026
Jun-1994,974,165,40,205,0,0,0,0,205,1179,70976,10124,3720,13844,0,0,0,0,13844,84820
Jul-1994,798,104,51,155,2,0,0,2,157,955,59809,6635,3582,10217,100,0,0,100,10317,70126
Aug-1994,927,113,38,151,0,0,0,0,151,1078,70579,6711,2394,9105,0,0,0,0,9105,79684
Sep-1994,913,108,31,139,0,0,0,0,139,1052,69318,6700,2283,8983,0,0,0,0,8983,78301
Oct-1994,691,97,11,108,0,0,0,0,108,799,51522,5513,805,6318,0,0,0,0,6318,57841
Nov-1994,833,143,71,214,0,0,0,0,214,1047,64255,8634,4686,13320,0,0,0,0,13320,77575
Dec-1994,606,73,14,87,0,0,3,3,90,696,47607,4501,1773,6274,0,0,1000,1000,7274,54881
Jan-1995,532,119,30,149,0,0,92,92,241,773,42885,6722,2315,9037,0,0,10000,10000,19037,61922
Feb-1995,598,34,9,43,0,0,37,37,80,678,47771,2298,765,3063,0,0,5500,5500,8563,56334
Mar-1995,747,115,46,161,0,0,0,0,161,908,58533,6873,4810,11683,0,0,0,0,11683,70216
Apr-1995,425,50,0,50,0,0,0,0,50,475,33567,2827,0,2827,0,0,0,0,2827,36394
May-1995,523,39,10,49,2,11,0,13,62,585,42524,2415,749,3165,118,500,0,618,3782,46306
Jun-1995,554,55,26,81,4,0,0,4,85,639,44417,3461,2020,5481,200,0,0,200,5681,50098
Jul-1995,463,58,52,110,0,0,0,0,110,573,37864,3278,4092,7370,0,0,0,0,7370,45234
Aug-1995,608,46,12,58,0,0,0,0,58,666,48508,2833,920,3753,0,0,0,0,3753,52260
Sep-1995,467,23,6,29,10,50,11,71,100,567,38245,1314,1373,2687,810,2500,800,4110,6797,45042
Oct-1995,422,66,18,84,0,12,0,12,96,518,34581,1994,1643,3637,0,938,0,938,4575,39156
Nov-1995,390,100,21,121,0,4,8,12,133,523,31373,6294,1940,8234,0,411,821,1232,9466,40839
Dec-1995,367,42,19,61,0,0,0,0,61,428,30070,3027,1368,4395,0,0,0,0,4395,34465
Jan-1996,306,26,20,46,0,0,0,0,46,352,25708,1930,1535,3465,0,0,0,0,3465,29173
Feb-1996,418,57,3,60,0,0,6,6,66,484,32728,4521,1500,6021,0,0,900,900,6921,39648
Mar-1996,393,27,14,41,0,0,0,0,41,434,32174,1832,2532,4364,0,0,0,0,4364,36538
Apr-1996,386,39,5,44,0,0,0,0,44,430,29711,1908,288,2195,0,0,0,0,2195,31906
May-1996,483,15,7,22,0,0,0,0,22,505,38922,876,959,1834,0,0,0,0,1834,40756
Jun-1996,406,19,2,21,4,0,0,4,25,431,32867,1073,150,1223,220,0,0,220,1443,34309
Jul-1996,481,24,4,28,0,19,0,19,47,528,39533,1253,270,1523,0,1750,0,1750,3273,42806
Aug-1996,492,47,4,51,0,0,0,0,51,543,40702,2436,2098,4534,0,0,0,0,4534,45236
Sep-1996,462,37,8,45,2,2,2,6,51,513,39508,2511,1150,3661,120,33,33,185,3846,43354
Oct-1996,414,117,31,148,0,0,0,0,148,562,35094,6388,2202,8590,0,0,0,0,8590,43684
Nov-1996,438,21,24,45,4,0,0,4,49,487,35723,1365,2580,3945,280,0,0,280,4225,39948
Dec-1996,383,22,2,24,0,3,0,3,27,410,32498,1723,140,1863,0,420,0,420,2283,34781
Jan-1997,340,10,0,10,0,0,0,0,10,350,28916,682,0,682,0,0,0,0,682,29598
Feb-1997,434,35,0,35,0,0,0,0,35,469,37230,2446,0,2446,0,0,0,0,2446,39677
Mar-1997,501,39,2,41,0,0,0,0,41,542,39237,2402,189,2591,0,0,0,0,2591,41829
Apr-1997,568,55,2,57,0,0,0,0,57,625,48514,4024,110,4134,0,0,0,0,4134,52649
May-1997,551,44,7,51,6,6,0,12,63,614,47626,2974,490,3464,480,900,0,1380,4844,52471
Jun-1997,540,41,2,43,8,0,0,8,51,591,45652,2666,200,2866,960,0,0,960,3826,49478
Jul-1997,583,45,2,47,0,0,0,0,47,630,47872,3205,50,3255,0,0,0,0,3255,51127
Aug-1997,529,28,9,37,0,0,0,0,37,566,45731,2972,622,3594,0,0,0,0,3594,49325
Sep-1997,527,24,44,68,0,0,0,0,68,595,46182,1659,4033,5692,0,0,0,0,5692,51874
Oct-1997,538,52,9,61,0,0,0,0,61,599,46660,3746,830,4576,0,0,0,0,4576,51236
Nov-1997,490,11,0,11,49,0,0,49,60,550,47401,806,0,806,3000,0,0,3000,3806,51207
Dec-1997,482,21,9,30,0,0,0,0,30,512,45053,1715,1300,3015,0,0,0,0,3015,48068
Jan-1998,372,54,4,58,0,0,0,0,58,430,33040,3929,459,4388,0,0,0,0,4388,37428
Feb-1998,544,22,2,24,0,0,29,29,53,597,48973,1505,300,1805,0,0,6230,6230,8035,57007
Mar-1998,669,41,14,55,0,10,0,10,65,734,58434,3242,1090,4332,0,800,0,800,5132,63566
Apr-1998,470,16,8,24,0,5,0,5,29,499,41442,1131,926,2056,0,550,0,550,2606,44048
May-1998,526,27,13,40,0,3,32,35,75,601,47087,1950,1424,3374,0,430,4395,4825,8200,55287
Jun-1998,640,126,40,166,0,0,0,0,166,806,59795,7024,3220,10244,0,0,0,0,10244,70039
Jul-1998,658,47,65,112,49,53,27,129,241,899,58144,3428,6096,9524,5285,2685,3000,10970,20494,78638
Aug-1998,535,36,57,93,4,0,0,4,97,632,49282,2776,6251,9028,220,0,0,220,9248,58530
Sep-1998,625,29,8,37,0,0,80,80,117,742,60338,2236,810,3046,0,0,40000,40000,43046,103384
Oct-1998,542,19,24,43,0,0,0,0,43,585,50803,1734,3004,4739,0,0,0,0,4739,55542
Nov-1998,552,34,16,50,0,0,0,0,50,602,53271,3051,1722,4773,0,0,0,0,4773,58044
Dec-1998,493,48,14,62,0,0,0,0,62,555,45753,3187,1328,4516,0,0,0,0,4516,50269
Jan-1999,371,16,13,29,0,44,0,44,73,444,36924,1140,1882,3022,0,5664,0,5664,8686,45610
Feb-1999,509,24,10,34,0,0,61,61,95,604,46856,2247,780,3027,0,0,8300,8300,11327,58183
Mar-1999,682,36,22,58,0,8,0,8,66,748,63888,2384,2035,4419,0,800,0,800,5219,69107
Apr-1999,497,38,33,71,0,0,0,0,71,568,49178,3064,4332,7396,0,0,0,0,7396,56574
May-1999,629,24,10,34,0,0,18,18,52,681,61161,1761,1350,3111,0,0,5200,5200,8311,69472
Jun-1999,668,30,37,67,0,0,0,0,67,735,65724,2422,4142,6564,0,0,0,0,6564,72288
Jul-1999,623,86,20,106,2,31,80,113,219,842,63150,6343,1920,8263,162,2800,27770,30732,38995,102145
Aug-1999,682,65,13,78,4,0,18,22,100,782,64715,5191,2390,7581,346,0,4980,5326,12907,77622
Sep-1999,785,82,48,130,0,0,0,0,130,915,78703,5869,5513,11382,0,0,0,0,11382,90085
Oct-1999,681,73,25,98,10,4,0,14,112,793,69419,5626,3100,8726,900,600,0,1500,10226,79646
Nov-1999,910,48,36,84,4,0,0,4,88,998,93131,3830,4460,8290,550,0,0,550,8840,101971
Dec-1999,738,48,44,92,12,0,0,12,104,842,77168,3791,4686,8477,450,0,0,450,8927,86095
Jan-2000,652,39,19,58,4,0,0,4,62,714,64396,2581,2713,5294,240,0,0,240,5534,69930
Feb-2000,855,75,79,154,0,32,47,79,233,1088,87155,4606,6988,11594,0,5000,9800,14800,26394,113549
Mar-2000,824,30,35,65,0,77,17,94,159,983,82496,2784,3785,6569,0,8700,3250,11950,18519,101015
Apr-2000,568,53,25,78,0,0,0,0,78,646,58010,4128,3080,7208,0,0,0,0,7208,65217
May-2000,647,24,37,61,0,10,42,52,113,760,65155,1695,6142,7837,0,1700,6600,8300,16137,81293
Jun-2000,524,33,15,48,0,12,12,24,72,596,53030,2694,2440,5134,0,1200,4635,5835,10969,63999
Jul-2000,464,76,9,85,13,0,146,159,244,708,48850,5682,1150,6832,1354,0,26800,28154,34987,83837
Aug-2000,463,16,35,51,3,0,0,3,54,517,49269,1484,6810,8294,240,0,0,240,8534,57803
Sep-2000,354,34,22,56,0,0,0,0,56,410,36754,2955,2512,5467,0,0,0,0,5467,42221
Oct-2000,433,42,32,74,0,6,0,6,80,513,45486,3864,4747,8611,0,1500,0,1500,10111,55597
Nov-2000,463,76,5,81,2,0,97,99,180,643,49737,5565,384,5949,40,0,7740,7780,13729,63467
Dec-2000,398,20,30,50,4,0,6,10,60,458,42446,1467,3322,4789,277,0,1850,2127,6916,49362
Jan-2001,364,32,27,59,0,9,0,9,68,432,39399,3453,2880,6333,0,865,0,865,7198,46597
Feb-2001,385,26,58,84,0,0,0,0,84,469,41520,2029,7099,9128,0,0,0,0,9128,50649
Mar-2001,527,43,28,71,7,32,0,39,110,637,54702,3830,3795,7625,408,4980,0,5388,13013,67715
Apr-2001,492,15,4,19,2,0,0,2,21,513,54059,1323,700,2023,181,0,0,181,2203,56262
May-2001,659,14,23,37,4,8,0,12,49,708,74415,1252,2535,3787,450,600,0,1050,4837,79251
Jun-2001,643,25,13,38,11,10,33,54,92,735,72311,1759,900,2659,852,800,7600,9252,11911,84222
Jul-2001,780,152,26,178,24,0,0,24,202,982,82969,12237,3306,15543,1269,0,0,1269,16812,99781
Aug-2001,748,39,31,70,19,0,0,19,89,837,79299,3406,4122,7527,1445,0,0,1445,8972,88272
Sep-2001,742,47,40,87,23,0,0,23,110,852,84444,4505,5475,9980,2810,0,0,2810,12790,97234
Oct-2001,816,76,18,94,13,0,0,13,107,923,91578,6021,2090,8111,1074,0,0,1074,9185,100762
Nov-2001,829,79,36,115,8,0,0,8,123,952,89993,7149,5014,12163,1020,0,0,1020,13183,103176
Dec-2001,760,140,53,193,10,12,9,31,224,984,85571,11450,8527,19977,850,1494,1400,3744,23720,109292
Jan-2002,701,43,25,68,21,0,0,21,89,790,80590,4066,2897,6963,2270,0,0,2270,9233,89823
Feb-2002,855,96,29,125,0,14,0,14,139,994,94498,8293,3518,11811,0,1200,0,1200,13011,107509
Mar-2002,786,92,20,112,3,21,0,24,136,922,87933,6855,2262,9117,300,2100,0,2400,11517,99451
Apr-2002,736,132,56,188,10,0,80,90,278,1014,85488,12155,7160,19315,850,0,9011,9861,29176,114664
May-2002,829,67,51,118,0,40,0,40,158,987,99837,9244,8039,17283,0,3200,0,3200,20483,120320
Jun-2002,750,50,26,76,0,4,0,4,80,830,90319,3779,2962,6741,0,300,0,300,7041,97360
Jul-2002,859,38,33,71,8,10,0,18,89,948,104524,3261,6136,9397,850,1100,0,1950,11347,115870
Aug-2002,859,157,40,197,10,0,0,10,207,1066,98871,10641,5726,16368,855,0,0,855,17223,116094
Sep-2002,812,28,10,38,21,0,0,21,59,871,96380,2778,2000,4778,896,0,0,896,5673,102053
Oct-2002,794,29,60,89,4,0,258,262,351,1145,99140,3117,7689,10806,500,0,90640,91140,101946,201086
Nov-2002,763,57,29,86,6,0,83,89,175,938,93814,5514,4086,9600,375,0,14500,14875,24475,118289
Dec-2002,623,173,66,239,5,26,0,31,270,893,78142,24747,8152,32899,490,1500,0,1990,34889,113031
Jan-2003,524,60,107,167,4,0,100,104,271,795,65386,5076,15281,20357,450,0,18900,19350,39707,105093
Feb-2003,662,61,33,94,4,0,0,4,98,760,87441,6247,4113,10360,250,0,0,250,10610,98051
Mar-2003,675,34,36,70,14,77,70,161,231,906,87092,3664,4992,8656,920,11300,13500,25720,34376,121467
Apr-2003,631,91,23,114,6,5,0,11,125,756,78820,9569,5870,15439,600,600,0,1200,16639,95458
May-2003,724,55,34,89,7,0,0,7,96,820,97854,5465,5186,10651,780,0,0,780,11431,109284
Jun-2003,865,42,31,73,0,0,33,33,106,971,111002,3817,5275,9092,0,0,3600,3600,12692,123694
Jul-2003,900,62,60,122,17,0,0,17,139,1039,125412,6838,12153,18990,1353,0,0,1353,20344,145756
Aug-2003,742,100,53,153,25,0,0,25,178,920,97902,12025,7559,19584,2420,0,0,2420,22004,119906
Sep-2003,905,69,58,127,32,6,5,43,170,1075,121404,6948,7840,14788,2868,600,2100,5568,20356,141761
Oct-2003,829,374,91,465,2,0,0,2,467,1296,110392,36623,13453,50076,250,0,0,250,50326,160718
Nov-2003,742,66,15,81,52,0,0,52,133,875,97243,7304,2132,9435,2700,0,0,2700,12135,109379
Dec-2003,882,135,70,205,18,0,11,29,234,1116,120317,13623,9285,22907,2020,0,2500,4520,27427,147744
Jan-2004,516,75,38,113,12,0,94,106,219,735,71431,7285,9729,17014,2040,0,33000,35040,52054,123486
Feb-2004,731,98,29,127,9,5,0,14,141,872,99140,9462,4575,14038,1000,800,0,1800,15837,114978
Mar-2004,832,97,61,158,23,0,0,23,181,1013,119186,9980,8446,18425,3115,0,0,3115,21540,140727
Apr-2004,691,91,41,132,15,0,8,23,155,846,98757,10937,6563,17500,4000,0,1530,5530,23030,121786
May-2004,687,77,57,134,16,12,80,108,242,929,97559,8299,8927,17226,750,1200,11000,12950,30176,127735
Jun-2004,930,76,111,187,11,4,0,15,202,1132,130551,7757,17737,25494,1053,1820,0,2873,28367,158918
Jul-2004,713,190,49,239,4,10,56,70,309,1022,103299,20628,8796,29424,370,1800,9013,11183,40607,143906
Aug-2004,796,54,41,95,17,12,60,89,184,980,116464,5322,5577,10899,1750,840,19000,21590,32489,148953
Sep-2004,763,68,28,96,0,0,37,38,134,897,108758,6915,5160,12075,0,0,12000,12030,24105,132863
Oct-2004,663,84,17,101,2,8,130,140,241,904,98436,8958,2425,11382,133,1210,50700,52043,63426,161862
Nov-2004,766,79,75,154,34,2,0,36,190,956,114372,10496,16349,26845,5573,2040,0,7613,34458,148830
Dec-2004,807,96,26,122,52,6,6,64,186,993,119985,12044,4950,16993,5373,1600,700,7673,24666,144652
Jan-2005,511,447,33,480,42,0,0,42,522,1033,78424,29113,6579,35693,6120,0,0,6120,41813,120236
Feb-2005,648,51,25,76,6,0,3,9,85,733,103198,6486,6083,12570,750,0,900,1650,14220,117417
Mar-2005,774,162,42,204,8,76,8,92,296,1070,112590,15518,9687,25205,1520,15750,2500,19770,44975,157565
Apr-2005,655,68,68,136,4,0,8,12,148,803,97680,6739,10438,17177,400,0,5075,5475,22652,120332
May-2005,759,29,95,124,4,3,41,48,172,931,111600,3685,26842,30527,750,700,14800,16250,46777,158376
Jun-2005,692,66,33,99,6,3,0,9,108,800,104165,6812,6290,13103,600,600,0,1200,14303,118467
Jul-2005,694,65,22,87,76,32,47,155,242,936,107983,7431,4063,11493,12780,6800,9750,29330,40823,148806
Aug-2005,767,59,47,106,18,45,0,63,169,936,119117,7222,6468,13689,2406,3480,0,5886,19575,138692
Sep-2005,755,65,48,113,37,8,0,45,158,913,119827,7968,7060,15028,4146,900,0,5046,20074,139901
Oct-2005,674,135,38,173,9,6,70,85,258,932,103381,19371,6113,25484,1330,2000,6400,9730,35214,138595
Nov-2005,773,56,24,80,11,20,35,66,146,919,124519,7177,4850,12027,2600,4000,5801,12401,24428,148947
Dec-2005,666,42,53,95,0,110,13,123,218,884,106973,6065,10919,16984,0,5000,6000,11000,27984,134957
Jan-2006,563,118,134,252,5,6,0,11,263,826,92869,17486,21855,39341,670,1200,0,1870,41211,134081
Feb-2006,629,101,14,115,15,0,0,15,130,759,106353,15043,2610,17653,1687,0,0,1687,19340,125693
Mar-2006,786,56,81,137,9,0,150,159,296,1082,122746,7088,24941,32029,1340,0,49000,50340,82369,205116
Apr-2006,611,232,49,281,8,47,342,397,678,1289,94142,27762,6952,34714,1689,15500,45000,62189,96903,191045
May-2006,760,106,51,157,16,17,0,33,190,950,119890,11985,8892,20877,1280,3400,0,4680,25557,145448
Jun-2006,714,121,68,189,8,18,0,27,216,930,114913,13653,9750,23403,1020,4000,0,5054,28457,143369
Jul-2006,744,164,77,241,2,6,51,59,300,1044,113261,16493,9650,26143,358,1500,4800,6658,32801,146062
Aug-2006,769,133,36,169,2,0,15,17,186,955,129616,16296,6017,22312,426,0,5500,5926,28238,157854
Sep-2006,736,62,18,80,4,8,0,12,92,828,118333,7794,3296,11090,600,1300,0,1900,12990,131324
Oct-2006,656,71,66,137,0,0,29,29,166,822,108481,10700,11008,21708,0,0,3000,3000,24708,133189
Nov-2006,880,97,20,117,16,3,54,73,190,1070,144954,10595,4160,14755,3070,1200,27580,31850,46605,191559
Dec-2006,656,71,22,93,46,44,0,90,183,839,108522,10723,5941,16664,5104,6600,0,11704,28368,136889
Jan-2007,579,133,23,156,22,17,0,39,195,774,94782,13990,4263,18253,3275,2400,0,5675,23928,118710
Feb-2007,674,335,13,348,2,42,0,44,392,1066,114442,35692,2230,37922,300,8150,0,8450,46372,160814
Mar-2007,685,47,20,67,18,8,24,50,117,802,121934,5411,3515,8926,2300,1700,3020,7020,15946,137880
Apr-2007,677,51,40,91,9,43,0,52,143,820,110973,6144,8612,14756,800,15000,0,15800,30556,141529
May-2007,863,82,40,122,8,0,0,8,130,993,152254,9305,9042,18347,890,0,0,890,19237,171491
Jun-2007,716,92,13,105,8,32,0,40,145,861,120485,9930,2738,12668,680,11400,0,12080,24748,145233
Jul-2007,878,108,49,157,0,0,0,0,157,1035,148284,13126,9247,22373,0,0,0,0,22373,170657
Aug-2007,850,83,52,135,13,0,0,13,148,998,140297,10461,8832,19293,1956,0,0,1956,21249,161546
Sep-2007,815,305,64,369,2,0,31,33,402,1217,143159,31998,10338,42336,260,0,3000,3260,45596,188755
Oct-2007,935,47,58,105,49,0,53,102,207,1142,162620,7234,9126,16360,6344,0,29560,35904,52264,214884
Nov-2007,961,84,83,167,0,0,210,210,377,1338,162238,11945,11238,23183,0,0,71234,71234,94417,256655
Dec-2007,814,75,31,106,12,0,27,39,145,959,142458,9808,4951,14759,2700,0,6820,9520,24279,166737
Jan-2008,713,57,50,107,11,14,0,25,132,845,122891,8489,11729,20218,1631,2300,0,3931,24149,147040
Feb-2008,959,61,53,114,10,0,23,33,147,1106,162197,8475,12259,20734,1255,0,6300,7555,28289,190487
Mar-2008,708,76,40,116,60,0,0,60,176,884,125718,10280,6449,16729,3650,0,0,3650,20379,146097
Apr-2008,833,55,150,205,22,0,0,22,227,1060,152186,6318,25115,31433,3583,0,0,3583,35016,187203
May-2008,1035,64,107,171,65,0,65,130,301,1336,178438,8663,24180,32843,9260,0,17500,26760,59603,238041
Jun-2008,893,311,53,364,0,0,201,201,565,1458,159050,55923,9131,65055,0,0,81130,81130,146185,305235
Jul-2008,1011,97,59,156,47,12,94,153,309,1320,186918,10890,10985,21875,6270,2700,29000,37970,59845,246763
Aug-2008,765,83,69,152,28,0,46,74,226,991,142521,12600,10753,23353,4869,0,11250,16119,39472,181993
Sep-2008,816,436,49,485,12,0,0,12,497,1313,147249,55590,11559,67150,1860,0,0,1860,69010,216259
Oct-2008,816,60,76,136,8,0,0,8,144,960,148559,9396,16755,26151,1313,0,0,1313,27463,176023
Nov-2008,744,101,71,172,12,16,0,28,200,944,135164,15580,16880,32460,2517,1000,0,3517,35977,171140
Dec-2008,699,73,66,139,15,8,0,23,162,861,132774,11942,16347,28289,4048,1000,0,5048,33337,166111
Jan-2009,613,47,52,99,22,0,27,49,148,761,110560,5365,9003,14368,2800,0,8000,10800,25168,135728
Feb-2009,726,59,58,117,48,12,0,60,177,903,139665,7031,10920,17951,13539,1300,0,14839,32791,172456
Mar-2009,815,74,29,103,17,43,26,86,189,1004,150321,12021,5600,17621,2104,10700,5000,17804,35425,185746
Apr-2009,779,124,45,169,24,14,42,80,249,1028,143566,17630,10010,27640,2776,2000,5385,10161,37801,181366
May-2009,711,93,57,150,5,0,30,35,185,896,131609,14221,8140,22361,1020,0,3000,4020,26381,157990
Jun-2009,856,95,53,148,39,7,23,69,217,1073,160388,14264,11840,26104,6711,2500,4600,13811,39915,200303
Jul-2009,841,91,46,137,24,22,8,54,191,1032,158111,19530,9769,29299,4380,6250,5000,15630,44929,203040
Aug-2009,861,85,112,197,19,18,0,37,234,1095,157059,16253,16869,33122,5447,5000,0,10447,43570,200629
Sep-2009,850,96,133,229,13,0,0,13,242,1092,160736,13340,22853,36192,2719,0,0,2719,38911,199647
Oct-2009,889,56,52,108,6,0,0,6,114,1003,166019,7926,11353,19279,1300,0,0,1300,20579,186599
Nov-2009,894,102,37,139,29,0,6,35,174,1068,176144,12713,7100,19813,4877,0,3100,7977,27789,203933
Dec-2009,775,95,63,158,37,0,12,49,207,982,143311,15563,14869,30432,4400,0,2500,6900,37332,180643
Jan-2010,588,158,119,277,19,0,47,66,343,931,107745,27770,16992,44762,2000,0,5500,7500,52262,160007
Feb-2010,786,58,47,105,24,3,0,27,132,918,146807,8523,9126,17649,3560,600,0,4160,21809,168617
Mar-2010,1127,79,72,151,26,0,0,26,177,1304,220577,11036,12800,23836,5300,0,0,5300,29136,249713
Apr-2010,825,81,24,105,27,0,0,27,132,957,158496,10604,7090,17694,3150,0,0,3150,20844,179340
May-2010,896,342,65,407,63,65,0,128,535,1431,165909,54249,13640,67889,10265,8700,0,18965,86855,252764
Jun-2010,845,67,82,149,41,0,0,41,190,1035,170389,9957,16089,26046,6337,0,0,6337,32383,202772
Jul-2010,932,89,62,151,70,0,0,70,221,1153,185372,15504,11201,26704,9670,0,0,9670,36374,221746
Aug-2010,884,457,69,526,16,0,7,23,549,1433,175783,78290,13426,91717,2800,0,2000,4800,96517,272300
Sep-2010,825,69,43,112,74,8,0,82,194,1019,171448,9358,11262,20620,13710,1000,0,14710,35330,206778
Oct-2010,685,45,99,144,15,9,42,66,210,895,149722,6395,16274,22668,1905,1200,11000,14105,36773,186496
Nov-2010,777,105,53,158,24,0,78,102,260,1037,155256,15014,12595,27609,2390,0,20000,22390,49998,205254
Dec-2010,565,92,74,166,23,0,95,118,284,849,115701,14417,14484,28901,3855,0,32000,35855,64756,180457
Jan-2011,435,50,66,116,2,0,0,2,118,553,90374,8757,14704,23461,300,0,0,300,23761,114135
Feb-2011,630,94,56,150,16,0,227,243,393,1023,137959,16935,11256,28191,2460,0,48723,51183,79374,217332
Mar-2011,702,94,92,186,12,0,32,44,230,932,147880,16163,18670,34833,2460,0,7600,10060,44893,192773
Apr-2011,548,52,79,131,31,0,108,139,270,818,117641,8153,16196,24349,3476,0,45000,48476,72825,190466
May-2011,701,109,77,186,38,0,160,198,384,1085,148484,16193,14911,31103,5430,0,31178,36609,67712,216196
Jun-2011,769,71,104,175,25,0,0,25,200,969,170723,10578,20872,31450,3004,0,0,3004,34453,205177
Jul-2011,597,125,60,185,45,0,0,45,230,827,122609,25354,13200,38554,5202,0,0,5202,43756,166366
Aug-2011,692,66,41,107,7,0,12,19,126,818,144557,9664,9858,19522,900,0,2000,2900,22422,166978
Sep-2011,650,43,133,176,48,0,0,48,224,874,138649,7576,21236,28812,6325,0,0,6325,35137,173785
Oct-2011,604,37,61,98,10,0,48,58,156,760,129923,5148,11388,16537,1800,0,44700,46500,63037,192960
Nov-2011,686,42,27,69,4,0,28,32,101,787,148797,6015,5307,11322,1600,0,6000,7600,18922,167719
Dec-2011,449,34,70,104,17,0,0,17,121,570,93070,5468,12154,17623,2440,0,0,2440,20063,113133
Jan-2012,476,22,28,50,12,12,0,24,74,550,104094,2884,4566,7450,2379,1000,0,3379,10829,114924
Feb-2012,568,78,81,159,12,0,0,12,171,739,120077,14343,13136,27479,1580,0,0,1580,29059,149136
Mar-2012,650,51,67,118,27,0,0,27,145,795,133557,7086,13278,20364,4058,0,0,4058,24423,157979
Apr-2012,373,57,37,94,33,0,0,33,127,500,79912,9715,9759,19475,3900,0,0,3900,23374,103286
May-2012,587,51,86,137,14,0,0,14,151,738,128435,9069,17861,26930,4500,0,0,4500,31430,159865
Jun-2012,468,66,18,84,18,57,0,75,159,627,103143,11620,4033,15653,2214,7700,0,9914,25567,128710
Jul-2012,573,40,30,70,38,0,0,38,108,681,124206,6527,6335,12862,6432,0,0,6432,19294,143499
Aug-2012,594,40,47,87,34,0,0,34,121,715,127941,7193,8538,15731,6278,0,0,6278,22009,149950
Sep-2012,573,53,38,91,8,4,3,15,106,679,126055,10168,7300,17468,1501,2750,2500,6751,24219,150274
Oct-2012,681,50,61,111,35,0,73,108,219,900,134385,8385,11274,19659,4856,0,22300,27156,46815,181200
Nov-2012,632,49,47,96,35,5,0,40,136,768,143118,7774,10284,18058,10495,2000,0,12495,30553,173670
Dec-2012,501,41,24,65,33,0,30,63,128,629,110511,8945,6119,15064,6004,0,15000,21004,36068,146579
Jan-2013,418,69,32,101,2,40,0,42,143,561,91276,9911,6573,16483,1000,8000,0,9000,25483,116759
Feb-2013,596,42,26,68,20,0,0,20,88,684,123766,5642,4929,10571,3340,0,0,3340,13911,137677
Mar-2013,520,40,33,73,16,16,0,32,105,625,119421,5694,6109,11803,1960,3000,0,4960,16763,136185
Apr-2013,584,27,28,55,36,0,50,86,141,725,129408,4033,6491,10524,8720,0,9000,17720,28244,157652
May-2013,705,23,47,70,2,132,154,288,358,1063,150888,3915,9780,13695,388,33928,40500,74816,88510,239398
Jun-2013,658,38,51,89,31,0,0,31,120,778,143885,6458,8707,15164,5747,0,0,5747,20912,164796
Jul-2013,745,46,120,166,34,33,27,94,260,1005,158632,7451,20332,27782,4200,5000,6500,15700,43482,202114
Aug-2013,697,56,111,167,14,16,7,37,204,901,146585,7418,19974,27392,3276,3500,1200,7976,35368,181954
Sep-2013,677,62,88,150,19,0,82,101,251,928,142395,9649,21477,31126,3363,0,15320,18683,49809,192204
Oct-2013,728,76,49,125,38,62,42,142,267,995,158508,11223,9039,20262,6795,11900,10230,28925,49186,207694
Nov-2013,795,182,113,295,51,0,52,103,398,1193,167336,28988,24693,53681,11159,0,10000,21159,74840,242176
Dec-2013,726,59,84,143,38,8,23,69,212,938,157610,7590,13840,21430,4203,1200,5000,10403,31833,189443
Jan-2014,665,46,23,69,18,2,175,195,264,929,137416,7576,5236,12812,4710,600,41750,47060,59872,197288
Feb-2014,783,65,44,109,10,0,0,10,119,902,165004,11726,9070,20796,1860,0,0,1860,22656,187659
Mar-2014,784,39,21,60,4,0,0,4,64,848,175689,5504,4580,10084,400,0,0,400,10484,186172
Apr-2014,710,61,69,130,33,0,98,131,261,971,159924,10894,13586,24480,7800,0,35750,43550,68030,227954
May-2014,847,33,24,57,22,69,78,169,226,1073,185703,5955,5451,11406,4150,12500,13850,30500,41906,227609
Jun-2014,648,49,33,82,32,0,143,175,257,905,147070,7654,5564,13218,10240,0,21500,31740,44958,192028
Jul-2014,852,48,76,124,27,0,22,49,173,1025,187436,7820,11916,19736,4150,0,3500,7650,27386,214821
Aug-2014,690,65,99,164,3,0,54,57,221,911,151634,11585,22076,33662,535,0,11000,11535,45196,196831
Sep-2014,777,38,89,127,7,8,205,220,347,1124,179690,6477,21938,28415,1110,1000,58705,60815,89230,268920
Oct-2014,657,107,34,141,6,0,329,335,476,1133,150732,16039,7600,23639,1000,0,69000,70000,93639,244371
Nov-2014,670,33,83,116,26,0,0,26,142,812,160329,6217,18382,24598,5060,0,0,5060,29658,189987
Dec-2014,598,26,68,94,13,0,306,319,413,1011,139331,4162,15335,19496,1745,0,49000,50745,70242,209573
Jan-2015,451,27,55,82,0,0,491,491,573,1024,97419,5005,11792,16797,0,0,117100,117100,133897,231317
Feb-2015,600,24,78,102,5,0,0,5,107,707,134070,4040,16774,20814,643,0,0,643,21456,155527
Mar-2015,622,52,192,244,13,0,106,119,363,985,140491,9993,48321,58314,2750,0,15000,17750,76064,216555
Apr-2015,692,53,40,93,9,12,0,21,114,806,170271,10799,9961,20760,1866,3000,0,4866,25626,195897
May-2015,636,44,68,112,5,29,32,66,178,814,149791,6318,13720,20038,1175,3000,6000,10175,30213,180004
Jun-2015,701,46,112,158,17,0,36,53,211,912,155928,7867,20960,28827,2950,0,7500,10450,39277,195204
Jul-2015,662,53,139,192,21,5,6,32,224,886,152659,9073,32124,41197,3560,1500,3150,8210,49407,202066
Aug-2015,740,55,161,216,8,18,43,69,285,1025,175836,8593,27973,36567,965,3200,7100,11265,47832,223667
Sep-2015,693,48,109,157,22,0,130,152,309,1002,163931,8288,20333,28621,3490,0,25000,28490,57111,221042
Oct-2015,693,84,106,190,17,46,312,375,565,1258,163533,15967,21942,37910,2560,7400,95800,105760,143670,307203
Nov-2015,711,61,127,188,12,34,54,100,288,999,162049,10817,23917,34735,2806,7550,27000,37356,72091,234140
Dec-2015,660,34,55,89,27,0,99,126,215,875,152872,5085,12042,17127,3790,0,28800,32590,49717,202589
Jan-2016,489,26,96,122,7,15,234,256,378,867,107095,3776,16677,20453,1050,1800,84700,87550,108003,215099
Feb-2016,702,39,67,106,23,73,25,121,227,929,162084,6311,14105,20415,4560,11000,4968,20528,40943,203027
Mar-2016,725,133,119,252,21,35,281,337,589,1314,166910,24007,23440,47447,4595,4900,85460,94955,142402,309312
Apr-2016,765,32,106,138,32,28,106,166,304,1069,188366,5569,23341,28910,8155,5600,24240,37995,66905,255271
May-2016,837,61,139,200,22,23,21,66,266,1103,184959,9534,27431,36965,4615,4699,4500,13814,50779,235738
Jun-2016,746,56,122,178,33,13,191,237,415,1161,173739,9954,22684,32638,4878,2060,42373,49311,81949,255687
Jul-2016,638,31,115,146,5,4,73,82,228,866,153590,4515,23322,27837,1000,2130,16500,19630,47467,201057
Aug-2016,726,48,112,160,10,13,14,37,197,923,172462,8064,25915,33980,1210,5048,2800,9058,43038,215499
Sep-2016,744,64,139,203,10,8,29,47,250,994,175733,11880,32231,44112,1640,1360,5503,8503,52614,228347
Oct-2016,630,42,84,126,9,0,99,108,234,864,155298,6016,16017,22033,1640,0,36000,37640,59673,214971
Nov-2016,699,40,91,131,20,219,85,324,455,1154,171266,5971,18535,24506,3219,60000,21419,84638,109145,280410
Dec-2016,563,46,56,102,21,34,65,120,222,785,140741,8275,11966,20241,3000,6430,18000,27430,47671,188412
Jan-2017,472,59,86,145,20,22,88,130,275,747,122770,11280,17303,28583,3890,3500,30000,37390,65973,188743
Feb-2017,570,59,101,160,9,0,11,20,180,750,135477,9560,19285,28845,1522,0,4000,5522,34367,169843
Mar-2017,697,56,169,225,23,9,26,58,283,980,171779,8427,33065,41492,4870,2000,4400,11270,52762,224541
Apr-2017,637,60,96,156,12,32,68,112,268,905,152829,11866,22434,34300,1907,10000,25000,36907,71206,224036
May-2017,780,99,153,252,29,9,374,412,664,1444,194824,19295,29686,48981,5730,2000,128500,136230,185210,380034
Jun-2017,683,117,153,270,3,41,39,83,353,1036,165344,21074,31314,52388,500,7076,21000,28576,80964,246308
Jul-2017,751,54,95,149,4,4,61,69,218,969,181241,9297,22576,31873,600,1000,21500,23100,54973,236214
Aug-2017,803,128,142,270,18,25,0,43,313,1116,196616,19014,27510,46524,2730,5000,0,7730,54254,250870
Sep-2017,770,65,86,151,87,42,202,331,482,1252,185899,11653,19873,31526,19459,11300,92663,123422,154948,340847
Oct-2017,700,70,127,197,18,3,222,243,440,1140,178570,13698,30345,44042,3530,2814,74226,80570,124613,303182
Nov-2017,830,61,144,205,0,0,31,31,236,1066,210397,12430,30371,42801,0,0,7130,7130,49931,260327
Dec-2017,561,41,99,140,20,38,34,92,232,793,141770,6787,21291,28078,3760,6450,15500,25710,53788,195558
Jan-2018,521,28,68,96,25,12,102,139,235,756,137518,6532,15443,21975,5573,2900,30400,38873,60848,198366
Feb-2018,669,74,88,162,19,2,24,45,207,876,166522,12652,19025,31677,3554,350,4500,8404,40081,206604
Mar-2018,752,67,180,247,23,28,0,51,298,1050,186344,11674,39200,50874,3775,5800,0,9575,60449,246793
Apr-2018,644,59,161,220,4,0,87,91,311,955,169993,10349,42290,52639,596,0,24000,24596,77235,247228
May-2018,827,45,114,159,25,0,597,622,781,1608,204198,8320,28035,36355,5222,0,194013,199235,235591,439789
Jun-2018,676,38,130,168,0,14,314,328,496,1172,166977,6423,27718,34140,0,1650,99700,101350,135490,302468
Jul-2018,721,33,165,198,0,12,0,12,210,931,184082,6390,44160,50550,0,2500,0,2500,53050,237132
Aug-2018,733,25,115,140,3,4,132,139,279,1012,190788,4481,27009,31490,882,2700,28295,31877,63367,254155
Sep-2018,593,81,93,174,8,75,44,127,301,894,153757,13025,18191,31216,1765,14800,18900,35465,66681,220438
Oct-2018,599,61,125,186,12,8,78,98,284,883,152394,11683,28039,39722,2335,715,16000,19050,58771,211166
Nov-2018,714,39,123,162,5,20,0,25,187,901,187811,7066,27621,34687,1250,2950,0,4200,38887,226699
Dec-2018,614,32,77,109,0,0,74,74,183,797,169078,4784,18917,23702,0,0,11650,11650,35352,204430
Jan-2019,537,24,95,119,28,7,0,35,154,691,135374,3532,24805,28337,5120,1400,0,6520,34857,170230
Feb-2019,665,56,146,202,0,20,0,20,222,887,178725,11563,35523,47085,0,6000,0,6000,53085,231810
Mar-2019,658,49,144,193,3,55,11,69,262,920,179057,7979,30391,38370,660,10000,3000,13660,52030,231088
Apr-2019,647,37,104,141,29,19,45,93,234,881,175333,7296,24496,31791,4207,4900,16500,25607,57398,232732
May-2019,822,47,106,153,11,0,0,11,164,986,215044,8002,22010,30011,2860,0,0,2860,32871,247915
Jun-2019,680,35,156,191,0,0,47,47,238,918,186082,6603,39993,46596,0,0,12400,12400,58996,245077
Jul-2019,692,41,165,206,16,0,312,328,534,1226,187184,7995,38662,46657,3740,0,75000,78740,125397,312582
Aug-2019,723,29,81,110,0,13,65,78,188,911,194174,5910,19915,25825,0,5600,56000,61600,87425,281599
Sep-2019,652,26,79,105,3,15,190,208,313,965,175678,4939,19643,24582,638,3247,55000,58885,83467,259145
Oct-2019,798,26,169,195,0,0,135,135,330,1128,215249,4855,46753,51608,0,0,28500,28500,80108,295357
Nov-2019,679,36,165,201,6,98,181,285,486,1165,185093,7416,43091,50507,1001,25453,53000,79454,129961,315054
Dec-2019,578,80,142,222,0,0,39,39,261,839,153363,13683,30245,43928,0,0,7500,7500,51428,204791
Jan-2020,558,8,44,52,16,0,31,47,99,657,145699,1643,10619,12262,2613,0,11180,13793,26056,171754
Feb-2020,677,13,119,132,4,56,59,119,251,928,184592,3355,33917,37272,680,21245,20000,41925,79197,263789
Mar-2020,657,8,190,198,0,6,0,6,204,861,173775,1450,46418,47868,0,1500,0,1500,49368,223143
Apr-2020,719,35,174,209,0,0,153,153,362,1081,200094,9880,34496,44375,0,0,35000,35000,79375,279469
May-2020,784,32,110,142,0,0,76,76,218,1002,210758,5139,30441,35580,0,0,20000,20000,55580,266338
Jun-2020,766,25,97,122,0,2,59,61,183,949,200554,6846,20936,27782,0,500,40000,40500,68282,268836
Jul-2020,703,15,81,96,30,0,0,30,126,829,191006,2579,18973,21552,5260,0,0,5260,26812,217818
Aug-2020,705,12,72,84,0,0,17,17,101,806,194359,1965,19058,21023,0,0,17000,17000,38023,232382