,Total number of dwelling units ;  Victoria ;  New ;  Houses ;,"Total number of dwelling units ;  Victoria ;  New ;  Semi-detached, row or terrace houses, townhouses - One storey ;","Total number of dwelling units ;  Victoria ;  New ;  Semi-detached, row or terrace houses, townhouses - Two or more storeys ;","Total number of dwelling units ;  Victoria ;  New ;  Semi-detached, row or terrace houses, townhouses - Total ;",Total number of dwelling units ;  Victoria ;  New ;  Flats units or apartments - In a one or two storey block ;,Total number of dwelling units ;  Victoria ;  New ;  Flats units or apartments - In a three storey block ;,Total number of dwelling units ;  Victoria ;  New ;  Flats units or apartments - In a four or more storey block ;,Total number of dwelling units ;  Victoria ;  New ;  Flats units or apartments - Total including those attached to a house ;,Total number of dwelling units ;  Victoria ;  New ;  Total Other Residential ;,Total number of dwelling units ;  Victoria ;  New ;  Total Residential ;,Total value of building jobs ;  Victoria ;  New ;  Houses ;,"Total value of building jobs ;  Victoria ;  New ;  Semi-detached, row or terrace houses, townhouses - One storey ;","Total value of building jobs ;  Victoria ;  New ;  Semi-detached, row or terrace houses, townhouses - Two or more storeys ;","Total value of building jobs ;  Victoria ;  New ;  Semi-detached, row or terrace houses, townhouses - Total ;",Total value of building jobs ;  Victoria ;  New ;  Flats units or apartments - In a one or two storey block ;,Total value of building jobs ;  Victoria ;  New ;  Flats units or apartments - In a three storey block ;,Total value of building jobs ;  Victoria ;  New ;  Flats units or apartments - In a four or more storey block ;,Total value of building jobs ;  Victoria ;  New ;  Flats units or apartments - Total including those attached to a house ;,Total value of building jobs ;  Victoria ;  New ;  Total Other Residential ;,Total value of building jobs ;  Victoria ;  New ;  Total Residential ;
Unit,Number,Number,Number,Number,Number,Number,Number,Number,Number,Number,$'000,$'000,$'000,$'000,$'000,$'000,$'000,$'000,$'000,$'000
Series Type,Original,Original,Original,Original,Original,Original,Original,Original,Original,Original,Original,Original,Original,Original,Original,Original,Original,Original,Original,Original
Data Type,FLOW,FLOW,FLOW,FLOW,FLOW,FLOW,FLOW,FLOW,FLOW,FLOW,FLOW,FLOW,FLOW,FLOW,FLOW,FLOW,FLOW,FLOW,FLOW,FLOW
Frequency,Month,Month,Month,Month,Month,Month,Month,Month,Month,Month,Month,Month,Month,Month,Month,Month,Month,Month,Month,Month
Collection Month,1,1,1,1,1,1,1,1,1,1,1,1,1,1,1,1,1,1,1,1
Series Start,Jul-1970,Jul-1991,Jul-1991,Jul-1991,Jul-1991,Jul-1991,Jul-1991,Jul-1991,Jul-1970,Jan-1956,Jul-1970,Jul-1991,Jul-1991,Jul-1991,Jul-1991,Jul-1991,Jul-1991,Jul-1991,Jul-1970,Jul-1970
Series End,Aug-2020,Aug-2020,Aug-2020,Aug-2020,Aug-2020,Aug-2020,Aug-2020,Aug-2020,Aug-2020,Aug-2020,Aug-2020,Aug-2020,Aug-2020,Aug-2020,Aug-2020,Aug-2020,Aug-2020,Aug-2020,Aug-2020,Aug-2020
No. Obs,602,350,350,350,350,350,350,350,602,776,602,350,350,350,350,350,350,350,602,602
Series ID,A418572F,A415935A,A423067L,A416571T,A423685W,A424312X,A424867C,A417219X,A419296R,A419997F,A418574K,A415937F,A423069T,A416573W,A423687A,A424314C,A424869J,A417221K,A419298V,A419999K
Jan-1956,,,,,,,,,,1473,,,,,,,,,,
Feb-1956,,,,,,,,,,1877,,,,,,,,,,
Mar-1956,,,,,,,,,,1963,,,,,,,,,,
Apr-1956,,,,,,,,,,1653,,,,,,,,,,
May-1956,,,,,,,,,,1802,,,,,,,,,,
Jun-1956,,,,,,,,,,1833,,,,,,,,,,
Jul-1956,,,,,,,,,,1608,,,,,,,,,,
Aug-1956,,,,,,,,,,1635,,,,,,,,,,
Sep-1956,,,,,,,,,,1728,,,,,,,,,,
Oct-1956,,,,,,,,,,1998,,,,,,,,,,
Nov-1956,,,,,,,,,,1751,,,,,,,,,,
Dec-1956,,,,,,,,,,1208,,,,,,,,,,
Jan-1957,,,,,,,,,,1707,,,,,,,,,,
Feb-1957,,,,,,,,,,1833,,,,,,,,,,
Mar-1957,,,,,,,,,,2005,,,,,,,,,,
Apr-1957,,,,,,,,,,1712,,,,,,,,,,
May-1957,,,,,,,,,,2161,,,,,,,,,,
Jun-1957,,,,,,,,,,1781,,,,,,,,,,
Jul-1957,,,,,,,,,,2136,,,,,,,,,,
Aug-1957,,,,,,,,,,1964,,,,,,,,,,
Sep-1957,,,,,,,,,,1863,,,,,,,,,,
Oct-1957,,,,,,,,,,2048,,,,,,,,,,
Nov-1957,,,,,,,,,,1955,,,,,,,,,,
Dec-1957,,,,,,,,,,1959,,,,,,,,,,
Jan-1958,,,,,,,,,,1756,,,,,,,,,,
Feb-1958,,,,,,,,,,1934,,,,,,,,,,
Mar-1958,,,,,,,,,,2259,,,,,,,,,,
Apr-1958,,,,,,,,,,1854,,,,,,,,,,
May-1958,,,,,,,,,,2211,,,,,,,,,,
Jun-1958,,,,,,,,,,2160,,,,,,,,,,
Jul-1958,,,,,,,,,,2419,,,,,,,,,,
Aug-1958,,,,,,,,,,1848,,,,,,,,,,
Sep-1958,,,,,,,,,,2568,,,,,,,,,,
Oct-1958,,,,,,,,,,2736,,,,,,,,,,
Nov-1958,,,,,,,,,,2046,,,,,,,,,,
Dec-1958,,,,,,,,,,1681,,,,,,,,,,
Jan-1959,,,,,,,,,,1500,,,,,,,,,,
Feb-1959,,,,,,,,,,1802,,,,,,,,,,
Mar-1959,,,,,,,,,,1703,,,,,,,,,,
Apr-1959,,,,,,,,,,2367,,,,,,,,,,
May-1959,,,,,,,,,,1878,,,,,,,,,,
Jun-1959,,,,,,,,,,2243,,,,,,,,,,
Jul-1959,,,,,,,,,,2332,,,,,,,,,,
Aug-1959,,,,,,,,,,2175,,,,,,,,,,
Sep-1959,,,,,,,,,,2376,,,,,,,,,,
Oct-1959,,,,,,,,,,2559,,,,,,,,,,
Nov-1959,,,,,,,,,,2377,,,,,,,,,,
Dec-1959,,,,,,,,,,1929,,,,,,,,,,
Jan-1960,,,,,,,,,,1845,,,,,,,,,,
Feb-1960,,,,,,,,,,2261,,,,,,,,,,
Mar-1960,,,,,,,,,,3089,,,,,,,,,,
Apr-1960,,,,,,,,,,2242,,,,,,,,,,
May-1960,,,,,,,,,,2910,,,,,,,,,,
Jun-1960,,,,,,,,,,2970,,,,,,,,,,
Jul-1960,,,,,,,,,,2524,,,,,,,,,,
Aug-1960,,,,,,,,,,3153,,,,,,,,,,
Sep-1960,,,,,,,,,,2366,,,,,,,,,,
Oct-1960,,,,,,,,,,2773,,,,,,,,,,
Nov-1960,,,,,,,,,,2182,,,,,,,,,,
Dec-1960,,,,,,,,,,1738,,,,,,,,,,
Jan-1961,,,,,,,,,,1051,,,,,,,,,,
Feb-1961,,,,,,,,,,1261,,,,,,,,,,
Mar-1961,,,,,,,,,,1495,,,,,,,,,,
Apr-1961,,,,,,,,,,1240,,,,,,,,,,
May-1961,,,,,,,,,,1693,,,,,,,,,,
Jun-1961,,,,,,,,,,2112,,,,,,,,,,
Jul-1961,,,,,,,,,,1630,,,,,,,,,,
Aug-1961,,,,,,,,,,2016,,,,,,,,,,
Sep-1961,,,,,,,,,,1668,,,,,,,,,,
Oct-1961,,,,,,,,,,1883,,,,,,,,,,
Nov-1961,,,,,,,,,,1848,,,,,,,,,,
Dec-1961,,,,,,,,,,1616,,,,,,,,,,
Jan-1962,,,,,,,,,,1217,,,,,,,,,,
Feb-1962,,,,,,,,,,1857,,,,,,,,,,
Mar-1962,,,,,,,,,,1966,,,,,,,,,,
Apr-1962,,,,,,,,,,1614,,,,,,,,,,
May-1962,,,,,,,,,,2013,,,,,,,,,,
Jun-1962,,,,,,,,,,2077,,,,,,,,,,
Jul-1962,,,,,,,,,,2306,,,,,,,,,,
Aug-1962,,,,,,,,,,2108,,,,,,,,,,
Sep-1962,,,,,,,,,,2115,,,,,,,,,,
Oct-1962,,,,,,,,,,2639,,,,,,,,,,
Nov-1962,,,,,,,,,,2417,,,,,,,,,,
Dec-1962,,,,,,,,,,1602,,,,,,,,,,
Jan-1963,,,,,,,,,,1552,,,,,,,,,,
Feb-1963,,,,,,,,,,1938,,,,,,,,,,
Mar-1963,,,,,,,,,,2191,,,,,,,,,,
Apr-1963,,,,,,,,,,2623,,,,,,,,,,
May-1963,,,,,,,,,,2581,,,,,,,,,,
Jun-1963,,,,,,,,,,1950,,,,,,,,,,
Jul-1963,,,,,,,,,,2390,,,,,,,,,,
Aug-1963,,,,,,,,,,2473,,,,,,,,,,
Sep-1963,,,,,,,,,,2913,,,,,,,,,,
Oct-1963,,,,,,,,,,3056,,,,,,,,,,
Nov-1963,,,,,,,,,,2490,,,,,,,,,,
Dec-1963,,,,,,,,,,2233,,,,,,,,,,
Jan-1964,,,,,,,,,,1807,,,,,,,,,,
Feb-1964,,,,,,,,,,2627,,,,,,,,,,
Mar-1964,,,,,,,,,,2965,,,,,,,,,,
Apr-1964,,,,,,,,,,3188,,,,,,,,,,
May-1964,,,,,,,,,,2806,,,,,,,,,,
Jun-1964,,,,,,,,,,3094,,,,,,,,,,
Jul-1964,,,,,,,,,,3102,,,,,,,,,,
Aug-1964,,,,,,,,,,3010,,,,,,,,,,
Sep-1964,,,,,,,,,,3092,,,,,,,,,,
Oct-1964,,,,,,,,,,2964,,,,,,,,,,
Nov-1964,,,,,,,,,,3048,,,,,,,,,,
Dec-1964,,,,,,,,,,2547,,,,,,,,,,
Jan-1965,,,,,,,,,,1728,,,,,,,,,,
Feb-1965,,,,,,,,,,2486,,,,,,,,,,
Mar-1965,,,,,,,,,,2899,,,,,,,,,,
Apr-1965,,,,,,,,,,2553,,,,,,,,,,
May-1965,,,,,,,,,,2723,,,,,,,,,,
Jun-1965,,,,,,,,,,2756,,,,,,,,,,
Jul-1965,,,,,,,,,,2576,,,,,,,,,,
Aug-1965,,,,,,,,,,2610,,,,,,,,,,
Sep-1965,,,,,,,,,,2345,,,,,,,,,,
Oct-1965,,,,,,,,,,2405,,,,,,,,,,
Nov-1965,,,,,,,,,,2361,,,,,,,,,,
Dec-1965,,,,,,,,,,2463,,,,,,,,,,
Jan-1966,,,,,,,,,,1357,,,,,,,,,,
Feb-1966,,,,,,,,,,2316,,,,,,,,,,
Mar-1966,,,,,,,,,,2979,,,,,,,,,,
Apr-1966,,,,,,,,,,2503,,,,,,,,,,
May-1966,,,,,,,,,,2944,,,,,,,,,,
Jun-1966,,,,,,,,,,2609,,,,,,,,,,
Jul-1966,,,,,,,,,,2851,,,,,,,,,,
Aug-1966,,,,,,,,,,3358,,,,,,,,,,
Sep-1966,,,,,,,,,,3233,,,,,,,,,,
Oct-1966,,,,,,,,,,3752,,,,,,,,,,
Nov-1966,,,,,,,,,,3005,,,,,,,,,,
Dec-1966,,,,,,,,,,2580,,,,,,,,,,
Jan-1967,,,,,,,,,,1677,,,,,,,,,,
Feb-1967,,,,,,,,,,2821,,,,,,,,,,
Mar-1967,,,,,,,,,,2592,,,,,,,,,,
Apr-1967,,,,,,,,,,2662,,,,,,,,,,
May-1967,,,,,,,,,,3313,,,,,,,,,,
Jun-1967,,,,,,,,,,2764,,,,,,,,,,
Jul-1967,,,,,,,,,,3167,,,,,,,,,,
Aug-1967,,,,,,,,,,3548,,,,,,,,,,
Sep-1967,,,,,,,,,,2883,,,,,,,,,,
Oct-1967,,,,,,,,,,3267,,,,,,,,,,
Nov-1967,,,,,,,,,,3737,,,,,,,,,,
Dec-1967,,,,,,,,,,2918,,,,,,,,,,
Jan-1968,,,,,,,,,,2030,,,,,,,,,,
Feb-1968,,,,,,,,,,3243,,,,,,,,,,
Mar-1968,,,,,,,,,,3593,,,,,,,,,,
Apr-1968,,,,,,,,,,3311,,,,,,,,,,
May-1968,,,,,,,,,,3818,,,,,,,,,,
Jun-1968,,,,,,,,,,2985,,,,,,,,,,
Jul-1968,,,,,,,,,,3640,,,,,,,,,,
Aug-1968,,,,,,,,,,3631,,,,,,,,,,
Sep-1968,,,,,,,,,,3407,,,,,,,,,,
Oct-1968,,,,,,,,,,3645,,,,,,,,,,
Nov-1968,,,,,,,,,,3304,,,,,,,,,,
Dec-1968,,,,,,,,,,3602,,,,,,,,,,
Jan-1969,,,,,,,,,,1681,,,,,,,,,,
Feb-1969,,,,,,,,,,2364,,,,,,,,,,
Mar-1969,,,,,,,,,,3168,,,,,,,,,,
Apr-1969,,,,,,,,,,2656,,,,,,,,,,
May-1969,,,,,,,,,,4174,,,,,,,,,,
Jun-1969,,,,,,,,,,3127,,,,,,,,,,
Jul-1969,,,,,,,,,,3963,,,,,,,,,,
Aug-1969,,,,,,,,,,3543,,,,,,,,,,
Sep-1969,,,,,,,,,,3495,,,,,,,,,,
Oct-1969,,,,,,,,,,4186,,,,,,,,,,
Nov-1969,,,,,,,,,,3680,,,,,,,,,,
Dec-1969,,,,,,,,,,3294,,,,,,,,,,
Jan-1970,,,,,,,,,,1957,,,,,,,,,,
Feb-1970,,,,,,,,,,3041,,,,,,,,,,
Mar-1970,,,,,,,,,,3217,,,,,,,,,,
Apr-1970,,,,,,,,,,3238,,,,,,,,,,
May-1970,,,,,,,,,,3272,,,,,,,,,,
Jun-1970,,,,,,,,,,3483,,,,,,,,,,
Jul-1970,2137,,,,,,,,661,2798,22763,,,,,,,,4189,26952
Aug-1970,2047,,,,,,,,1135,3182,22945,,,,,,,,7650,30595
Sep-1970,2200,,,,,,,,937,3137,23607,,,,,,,,5426,29033
Oct-1970,2375,,,,,,,,827,3202,25279,,,,,,,,5061,30340
Nov-1970,2170,,,,,,,,727,2897,23154,,,,,,,,4486,27640
Dec-1970,2083,,,,,,,,1095,3178,22857,,,,,,,,6227,29084
Jan-1971,1284,,,,,,,,401,1685,14520,,,,,,,,2659,17179
Feb-1971,1959,,,,,,,,681,2640,22162,,,,,,,,4111,26273
Mar-1971,2108,,,,,,,,762,2870,24403,,,,,,,,5266,29669
Apr-1971,1871,,,,,,,,880,2751,21686,,,,,,,,6822,28508
May-1971,2063,,,,,,,,716,2779,23738,,,,,,,,4501,28239
Jun-1971,2382,,,,,,,,849,3231,27462,,,,,,,,5070,32532
Jul-1971,2264,,,,,,,,708,2972,26770,,,,,,,,4746,31516
Aug-1971,2421,,,,,,,,749,3170,27982,,,,,,,,4763,32745
Sep-1971,2358,,,,,,,,1048,3406,27296,,,,,,,,7853,35149
Oct-1971,2332,,,,,,,,673,3005,27121,,,,,,,,4304,31425
Nov-1971,2538,,,,,,,,909,3447,29840,,,,,,,,5805,35645
Dec-1971,2165,,,,,,,,756,2921,25300,,,,,,,,4985,30285
Jan-1972,1502,,,,,,,,370,1872,18067,,,,,,,,2575,20642
Feb-1972,2305,,,,,,,,823,3128,27430,,,,,,,,5557,32987
Mar-1972,2596,,,,,,,,1209,3805,31045,,,,,,,,8956,40001
Apr-1972,2310,,,,,,,,671,2981,27941,,,,,,,,5255,33196
May-1972,2979,,,,,,,,1129,4108,36396,,,,,,,,7946,44342
Jun-1972,2648,,,,,,,,1258,3906,32723,,,,,,,,10224,42947
Jul-1972,2749,,,,,,,,1168,3917,34919,,,,,,,,8226,43145
Aug-1972,3189,,,,,,,,1118,4307,39617,,,,,,,,8203,47820
Sep-1972,3091,,,,,,,,1139,4230,37944,,,,,,,,8800,46744
Oct-1972,3382,,,,,,,,1171,4553,43054,,,,,,,,9745,52799
Nov-1972,3031,,,,,,,,1300,4331,38999,,,,,,,,9579,48578
Dec-1972,2413,,,,,,,,886,3299,31484,,,,,,,,7165,38649
Jan-1973,1976,,,,,,,,873,2849,26560,,,,,,,,6653,33213
Feb-1973,3126,,,,,,,,964,4090,39824,,,,,,,,7443,47267
Mar-1973,3721,,,,,,,,1450,5171,50489,,,,,,,,12598,63087
Apr-1973,2828,,,,,,,,898,3726,39629,,,,,,,,7537,47166
May-1973,3750,,,,,,,,1533,5283,54654,,,,,,,,12345,66999
Jun-1973,3077,,,,,,,,1169,4246,45363,,,,,,,,10289,55652
Jul-1973,3508,,,,,,,,1568,5076,53648,,,,,,,,13098,66746
Aug-1973,3695,,,,,,,,1319,5014,57461,,,,,,,,11082,68543
Sep-1973,2777,,,,,,,,1134,3911,44341,,,,,,,,9890,54231
Oct-1973,3529,,,,,,,,1363,4892,57128,,,,,,,,12138,69266
Nov-1973,2748,,,,,,,,1240,3988,45144,,,,,,,,11925,57069
Dec-1973,2286,,,,,,,,1019,3305,38930,,,,,,,,10251,49181
Jan-1974,2041,,,,,,,,690,2731,35030,,,,,,,,8105,43135
Feb-1974,2148,,,,,,,,976,3124,37280,,,,,,,,10078,47358
Mar-1974,2014,,,,,,,,1013,3027,35815,,,,,,,,10243,46058
Apr-1974,2049,,,,,,,,944,2993,37295,,,,,,,,10737,48032
May-1974,2571,,,,,,,,807,3378,47831,,,,,,,,8337,56168
Jun-1974,2264,,,,,,,,823,3087,43363,,,,,,,,9027,52390
Jul-1974,2492,,,,,,,,703,3195,48860,,,,,,,,7513,56373
Aug-1974,1680,,,,,,,,525,2205,33046,,,,,,,,7109,40155
Sep-1974,1845,,,,,,,,592,2437,36591,,,,,,,,8206,44797
Oct-1974,1696,,,,,,,,584,2280,33810,,,,,,,,6958,40768
Nov-1974,1505,,,,,,,,525,2030,30888,,,,,,,,6505,37393
Dec-1974,1973,,,,,,,,497,2470,40847,,,,,,,,6404,47251
Jan-1975,1598,,,,,,,,368,1966,32595,,,,,,,,4365,36960
Feb-1975,1886,,,,,,,,674,2560,41294,,,,,,,,7968,49262
Mar-1975,2101,,,,,,,,695,2796,45395,,,,,,,,10208,55603
Apr-1975,2187,,,,,,,,503,2690,48985,,,,,,,,7337,56322
May-1975,2361,,,,,,,,821,3182,55016,,,,,,,,10549,65565
Jun-1975,2182,,,,,,,,618,2800,51368,,,,,,,,8620,59988
Jul-1975,2526,,,,,,,,713,3239,59925,,,,,,,,10918,70843
Aug-1975,2221,,,,,,,,662,2883,53703,,,,,,,,9150,62853
Sep-1975,2548,,,,,,,,756,3304,60681,,,,,,,,10813,71494
Oct-1975,2579,,,,,,,,731,3310,62312,,,,,,,,10521,72833
Nov-1975,2397,,,,,,,,814,3211,59265,,,,,,,,12619,71884
Dec-1975,2611,,,,,,,,898,3509,64410,,,,,,,,14091,78501
Jan-1976,1443,,,,,,,,438,1881,38333,,,,,,,,6790,45123
Feb-1976,2399,,,,,,,,745,3144,59358,,,,,,,,11566,70924
Mar-1976,3206,,,,,,,,758,3964,79276,,,,,,,,13721,92997
Apr-1976,2736,,,,,,,,680,3416,69639,,,,,,,,11437,81076
May-1976,2820,,,,,,,,778,3598,76120,,,,,,,,15747,91867
Jun-1976,3144,,,,,,,,795,3939,83370,,,,,,,,13442,96812
Jul-1976,2804,,,,,,,,802,3606,76951,,,,,,,,14039,90990
Aug-1976,2587,,,,,,,,664,3251,72256,,,,,,,,11232,83488
Sep-1976,2763,,,,,,,,599,3362,76567,,,,,,,,10733,87300
Oct-1976,2736,,,,,,,,562,3298,74209,,,,,,,,9975,84184
Nov-1976,2639,,,,,,,,838,3477,75401,,,,,,,,13716,89117
Dec-1976,2308,,,,,,,,829,3137,67449,,,,,,,,14674,82123
Jan-1977,1503,,,,,,,,320,1823,44609,,,,,,,,5953,50562
Feb-1977,2945,,,,,,,,615,3560,77873,,,,,,,,11399,89272
Mar-1977,2540,,,,,,,,550,3090,74212,,,,,,,,9702,83914
Apr-1977,1961,,,,,,,,450,2411,57652,,,,,,,,7961,65613
May-1977,2307,,,,,,,,665,2972,67024,,,,,,,,13295,80319
Jun-1977,2151,,,,,,,,488,2639,65148,,,,,,,,9947,75095
Jul-1977,2097,,,,,,,,417,2514,64734,,,,,,,,7813,72547
Aug-1977,2070,,,,,,,,429,2499,62946,,,,,,,,8527,71473
Sep-1977,2010,,,,,,,,473,2483,63451,,,,,,,,9021,72472
Oct-1977,2105,,,,,,,,341,2446,62787,,,,,,,,7255,70042
Nov-1977,1994,,,,,,,,386,2380,62965,,,,,,,,8680,71645
Dec-1977,1951,,,,,,,,313,2264,60684,,,,,,,,5776,66460
Jan-1978,1354,,,,,,,,201,1555,42948,,,,,,,,3619,46567
Feb-1978,1929,,,,,,,,288,2217,58232,,,,,,,,4989,63221
Mar-1978,2064,,,,,,,,417,2481,60600,,,,,,,,7839,68439
Apr-1978,2089,,,,,,,,388,2477,63881,,,,,,,,8160,72041
May-1978,2419,,,,,,,,516,2935,71934,,,,,,,,11486,83420
Jun-1978,1926,,,,,,,,374,2300,59109,,,,,,,,7459,66568
Jul-1978,1693,,,,,,,,313,2006,54014,,,,,,,,6396,60410
Aug-1978,1790,,,,,,,,367,2157,55904,,,,,,,,7022,62926
Sep-1978,1868,,,,,,,,308,2176,57866,,,,,,,,5987,63853
Oct-1978,2073,,,,,,,,347,2420,65005,,,,,,,,8622,73627
Nov-1978,2280,,,,,,,,262,2542,69261,,,,,,,,5769,75030
Dec-1978,1819,,,,,,,,250,2069,56716,,,,,,,,4893,61609
Jan-1979,1380,,,,,,,,393,1773,42735,,,,,,,,8444,51179
Feb-1979,1753,,,,,,,,301,2054,54890,,,,,,,,5923,60813
Mar-1979,1977,,,,,,,,350,2327,61204,,,,,,,,9147,70351
Apr-1979,1692,,,,,,,,245,1937,53227,,,,,,,,5541,58768
May-1979,2434,,,,,,,,346,2780,76136,,,,,,,,7635,83771
Jun-1979,1986,,,,,,,,415,2401,63423,,,,,,,,8195,71618
Jul-1979,2075,,,,,,,,235,2310,69093,,,,,,,,5049,74142
Aug-1979,2131,,,,,,,,279,2410,71556,,,,,,,,5425,76981
Sep-1979,1803,,,,,,,,236,2039,59392,,,,,,,,4661,64053
Oct-1979,2055,,,,,,,,312,2367,69115,,,,,,,,6437,75552
Nov-1979,1969,,,,,,,,378,2348,68300,,,,,,,,8196,76496
Dec-1979,1541,,,,,,,,429,1970,54786,,,,,,,,10832,65618
Jan-1980,1496,,,,,,,,259,1755,51973,,,,,,,,5129,57102
Feb-1980,1868,,,,,,,,272,2140,63127,,,,,,,,5504,68631
Mar-1980,2025,,,,,,,,298,2320,71446,,,,,,,,6506,77952
Apr-1980,1988,,,,,,,,446,2434,69783,,,,,,,,9559,79342
May-1980,2000,,,,,,,,514,2540,73465,,,,,,,,12021,85486
Jun-1980,1833,,,,,,,,381,2211,66576,,,,,,,,8374,74950
Jul-1980,2002,,,,,,,,404,2406,73944,,,,,,,,8688,82632
Aug-1980,1848,,,,,,,,330,2178,68431,,,,,,,,7969,76400
Sep-1980,1721,,,,,,,,436,2157,63221,,,,,,,,9465,72686
Oct-1980,2171,,,,,,,,357,2528,80728,,,,,,,,8311,89039
Nov-1980,2023,,,,,,,,476,2499,70958,,,,,,,,11804,82762
Dec-1980,1881,,,,,,,,438,2319,73357,,,,,,,,11375,84732
Jan-1981,1213,,,,,,,,270,1483,47475,,,,,,,,5655,53130
Feb-1981,1833,,,,,,,,354,2187,71613,,,,,,,,8665,80278
Mar-1981,2144,,,,,,,,380,2524,81875,,,,,,,,9193,91068
Apr-1981,1907,,,,,,,,476,2383,76807,,,,,,,,10714,87521
May-1981,1984,,,,,,,,309,2293,80708,,,,,,,,6725,87433
Jun-1981,1866,,,,,,,,512,2378,76983,,,,,,,,12765,89748
Jul-1981,1928,,,,,,,,361,2289,80436,,,,,,,,9018,89454
Aug-1981,1814,,,,,,,,473,2287,75755,,,,,,,,13051,88806
Sep-1981,1844,,,,,,,,462,2306,78002,,,,,,,,13463,91465
Oct-1981,1667,,,,,,,,579,2246,72015,,,,,,,,16290,88305
Nov-1981,1667,,,,,,,,519,2186,71213,,,,,,,,12592,83805
Dec-1981,1522,,,,,,,,361,1883,69266,,,,,,,,10306,79572
Jan-1982,1063,,,,,,,,444,1507,47059,,,,,,,,13130,60189
Feb-1982,1356,,,,,,,,389,1745,59697,,,,,,,,10649,70346
Mar-1982,1769,,,,,,,,570,2339,76273,,,,,,,,21390,97663
Apr-1982,1599,,,,,,,,437,2036,71438,,,,,,,,11398,82836
May-1982,1712,,,,,,,,350,2062,74585,,,,,,,,9977,84562
Jun-1982,1653,,,,,,,,324,1977,73854,,,,,,,,9309,83163
Jul-1982,1646,,,,,,,,659,2305,76438,,,,,,,,60997,137435
Aug-1982,1734,,,,,,,,358,2092,75757,,,,,,,,9956,85713
Sep-1982,1685,,,,,,,,406,2092,74683,,,,,,,,9989,84672
Oct-1982,1547,,,,,,,,454,2001,69391,,,,,,,,13108,82499
Nov-1982,1767,,,,,,,,414,2181,80494,,,,,,,,13446,93940
Dec-1982,1641,,,,,,,,353,1994,74393,,,,,,,,8583,82976
Jan-1983,1200,,,,,,,,327,1527,50863,,,,,,,,10293,61156
Feb-1983,1977,,,,,,,,450,2427,83451,,,,,,,,12606,96057
Mar-1983,2279,,,,,,,,683,2962,98289,,,,,,,,18877,117166
Apr-1983,2595,,,,,,,,395,2990,111398,,,,,,,,10482,121880
May-1983,2640,,,,,,,,576,3216,119430,,,,,,,,20706,140136
Jun-1983,2161,,,,,,,,634,2795,99086,,,,,,,,16476,115562
Jul-1983,2442,,,,,,,,340,2782,107350,,,,,,,,9755,117105
Aug-1983,2679,,,,,,,,554,3233,120464,,,,,,,,19426,139890
Sep-1983,2540,,,,,,,,419,2959,115705,,,,,,,,12430,128136
Oct-1983,2628,,,,,,,,389,3017,124250,,,,,,,,12951,137202
Nov-1983,2678,,,,,,,,459,3137,122988,,,,,,,,16327,139315
Dec-1983,2320,,,,,,,,503,2823,108828,,,,,,,,16775,125603
Jan-1984,1861,,,,,,,,394,2255,88399,,,,,,,,12418,100817
Feb-1984,2491,,,,,,,,420,2911,117101,,,,,,,,13895,130996
Mar-1984,2768,,,,,,,,451,3219,128585,,,,,,,,15128,143713
Apr-1984,2427,,,,,,,,510,2937,117341,,,,,,,,16574,133915
May-1984,3324,,,,,,,,801,4125,164937,,,,,,,,24561,189498
Jun-1984,2850,,,,,,,,479,3329,140549,,,,,,,,16638,157187
Jul-1984,3045,,,,,,,,800,3845,151230,,,,,,,,29265,180494
Aug-1984,3231,,,,,,,,659,3890,161300,,,,,,,,50081,211381
Sep-1984,2663,,,,,,,,582,3245,136896,,,,,,,,19510,156406
Oct-1984,3125,,,,,,,,794,3919,160995,,,,,,,,28719,189714
Nov-1984,2811,,,,,,,,541,3352,152040,,,,,,,,18734,170773
Dec-1984,2061,,,,,,,,418,2479,112262,,,,,,,,15129,127391
Jan-1985,2285,,,,,,,,547,2832,120144,,,,,,,,19376,139520
Feb-1985,2682,,,,,,,,703,3385,144102,,,,,,,,24824,168926
Mar-1985,2806,,,,,,,,733,3539,146034,,,,,,,,25854,171888
Apr-1985,2954,,,,,,,,589,3543,156059,,,,,,,,20690,176749
May-1985,3328,,,,,,,,506,3834,181670,,,,,,,,17585,199256
Jun-1985,2678,,,,,,,,456,3134,147221,,,,,,,,17486,164708
Jul-1985,2969,,,,,,,,641,3610,167302,,,,,,,,22315,189616
Aug-1985,3153,,,,,,,,738,3891,178569,,,,,,,,24573,203142
Sep-1985,2729,,,,,,,,565,3294,158126,,,,,,,,20965,179090
Oct-1985,3304,,,,,,,,650,3954,189151,,,,,,,,26618,215769
Nov-1985,2796,,,,,,,,514,3310,169169,,,,,,,,19882,189051
Dec-1985,2416,,,,,,,,482,2898,143316,,,,,,,,18412,161728
Jan-1986,2195,,,,,,,,321,2516,127550,,,,,,,,12946,140496
Feb-1986,2298,,,,,,,,626,2924,140715,,,,,,,,24999,165714
Mar-1986,1987,,,,,,,,366,2353,121765,,,,,,,,15147,136912
Apr-1986,2515,,,,,,,,391,2906,152594,,,,,,,,15116,167710
May-1986,2564,,,,,,,,425,2989,161092,,,,,,,,16900,177992
Jun-1986,2441,,,,,,,,447,2888,150598,,,,,,,,19311,169909
Jul-1986,2633,,,,,,,,600,3233,164546,,,,,,,,22216,186763
Aug-1986,2480,,,,,,,,343,2823,157129,,,,,,,,14913,172042
Sep-1986,2580,,,,,,,,457,3037,165652,,,,,,,,20117,185768
Oct-1986,2700,,,,,,,,492,3192,173810,,,,,,,,21974,195784
Nov-1986,2442,,,,,,,,445,2887,153868,,,,,,,,18179,172048
Dec-1986,2486,,,,,,,,445,2931,163127,,,,,,,,19724,182851
Jan-1987,1758,,,,,,,,319,2077,115903,,,,,,,,16849,132752
Feb-1987,2141,,,,,,,,345,2486,145816,,,,,,,,16355,162171
Mar-1987,2322,,,,,,,,375,2697,157002,,,,,,,,16456,173458
Apr-1987,2087,,,,,,,,255,2342,141260,,,,,,,,10836,152095
May-1987,2380,,,,,,,,396,2776,166539,,,,,,,,19413,185952
Jun-1987,2269,,,,,,,,306,2575,158028,,,,,,,,16049,174077
Jul-1987,2399,,,,,,,,392,2791,170160,,,,,,,,17965,188125
Aug-1987,2250,,,,,,,,449,2699,157309,,,,,,,,26066,183374
Sep-1987,2499,,,,,,,,504,3003,175384,,,,,,,,25813,201197
Oct-1987,2659,,,,,,,,379,3038,192050,,,,,,,,19108,211158
Nov-1987,2479,,,,,,,,411,2890,175529,,,,,,,,20782,196311
Dec-1987,2555,,,,,,,,392,2947,190258,,,,,,,,19766,210024
Jan-1988,1813,,,,,,,,443,2256,132763,,,,,,,,23236,155999
Feb-1988,2284,,,,,,,,356,2640,173877,,,,,,,,16948,190825
Mar-1988,2687,,,,,,,,416,3103,201591,,,,,,,,23254,224845
Apr-1988,2650,,,,,,,,206,2856,195916,,,,,,,,9881,205796
May-1988,2634,,,,,,,,347,2981,198104,,,,,,,,16710,214814
Jun-1988,2947,,,,,,,,471,3418,220285,,,,,,,,24619,244905
Jul-1988,2739,,,,,,,,436,3175,208536,,,,,,,,22190,230727
Aug-1988,3309,,,,,,,,314,3623,249964,,,,,,,,14553,264517
Sep-1988,3304,,,,,,,,238,3542,250441,,,,,,,,13039,263480
Oct-1988,2988,,,,,,,,295,3283,231632,,,,,,,,16041,247672
Nov-1988,3273,,,,,,,,324,3597,258097,,,,,,,,16830,274927
Dec-1988,2889,,,,,,,,387,3276,231156,,,,,,,,23896,255052
Jan-1989,2580,,,,,,,,184,2764,201367,,,,,,,,8595,209962
Feb-1989,3032,,,,,,,,92,3124,237108,,,,,,,,5138,242246
Mar-1989,2950,,,,,,,,220,3170,235017,,,,,,,,14010,249027
Apr-1989,3156,,,,,,,,200,3356,249503,,,,,,,,10855,260358
May-1989,3821,,,,,,,,295,4116,314489,,,,,,,,23458,337948
Jun-1989,3014,,,,,,,,571,3585,250473,,,,,,,,38414,288887
Jul-1989,2604,,,,,,,,156,2760,217219,,,,,,,,9467,226687
Aug-1989,2855,,,,,,,,169,3024,236653,,,,,,,,10097,246750
Sep-1989,2446,,,,,,,,141,2587,202284,,,,,,,,8912,211196
Oct-1989,2438,,,,,,,,53,2491,209809,,,,,,,,3998,213807
Nov-1989,2440,,,,,,,,173,2613,202782,,,,,,,,11311,214093
Dec-1989,2153,,,,,,,,84,2237,187663,,,,,,,,5058,192722
Jan-1990,1926,,,,,,,,108,2034,168889,,,,,,,,7298,176187
Feb-1990,2054,,,,,,,,268,2322,179829,,,,,,,,15723,195552
Mar-1990,2322,,,,,,,,353,2675,204491,,,,,,,,24733,229225
Apr-1990,1834,,,,,,,,222,2056,162614,,,,,,,,13666,176280
May-1990,2425,,,,,,,,368,2793,213548,,,,,,,,21588,235135
Jun-1990,2091,,,,,,,,377,2468,184971,,,,,,,,23020,207991
Jul-1990,1878,,,,,,,,203,2081,165552,,,,,,,,12016,177568
Aug-1990,2004,,,,,,,,152,2156,175903,,,,,,,,9700,185603
Sep-1990,1678,,,,,,,,165,1843,148778,,,,,,,,8829,157608
Oct-1990,1970,,,,,,,,318,2288,172928,,,,,,,,15259,188186
Nov-1990,2076,,,,,,,,281,2357,172077,,,,,,,,17439,189516
Dec-1990,1363,,,,,,,,142,1505,119942,,,,,,,,9267,129210
Jan-1991,1618,,,,,,,,175,1793,137167,,,,,,,,11698,148866
Feb-1991,1699,,,,,,,,134,1833,143280,,,,,,,,7939,151220
Mar-1991,1459,,,,,,,,126,1585,122169,,,,,,,,7460,129630
Apr-1991,1576,,,,,,,,231,1807,135454,,,,,,,,12068,147522
May-1991,1980,,,,,,,,274,2254,170353,,,,,,,,14268,184621
Jun-1991,1614,,,,,,,,135,1749,137532,,,,,,,,9606,147138
Jul-1991,2076,175,40,215,25,0,0,25,240,2316,179612,9494,3934,13428,1587,0,0,1587,15015,194627
Aug-1991,1803,35,4,39,167,0,0,167,206,2009,153253,2040,380,2420,11358,0,0,11358,13777,167030
Sep-1991,1823,72,4,76,178,0,0,178,254,2077,155204,3782,220,4002,9984,0,0,9984,13987,169191
Oct-1991,2157,290,2,292,106,25,0,131,423,2580,182907,15870,204,16074,6938,2165,0,9103,25176,208083
Nov-1991,1833,134,49,183,31,0,0,31,214,2047,160993,7192,4990,12182,2290,0,0,2290,14472,175465
Dec-1991,1690,137,5,142,0,0,0,0,142,1832,149227,8370,445,8815,0,0,0,0,8815,158042
Jan-1992,1544,95,35,130,60,0,0,60,190,1734,136400,5194,5150,10344,8301,0,0,8301,18646,155045
Feb-1992,1832,103,16,119,65,0,0,65,184,2016,156752,5654,1100,6754,4476,0,0,4476,11231,167982
Mar-1992,2008,139,25,164,198,0,35,233,397,2405,169227,8701,2110,10811,12069,0,2376,14444,25255,194482
Apr-1992,2084,178,11,189,14,0,58,72,261,2345,175881,10878,918,11796,792,0,5719,6511,18307,194188
May-1992,2014,164,61,225,52,0,0,52,277,2291,169801,10479,4383,14862,3585,0,0,3585,18446,188247
Jun-1992,2201,82,78,160,0,0,0,0,160,2361,186670,5013,6870,11883,0,0,0,0,11883,198554
Jul-1992,2440,158,24,182,0,15,0,15,197,2637,208364,9572,2324,11896,0,1013,0,1013,12909,221273
Aug-1992,2118,71,37,108,0,133,0,133,241,2359,180307,4376,2886,7261,0,7910,0,7910,15171,195479
Sep-1992,2380,65,32,97,2,0,0,2,99,2479,199522,4040,2237,6276,60,0,0,60,6336,205859
Oct-1992,2449,110,26,136,0,0,0,0,136,2585,210322,8028,1917,9944,0,0,0,0,9944,220266
Nov-1992,2254,86,137,223,0,112,0,112,335,2589,194428,4666,9328,13995,0,7800,0,7800,21795,216223
Dec-1992,2255,127,106,233,0,0,0,0,233,2488,195423,7811,6551,14362,0,0,0,0,14362,209785
Jan-1993,1951,100,30,130,0,9,0,9,139,2090,159809,5210,2206,7416,0,500,0,500,7916,167724
Feb-1993,2072,109,46,155,0,12,97,109,264,2336,185976,6503,4004,10506,0,1000,6000,7000,17506,203482
Mar-1993,2563,153,34,187,2,10,0,12,199,2762,221145,8840,2700,11540,1000,1400,0,2400,13940,235085
Apr-1993,2061,97,83,180,0,0,60,60,240,2301,177046,5881,5690,11571,0,0,5000,5000,16571,193617
May-1993,2297,137,42,179,4,0,0,4,183,2480,200054,9656,3974,13630,370,0,0,370,14000,214054
Jun-1993,2318,80,47,127,0,0,20,20,147,2465,201440,4898,3556,8454,0,0,1400,1400,9854,211293
Jul-1993,2255,167,35,202,5,144,53,202,404,2659,200859,12179,2736,14915,211,10000,3500,13711,28626,229485
Aug-1993,2306,119,53,172,0,32,0,32,204,2510,207747,7163,3466,10629,0,2100,0,2100,12729,220476
Sep-1993,2454,115,82,197,0,7,140,147,344,2798,215803,8239,5847,14085,0,800,12238,13038,27123,242927
Oct-1993,2363,96,75,171,0,62,46,108,279,2642,204432,5204,5864,11068,0,4300,7500,11800,22868,227300
Nov-1993,2491,104,56,160,2,92,0,94,254,2745,216296,7231,4089,11320,180,7000,0,7180,18500,234796
Dec-1993,2170,84,148,232,0,34,0,34,266,2436,193485,5375,13265,18640,0,1800,0,1800,20440,213925
Jan-1994,1802,216,21,237,0,0,144,144,381,2183,161460,17457,2240,19697,0,0,22000,22000,41697,203157
Feb-1994,2388,207,87,294,0,34,0,34,328,2716,213156,12368,8042,20409,0,4000,0,4000,24409,237565
Mar-1994,2594,169,65,234,0,14,63,77,311,2905,234282,10624,5232,15857,0,1000,6624,7624,23481,257763
Apr-1994,2091,167,30,197,0,20,114,134,331,2422,190968,9943,2289,12231,0,1100,19000,20100,32331,223299
May-1994,2649,239,55,294,0,0,86,86,380,3029,253156,15068,4108,19176,0,0,7950,7950,27126,280282
Jun-1994,2494,122,71,193,0,18,0,18,211,2705,232334,7411,5763,13175,0,1200,0,1200,14375,246709
Jul-1994,2513,88,65,153,24,0,42,66,219,2732,230113,6178,4420,10598,2750,0,7000,9750,20348,250461
Aug-1994,2753,122,118,240,15,33,0,48,288,3041,254748,7128,9254,16382,1375,1150,0,2525,18907,273655
Sep-1994,2526,98,26,124,0,0,69,69,193,2719,235945,5363,1900,7263,0,0,11000,11000,18263,254209
Oct-1994,2437,107,67,174,0,2,161,163,337,2774,226046,6787,7593,14380,0,378,19609,19987,34367,260413
Nov-1994,2672,123,105,228,8,8,115,131,359,3031,248581,7350,9006,16356,177,799,12800,13776,30132,278713
Dec-1994,1924,100,78,178,4,0,405,409,587,2511,182509,6424,6779,13204,1400,0,101150,102550,115754,298262
Jan-1995,1596,121,35,156,0,0,31,31,187,1783,148703,9400,3590,12990,0,0,3753,3753,16743,165446
Feb-1995,1898,209,122,331,2,29,0,31,362,2260,179347,12439,11901,24340,600,3700,0,4300,28640,207987
Mar-1995,1997,97,128,225,4,0,0,4,229,2226,183123,7976,9837,17813,67,0,0,67,17880,201003
Apr-1995,1622,55,38,93,45,0,115,160,253,1875,153553,4501,3870,8371,4500,0,10400,14900,23271,176824
May-1995,1960,145,33,178,0,0,532,532,710,2670,191881,15015,3482,18497,0,0,83850,83850,102347,294229
Jun-1995,1985,169,20,189,0,24,96,120,309,2294,190536,10920,1030,11950,0,1700,8400,10100,22050,212586
Jul-1995,1859,149,4,153,0,27,0,27,180,2039,176010,8773,400,9173,0,4000,0,4000,13173,189183
Aug-1995,1896,155,14,169,14,13,6,33,202,2098,184438,11225,960,12185,654,1775,600,3029,15214,199652
Sep-1995,1746,62,64,126,21,90,148,259,385,2131,174471,5509,5891,11400,1700,5377,22500,29577,40977,215448
Oct-1995,1717,110,20,130,18,2,134,154,284,2001,167833,6612,2220,8832,6200,420,20208,26828,35660,203494
Nov-1995,1811,190,68,258,2,12,0,14,272,2083,180837,13536,6520,20056,140,2040,0,2180,22236,203073
Dec-1995,1426,52,66,118,68,0,143,211,329,1755,135264,3106,7402,10508,6612,0,29875,36487,46995,182259
Jan-1996,1330,99,35,134,28,4,0,32,166,1496,130215,5748,2895,8643,2360,400,0,2760,11403,141617
Feb-1996,1310,176,92,268,38,0,221,259,527,1837,131599,12355,11973,24328,2263,0,40800,43063,67390,198989
Mar-1996,1356,247,96,343,18,0,64,82,425,1781,140190,17702,9782,27484,1160,0,5438,6598,34081,174271
Apr-1996,1388,202,107,309,48,42,0,90,399,1787,146263,13381,7148,20528,5606,2901,0,8507,29035,175299
May-1996,1593,258,120,378,51,61,0,112,490,2083,169193,17252,10855,28107,2305,7323,0,9628,37735,206928
Jun-1996,1457,154,196,350,13,26,107,146,496,1953,151084,9318,16695,26013,500,2790,9138,12428,38440,189524
Jul-1996,1545,204,123,327,26,51,238,315,642,2187,158510,13531,11696,25228,3982,9741,32300,46023,71250,229761
Aug-1996,1602,210,136,346,0,12,509,521,867,2469,170658,14447,9545,23992,0,1569,70442,72011,96003,266661
Sep-1996,1484,224,91,315,31,6,15,52,367,1851,161515,14622,9179,23801,977,500,1075,2552,26353,187868
Oct-1996,1579,237,209,446,11,42,235,288,734,2313,169135,14161,18575,32736,695,3100,24500,28295,61031,230166
Nov-1996,1413,245,96,341,26,38,60,124,465,1878,155826,18402,7950,26352,2127,6850,8496,17473,43825,199651
Dec-1996,1464,218,55,273,12,0,40,52,325,1789,161548,15236,5994,21230,1138,0,5795,6933,28163,189711
Jan-1997,1398,362,81,443,6,0,241,247,690,2088,154164,21887,7192,29079,1140,0,32000,33140,62219,216383
Feb-1997,1619,311,143,454,28,70,120,218,672,2291,180411,20577,13744,34320,3460,4460,18150,26070,60390,240801
Mar-1997,1907,276,177,453,26,3,30,59,512,2419,211020,18519,16931,35450,1761,750,2000,4511,39961,250981
Apr-1997,1955,342,134,476,17,5,4,26,502,2457,220050,24376,13671,38047,1630,1000,1080,3710,41757,261807
May-1997,2015,237,117,354,21,55,157,233,587,2602,224956,16520,11335,27855,1332,7920,39050,48302,76157,301112
Jun-1997,1824,114,138,252,0,16,174,190,442,2266,204087,8109,14596,22705,0,2000,36250,38250,60955,265042
Jul-1997,2053,284,214,498,15,0,39,54,552,2605,233544,19331,18960,38291,1900,0,4100,6000,44291,277834
Aug-1997,2266,344,211,555,16,111,215,342,897,3163,246199,23742,19582,43324,2790,13329,18047,34165,77489,323688
Sep-1997,2413,261,165,426,2,14,82,98,524,2937,267269,19300,14707,34007,850,1809,10845,13504,47511,314780
Oct-1997,2248,180,129,309,25,4,31,60,369,2617,249072,12810,12868,25678,2520,2375,3400,8295,33973,283044
Nov-1997,2339,222,206,428,20,55,351,426,854,3193,255957,15301,21396,36697,1980,6613,60847,69440,106137,362094
Dec-1997,2234,237,173,410,15,5,101,121,531,2765,246794,17368,15680,33048,1070,1650,18814,21534,54581,301375
Jan-1998,1810,160,204,364,12,47,129,188,552,2362,199145,11181,20007,31188,1019,7000,43387,51406,82594,281739
Feb-1998,2145,212,251,463,35,14,34,83,546,2691,236639,14316,23833,38149,2784,800,6200,9784,47933,284572
Mar-1998,2622,326,163,489,61,127,163,351,840,3462,299592,24284,17701,41984,4364,9832,17250,31446,73430,373022
Apr-1998,2507,287,165,452,69,76,160,305,757,3264,286915,23531,17226,40757,4323,6515,32500,43338,84095,371010
May-1998,2619,183,140,323,55,16,88,159,482,3101,300335,15159,15969,31128,4541,2155,15445,22141,53268,353604
Jun-1998,2681,185,132,317,100,12,79,191,508,3189,311427,15626,13388,29014,7765,1300,23550,32615,61629,373056
Jul-1998,2387,287,146,433,105,0,0,105,538,2925,281804,20434,17357,37791,6689,0,0,6689,44480,326285
Aug-1998,2401,202,105,307,0,34,325,359,666,3067,275417,17664,10273,27937,0,3250,54300,57550,85487,360904
Sep-1998,2738,191,241,432,3,35,32,70,502,3240,325054,14387,25230,39617,240,5235,6000,11475,51092,376146
Oct-1998,2331,217,139,356,22,16,299,337,693,3024,274952,16653,14653,31307,1421,3100,64500,69021,100328,375280
Nov-1998,2342,180,200,380,69,24,267,360,740,3082,277197,14863,20667,35530,6540,2590,46992,56122,91652,368849
Dec-1998,2200,210,230,440,11,114,377,502,942,3142,256279,17168,24220,41387,1813,16470,51437,69719,111107,367386
Jan-1999,1809,91,173,264,102,20,257,379,643,2452,214386,8051,18183,26234,6573,2200,35466,44239,70473,284859
Feb-1999,2470,239,175,414,116,78,474,668,1082,3552,293715,18432,20075,38507,7982,14600,82588,105169,143676,437391
Mar-1999,2792,137,246,383,80,32,241,353,736,3528,341019,11026,27486,38512,5521,3500,42210,51231,89744,430763
Apr-1999,2254,382,323,705,97,17,181,295,1000,3254,273857,28128,31383,59511,8946,1828,25410,36183,95694,369551
May-1999,2780,171,236,407,19,63,289,371,778,3558,344087,13956,28469,42425,3215,8870,40730,52815,95240,439327
Jun-1999,2742,177,201,378,55,21,87,163,541,3283,350009,13415,23235,36650,11418,2600,14577,28595,65245,415254
Jul-1999,2786,269,220,489,82,43,319,444,933,3719,351990,22602,25463,48064,6845,6500,43121,56466,104530,456520
Aug-1999,3125,225,325,550,26,0,1028,1054,1604,4729,387858,19114,33209,52323,3045,0,152747,155792,208115,595973
Sep-1999,3402,219,218,437,28,49,161,238,675,4077,431328,18268,23980,42248,2976,9089,37684,49750,91997,523325
Oct-1999,2958,198,325,523,21,6,391,418,941,3899,390301,16123,38056,54179,1817,850,51260,53927,108105,498406
Nov-1999,3484,200,288,488,64,46,201,311,799,4283,465246,15292,29021,44312,6714,4448,20965,32127,76439,541685
Dec-1999,3332,147,177,324,79,69,354,502,826,4158,441722,12071,20502,32573,7197,8570,76700,92467,125040,566762
Jan-2000,2563,123,360,483,53,46,952,1051,1534,4097,347240,10362,39787,50149,4745,8710,225695,239150,289299,636540
Feb-2000,3626,373,403,776,65,32,235,332,1108,4734,484819,33983,45082,79065,7205,5340,29983,42528,121593,606412
Mar-2000,3650,325,300,625,93,24,499,616,1241,4891,497377,27499,37549,65048,12790,3720,87475,103985,169033,666410
Apr-2000,2575,225,320,545,62,18,174,254,799,3374,346089,19424,33286,52710,9314,3104,24900,37318,90028,436116
May-2000,2566,195,184,379,66,69,304,439,818,3384,351996,20633,21613,42246,4528,8043,53441,66012,108258,460254
Jun-2000,2408,170,203,373,121,51,222,394,767,3175,329228,15025,21490,36515,10979,6718,46250,63947,100463,429691
Jul-2000,1854,130,199,329,36,127,543,706,1035,2889,263350,10939,26158,37097,3894,26891,133970,164755,201852,465202
Aug-2000,1820,251,142,393,58,87,213,358,751,2571,268362,22120,19214,41334,6895,16750,36647,60292,101626,369988
Sep-2000,1884,136,130,266,2,35,344,381,647,2531,263789,12543,18569,31112,293,3680,47225,51198,82310,346098
Oct-2000,1558,150,145,295,10,0,171,181,476,2034,224676,12719,18504,31223,1570,0,33830,35400,66623,291299
Nov-2000,2360,185,149,334,17,67,201,285,619,2979,346709,14704,18433,33137,2722,8400,47557,58680,91816,438525
Dec-2000,1711,171,173,344,34,137,730,901,1245,2956,251370,13557,22140,35696,2412,17325,163265,183002,218698,470068
Jan-2001,1675,159,141,300,33,12,552,597,897,2572,244598,14578,21335,35913,2100,3400,101272,106772,142685,387283
Feb-2001,2302,169,242,411,9,52,386,447,858,3160,332025,15281,27931,43211,1934,11800,61324,75058,118269,450295
Mar-2001,2199,194,231,425,44,23,569,636,1061,3260,324047,17033,27330,44363,4010,7600,148494,160104,204467,528514
Apr-2001,1831,135,158,293,18,4,283,305,598,2429,263743,11514,23938,35452,1650,1200,63513,66363,101816,365559
May-2001,2672,332,204,536,23,25,401,449,985,3657,392773,30100,28131,58230,5011,3050,77442,85503,143734,536506
Jun-2001,2643,203,200,403,53,79,46,178,581,3224,393026,19701,29881,49583,7689,9040,6150,22879,72462,465488
Jul-2001,2934,287,371,658,42,98,9,149,807,3741,453055,29921,46680,76601,4450,15900,1800,22150,98751,551805
Aug-2001,3702,476,226,702,39,55,1152,1246,1948,5650,575693,49555,32539,82094,5375,12425,385231,403031,485124,1060817
Sep-2001,3059,162,292,454,9,62,419,490,944,4003,464104,15566,38530,54096,987,11092,63701,75780,129876,593980
Oct-2001,3334,178,346,524,27,57,226,310,834,4168,496288,17796,45212,63008,2188,7702,49735,59625,122633,618921
Nov-2001,3145,256,264,520,61,39,20,120,640,3785,474791,23780,34999,58779,12515,7500,3000,23015,81794,556585
Dec-2001,2809,143,386,529,48,0,372,420,949,3758,420682,13179,50252,63432,3739,0,73260,76999,140431,561113
Jan-2002,2375,166,261,427,38,19,509,566,993,3368,365390,15600,36223,51823,6470,4092,118440,129002,180825,546215
Feb-2002,3075,128,193,321,16,24,327,368,689,3764,477370,11960,31582,43543,1640,2175,86880,90710,134253,611623
Mar-2002,2958,128,205,333,57,53,90,201,534,3492,460450,13608,24706,38314,8922,13777,13739,36548,74862,535312
Apr-2002,3251,194,201,395,45,55,595,695,1090,4341,511539,21422,26655,48077,5192,7981,114170,127343,175420,686959
May-2002,3442,295,253,548,80,104,116,300,848,4290,539436,26969,37718,64687,5165,22695,14902,42762,107449,646885
Jun-2002,2936,176,287,463,84,30,452,566,1029,3965,479086,16822,39259,56080,10072,11000,91090,112162,168242,647328
Jul-2002,2993,371,280,651,51,101,296,448,1099,4092,499523,36292,41293,77585,7819,13250,56920,77989,155574,655097
Aug-2002,3174,168,229,397,6,48,2075,2129,2526,5700,521655,18118,33988,52106,930,10509,414770,426209,478315,999970
Sep-2002,2906,212,186,398,24,34,413,471,869,3775,480805,24312,28563,52875,4350,5950,128715,139015,191890,672695
Oct-2002,3173,207,176,383,116,84,942,1142,1525,4698,527628,26001,28160,54161,4657,18995,223347,246999,301160,828787
Nov-2002,2424,117,173,290,45,17,468,530,820,3244,401903,12913,27800,40713,7617,3330,165451,176398,217112,619014
Dec-2002,2681,144,164,308,24,52,377,453,761,3442,458829,13769,26869,40638,4239,6463,77600,88302,128940,587770
Jan-2003,2071,119,164,283,89,36,724,849,1132,3203,352832,14414,23334,37748,10083,8832,161030,179945,217693,570526
Feb-2003,2789,192,202,394,21,80,113,214,608,3397,470926,20081,31994,52076,3823,18159,29956,51938,104013,574939
Mar-2003,2479,148,124,272,11,58,518,587,859,3338,435569,15838,19823,35661,1383,6200,88850,96433,132094,567662
Apr-2003,2712,162,251,413,25,78,1192,1295,1708,4420,463783,17796,41899,59696,3525,14530,412425,430480,490176,953959
May-2003,2947,272,252,524,45,47,312,404,928,3875,523267,29227,41622,70849,10470,8023,51069,69562,140410,663677
Jun-2003,3131,183,233,416,46,82,320,448,864,3995,555070,18399,40063,58462,8498,10853,80697,100049,158510,713580
Jul-2003,3380,211,174,385,18,88,62,168,553,3933,590988,27057,27943,55000,4503,23132,11715,39349,94349,685336
Aug-2003,2899,155,306,461,18,74,213,305,766,3665,514980,16280,43860,60140,3381,14120,40141,57642,117782,632762
Sep-2003,3008,205,184,389,86,43,697,826,1215,4223,546260,23107,31364,54472,13088,4950,113297,131335,185807,732066
Oct-2003,3287,208,201,409,49,66,1302,1417,1826,5113,602126,22638,35309,57947,6828,9265,342865,358958,416905,1019031
Nov-2003,2934,217,199,416,19,29,88,136,552,3486,547124,25312,32489,57801,3650,9650,15990,29290,87091,634215
Dec-2003,2572,215,212,427,27,27,276,330,757,3329,486422,23146,38007,61153,8200,5685,50825,64709,125862,612284
Jan-2004,2212,108,160,268,11,142,989,1142,1410,3622,417029,11095,27680,38774,3350,20766,175330,199446,238220,655249
Feb-2004,2644,199,176,375,59,101,145,305,680,3324,498124,24924,34037,58961,14678,18985,54280,87943,146904,645029
Mar-2004,3113,266,181,447,83,58,108,249,696,3809,595186,34471,26927,61398,11723,11770,14060,37553,98951,694136
Apr-2004,2757,237,423,660,33,57,120,212,872,3629,527538,25197,82033,107229,6185,15190,23198,44774,152003,679541
May-2004,2807,160,317,477,45,48,510,603,1080,3887,536864,20699,48572,69271,5660,10385,244694,260739,330010,866873
Jun-2004,2979,348,198,546,28,17,10,55,601,3580,573419,40673,34076,74748,6120,2700,3090,11910,86658,660078
Jul-2004,2972,135,122,257,31,47,177,255,512,3484,576778,18960,17142,36101,2994,5470,26426,34891,70992,647770
Aug-2004,2569,191,217,408,50,99,345,494,902,3471,506284,22673,34467,57140,9256,17023,72176,98456,155596,661880
Sep-2004,2581,231,235,466,20,54,215,289,755,3336,510513,28429,41546,69975,4761,12739,74790,92290,162265,672778
Oct-2004,2517,288,262,550,18,16,439,473,1023,3540,506500,30816,47435,78251,2045,7491,86825,96361,174612,681112
Nov-2004,2725,170,183,353,28,63,299,390,743,3468,552040,23692,39110,62802,7273,9225,43918,60416,123218,675258
Dec-2004,2021,141,233,374,13,80,266,359,733,2754,402736,17132,36815,53947,2400,16500,96680,115580,169527,572263
Jan-2005,1884,95,152,247,58,18,93,169,416,2300,377962,11492,26168,37660,7280,3021,17250,27551,65211,443173
Feb-2005,2364,156,150,306,52,101,232,385,691,3055,471342,18312,31454,49766,8771,20718,65554,95043,144809,616151
Mar-2005,2475,263,193,456,68,39,290,397,853,3328,507901,34786,34528,69314,12103,9813,41606,63522,132836,640737
Apr-2005,2627,417,312,729,85,46,141,272,1001,3628,527112,46875,48831,95705,11116,7609,35663,54388,150094,677206
May-2005,2982,261,233,494,30,56,554,640,1134,4116,597933,31542,41919,73460,3260,12500,158540,174300,247760,845693
Jun-2005,3545,290,500,790,26,77,391,494,1284,4829,692785,36767,78788,115556,5600,12073,76900,94573,210129,902914
Jul-2005,2265,149,136,285,17,80,14,111,396,2661,467860,19516,23079,42596,2631,17927,3400,23958,66554,534414
Aug-2005,2528,147,185,332,13,83,94,190,522,3050,510649,17571,29487,47058,3536,15933,25460,44928,91986,602636
Sep-2005,2384,214,196,410,34,213,12,259,669,3053,483132,22161,31553,53714,8902,34292,1500,44694,98407,581539
Oct-2005,2192,160,213,373,10,34,374,418,791,2983,467340,20666,40326,60991,9190,7447,76360,92997,153988,621329
Nov-2005,2851,200,138,338,29,21,169,219,557,3408,589550,22597,26182,48779,8274,3552,22156,33981,82760,672309
Dec-2005,2077,101,192,293,11,35,41,87,380,2457,437159,12381,35149,47530,4820,5310,13600,23730,71260,508419
Jan-2006,1872,85,217,302,0,133,118,251,553,2425,388220,10823,49470,60293,0,21363,13000,34363,94656,482875
Feb-2006,2415,200,134,334,38,13,146,197,531,2946,518699,23563,24964,48527,11499,4070,33301,48870,97397,616096
Mar-2006,2711,190,193,383,31,77,398,506,889,3600,573309,24972,39223,64195,5652,12692,115180,133524,197719,771029
Apr-2006,2014,188,196,384,3,2,106,111,495,2509,444150,22343,36711,59054,600,2757,10200,13557,72611,516761
May-2006,2878,185,292,477,58,31,246,335,812,3690,628766,23246,51150,74395,6952,6000,80850,93802,168198,796963
Jun-2006,2591,115,174,289,18,34,203,255,544,3135,554698,17094,37241,54335,3846,10401,30300,44547,98883,653581
Jul-2006,2553,210,196,406,131,105,348,584,990,3543,532833,28049,36239,64288,10365,19703,96969,127037,191325,724158
Aug-2006,3161,203,152,355,17,72,117,206,561,3722,672046,25850,26086,51936,4976,9400,27216,41592,93528,765573
Sep-2006,2552,138,143,281,3,38,134,175,456,3008,556987,20541,30879,51420,560,5091,67735,73386,124806,681793
Oct-2006,2445,240,224,464,9,66,239,314,778,3223,545933,29899,38888,68787,2400,14241,41112,57754,126541,672474
Nov-2006,2671,150,163,313,18,63,318,399,712,3383,593630,21600,38747,60347,5199,17205,186813,209217,269564,863194
Dec-2006,1692,109,172,281,82,56,309,447,728,2420,398728,13095,37876,50970,14936,12255,93246,120437,171407,570135
Jan-2007,1774,130,167,297,10,0,27,37,334,2108,406135,19294,30588,49882,1000,0,3450,4450,54332,460467
Feb-2007,2277,283,209,492,34,73,474,581,1073,3350,503633,33651,46943,80594,10054,16733,157757,184544,265138,768770
Mar-2007,2465,207,173,380,32,69,168,269,649,3114,557630,30135,30524,60660,4782,11250,32577,48609,109269,666899
Apr-2007,2131,229,188,417,26,44,263,333,750,2881,495392,23154,39964,63118,5637,5640,84236,95513,158631,654023
May-2007,2608,171,262,433,17,163,294,474,907,3515,596656,21692,50954,72646,2513,33630,65903,102046,174692,771348
Jun-2007,2522,154,228,382,34,45,255,334,716,3238,557061,19275,48906,68181,4920,10061,49950,64931,133112,690173
Jul-2007,2811,192,254,446,48,36,289,373,819,3630,633762,29376,45963,75339,8518,9936,110900,129353,204692,838454
Aug-2007,2920,244,274,518,51,28,333,412,930,3850,756275,31800,50452,82252,7819,14681,68200,90700,172951,929227
Sep-2007,2454,126,265,391,30,173,622,825,1216,3670,571727,19366,56361,75728,5047,18270,102661,125979,201706,773434
Oct-2007,2969,210,247,457,22,51,896,969,1426,4395,681428,34636,50922,85559,2500,8570,260179,271249,356808,1038236
Nov-2007,2828,205,236,441,25,110,213,348,789,3617,653898,28403,45835,74238,6200,15214,48813,70227,144465,798364
Dec-2007,2247,132,204,336,12,33,267,312,648,2895,562808,16556,44962,61518,5015,12499,121698,139212,200730,763538
Jan-2008,1918,139,351,490,29,147,237,413,903,2821,452752,19167,71094,90261,5983,24234,104255,134472,224733,677485
Feb-2008,2630,261,352,613,90,45,244,379,992,3622,618347,39554,61498,101051,14285,10594,57080,81959,183011,801357
Mar-2008,2546,202,223,425,60,84,86,230,655,3201,598297,28168,44612,72780,15410,22166,16090,53665,126446,724742
Apr-2008,2805,140,198,338,25,77,106,208,546,3351,648841,19095,45742,64838,6374,15634,20987,42995,107832,756673
May-2008,2574,244,378,622,10,78,301,389,1011,3585,617044,41648,81460,123108,1239,24423,73316,98978,222086,839130
Jun-2008,2809,169,384,553,19,82,314,415,968,3777,684320,25797,86345,112143,6602,15302,81110,103013,215156,899476
Jul-2008,2723,123,421,544,31,58,714,803,1347,4070,642402,18438,109202,127640,4617,21471,229430,255518,383157,1025559
Aug-2008,2748,239,288,527,75,19,191,285,812,3560,657781,35232,69966,105197,16173,3000,94640,113813,219010,876791
Sep-2008,2681,186,284,470,53,105,367,525,995,3676,641025,30071,74689,104760,16117,13300,74008,103425,208185,849210
Oct-2008,2620,256,232,488,54,36,634,724,1212,3832,620281,47783,49662,97446,11196,9148,198000,218344,315790,936070
Nov-2008,2309,157,241,398,11,87,78,176,574,2883,579526,22741,43978,66719,2280,15750,24130,42160,108879,688405
Dec-2008,2016,181,255,436,22,40,206,268,704,2720,483191,22172,58845,81017,2379,13216,77942,93537,174554,657745
Jan-2009,1749,74,154,228,16,62,366,444,672,2421,421871,11119,31381,42500,3150,10680,72249,86079,128578,550449
Feb-2009,2451,170,180,350,27,80,576,683,1033,3484,552725,23633,42394,66027,4535,18199,209150,231884,297911,850636
Mar-2009,2665,164,203,367,69,11,894,974,1341,4006,622547,19911,44035,63946,14492,6807,226470,247769,311715,934263
Apr-2009,2671,78,189,267,17,88,195,300,567,3238,625202,11819,37225,49044,2925,16502,35315,54742,103786,728988
May-2009,2659,96,244,340,6,10,213,229,569,3228,631528,14987,57758,72745,900,2700,33357,36957,109702,741230
Jun-2009,3186,112,242,354,19,36,730,785,1139,4325,722632,16777,51566,68343,4982,10050,136650,151682,220025,942658
Jul-2009,3455,209,269,478,68,46,953,1067,1545,5000,790000,31324,53897,85221,12460,7720,269067,289247,374468,1164469
Aug-2009,3310,200,322,522,50,48,188,286,808,4118,763798,31070,102178,133248,6870,10302,36704,53876,187124,950922
Sep-2009,3377,194,309,503,55,77,849,981,1484,4861,797705,27802,66021,93823,9806,17589,200269,227663,321486,1119190
Oct-2009,3875,173,348,521,41,51,337,429,950,4825,890532,23045,73117,96162,12522,9262,55051,76835,172997,1063529
Nov-2009,3415,215,254,469,299,54,472,825,1294,4709,816060,48548,54031,102579,66018,14276,100860,181154,283733,1099793
Dec-2009,2862,280,369,649,102,76,967,1145,1794,4656,705151,43245,73214,116459,19558,11364,206791,237713,354172,1059323
Jan-2010,2435,221,158,379,157,30,529,716,1095,3530,581300,33675,46242,79918,24632,4087,92920,121639,201557,782857
Feb-2010,3465,343,279,622,120,184,265,569,1191,4656,811906,62686,63343,126029,27934,28117,71740,127791,253820,1065727
Mar-2010,3718,354,600,954,199,98,1042,1339,2293,6011,916148,56816,128069,184885,37309,21075,221409,279793,464678,1380826
Apr-2010,3034,273,297,570,284,167,852,1303,1873,4907,757727,41769,64251,106020,55576,30110,223586,309272,415291,1173018
May-2010,3210,350,387,737,85,224,504,813,1550,4760,815499,66195,97993,164187,25573,47067,118754,191395,355582,1171081
Jun-2010,3333,245,427,672,162,135,1092,1389,2061,5394,841931,43406,104593,147999,32806,19473,318594,370873,518872,1360803
Jul-2010,3514,475,400,875,138,219,1229,1586,2461,5975,897776,71304,94281,165585,33210,47517,362092,442818,608402,1506178
Aug-2010,3230,317,428,745,21,91,1891,2003,2748,5978,801935,48150,96484,144633,3296,22286,330624,356206,500839,1302774
Sep-2010,3198,216,391,607,177,154,1387,1718,2325,5523,838989,33618,80291,113909,35480,48563,329142,413184,527094,1366082
Oct-2010,3187,333,349,682,33,102,1244,1379,2061,5248,828679,45781,88230,134011,6319,23847,244007,274173,408184,1236863
Nov-2010,3068,223,490,713,55,61,1102,1218,1931,4999,806464,32543,110835,143378,9595,12037,322538,344171,487548,1294012
Dec-2010,2641,183,298,481,110,158,1770,2038,2519,5160,696111,30353,70604,100957,30844,43348,333640,407833,508790,1204900
Jan-2011,2234,121,264,385,77,37,1157,1271,1656,3890,567857,21950,61609,83559,13581,9119,265117,287817,371375,939232
Feb-2011,2783,215,311,526,32,131,458,621,1147,3930,727187,38041,68003,106045,5802,21954,84682,112437,218482,945669
Mar-2011,3200,174,336,510,22,52,1812,1886,2396,5596,833747,29330,71981,101310,5171,13845,524524,543540,644851,1478598
Apr-2011,2463,149,248,397,40,291,1346,1677,2074,4537,666129,25188,53019,78207,12280,78460,367349,458089,536296,1202425
May-2011,2986,210,313,523,68,60,517,645,1168,4154,773336,33959,82971,116929,9944,12828,99772,122544,239474,1012810
Jun-2011,2926,158,244,402,88,200,1216,1504,1906,4832,795234,25434,60714,86147,9357,37050,289202,335609,421756,1216990
Jul-2011,3067,224,331,555,51,100,930,1081,1636,4703,786668,37658,67031,104688,13585,24542,225810,263937,368626,1155294
Aug-2011,2999,116,268,384,17,131,1367,1515,1899,4898,776786,17993,61585,79578,5317,34700,425649,465666,545243,1322030
Sep-2011,2811,182,404,586,130,186,530,846,1432,4243,746718,30055,132561,162616,30268,43530,182820,256618,419235,1165953
Oct-2011,2435,218,360,578,87,64,263,414,992,3427,661708,31414,82313,113727,14369,13836,110705,138910,252637,914345
Nov-2011,2762,151,461,612,67,190,629,886,1498,4260,761449,24096,99065,123161,12917,43423,138089,194430,317591,1079040
Dec-2011,2074,159,258,417,2,113,587,702,1119,3193,569924,26918,64584,91502,1660,21646,165289,188596,280097,850021
Jan-2012,1707,122,226,348,35,45,508,588,936,2643,468366,19462,52958,72420,8212,12050,128725,148987,221406,689773
Feb-2012,2430,134,371,505,48,146,1181,1375,1880,4310,676592,20168,98908,119076,22456,29764,322438,374658,493734,1170326
Mar-2012,2406,139,377,516,183,114,457,754,1270,3676,667212,21473,81465,102938,38245,29620,149803,217668,320605,987817
Apr-2012,1987,132,312,444,109,60,944,1113,1557,3544,555053,21829,75544,97373,29460,40091,257073,326624,423997,979050
May-2012,2643,165,377,542,119,178,1734,2031,2573,5216,721945,26580,84097,110676,20468,36172,436649,493288,603964,1325909
Jun-2012,2505,199,245,444,171,54,2663,2888,3332,5837,682999,31448,54278,85725,30762,9156,633700,673619,759344,1442343
Jul-2012,2637,125,347,472,155,214,228,597,1069,3706,703320,21324,82955,104278,29929,30687,59610,120226,224505,927825
Aug-2012,2675,169,358,527,1011,86,664,1761,2288,4963,705848,27370,88725,116094,321992,12892,177169,512053,628147,1333995
Sep-2012,2467,144,296,440,220,88,1583,1891,2331,4798,667137,27083,65873,92956,38586,16774,515017,570378,663333,1330471
Oct-2012,2605,413,405,818,125,369,503,997,1815,4420,707643,85083,98059,183142,22836,64802,140254,227892,411035,1118678
Nov-2012,2374,248,471,719,191,76,1114,1381,2100,4474,663520,51879,102015,153894,31172,19125,304970,355267,509161,1172681
Dec-2012,1711,168,302,470,116,261,1030,1407,1877,3588,447300,27812,66895,94707,24758,49702,239834,314294,409001,856301
Jan-2013,1578,130,219,349,81,133,691,905,1254,2832,455005,22013,57232,79245,16345,41296,209214,266855,346100,801105
Feb-2013,2216,115,363,478,110,134,540,784,1262,3478,592293,18715,86438,105154,20341,40306,167943,228590,333743,926036
Mar-2013,2003,150,378,528,336,169,532,1037,1565,3568,556985,25373,86974,112347,91912,45266,121206,258384,370731,927717
Apr-2013,2226,111,479,590,47,269,1117,1433,2023,4249,638656,17828,113521,131350,7412,61582,288750,357744,489094,1127750
May-2013,2756,294,775,1069,79,152,392,623,1692,4448,755776,62388,155743,218131,18651,36736,83060,138447,356578,1112354
Jun-2013,2069,69,398,467,39,178,391,608,1075,3144,574131,12181,87907,100088,7471,38657,134187,180315,280403,854533
Jul-2013,2444,204,602,806,39,56,1327,1422,2228,4672,684274,35477,147799,183277,9046,9480,347600,366126,549402,1233676
Aug-2013,2457,161,481,642,31,55,787,873,1515,3972,691567,26674,111789,138463,5874,12517,186047,204439,342902,1034469
Sep-2013,2353,118,396,514,118,186,1734,2038,2552,4905,645236,19770,93302,113072,23826,47061,519601,590488,703561,1348796
Oct-2013,2651,146,522,668,76,165,1983,2224,2892,5543,737867,23943,133840,157783,15669,37784,661027,714480,872263,1610129
Nov-2013,2666,226,589,815,119,176,893,1188,2003,4669,751761,39191,133353,172544,27583,46485,246640,320707,493251,1245012
Dec-2013,1957,199,359,558,93,182,991,1266,1824,3781,548957,36378,91140,127518,21617,44230,368749,434596,562114,1111071
Jan-2014,2216,125,479,604,80,170,536,786,1390,3606,602626,25222,113545,138767,13326,37448,121441,172216,310983,913609
Feb-2014,2631,135,473,608,72,40,1417,1529,2137,4768,735962,22903,120699,143602,17770,11467,401233,430470,574072,1310034
Mar-2014,2573,192,440,632,133,105,670,908,1540,4113,739159,32452,104693,137145,28833,22859,177685,229378,366523,1105682
Apr-2014,2543,169,521,690,121,146,2000,2267,2957,5500,709450,27778,117628,145405,23389,41803,539201,604393,749799,1459249
May-2014,3019,208,760,968,125,173,179,477,1445,4464,848299,35307,172812,208119,28845,40532,38015,107392,315510,1163809
Jun-2014,2609,142,439,581,113,90,1116,1319,1900,4509,759385,24257,113695,137952,18484,18005,245824,282313,420264,1179650
Jul-2014,2955,157,606,763,138,290,931,1359,2122,5077,835046,23956,142895,166850,26198,104850,237746,368794,535644,1370690
Aug-2014,2888,160,809,969,42,118,1452,1612,2581,5469,810040,26172,172423,198595,9084,32539,403356,444979,643574,1453614
Sep-2014,2718,139,742,881,127,201,886,1214,2095,4813,762487,24854,183136,207989,23797,49880,227756,301433,509422,1271909
Oct-2014,3083,134,515,649,42,226,1853,2121,2770,5853,888978,25009,138963,163972,12264,55322,507640,575226,739198,1628176
Nov-2014,2768,164,518,682,94,223,3128,3445,4127,6895,775781,27824,152813,180636,18874,65614,933268,1017756,1198392,1974174
Dec-2014,2291,83,506,589,268,330,1852,2450,3039,5330,707479,14600,124912,139512,50692,69997,501982,622670,762182,1469661
Jan-2015,2073,100,452,552,40,164,992,1196,1748,3821,590490,17879,104660,122538,7919,32071,262708,302698,425236,1015726
Feb-2015,2908,135,670,805,108,46,2592,2746,3551,6459,849453,23736,151524,175260,20348,10510,661524,692381,867641,1717094
Mar-2015,3049,282,812,1094,38,143,1963,2144,3238,6287,888348,38343,176018,214361,8673,31252,533282,573207,787568,1675916
Apr-2015,2786,123,819,942,104,174,1770,2048,2990,5776,828912,20532,200732,221264,22792,47735,443530,514058,735322,1564233
May-2015,2836,142,680,822,74,91,2765,2930,3752,6588,866214,26123,179333,205456,19149,20794,663391,703334,908791,1775005
Jun-2015,2811,101,677,778,27,206,855,1088,1866,4677,846285,17938,161931,179869,4040,44764,203368,252172,432041,1278326
Jul-2015,3068,111,724,835,59,111,1780,1950,2785,5853,918799,19889,193410,213299,12917,26756,513557,553230,766530,1685329
Aug-2015,3007,105,598,703,90,137,1472,1699,2402,5409,886031,19298,143499,162797,15785,26350,392813,434948,597745,1483776
Sep-2015,3220,98,770,868,132,198,1739,2069,2937,6157,942426,18618,188510,207128,26669,46613,444577,517858,724986,1667412
Oct-2015,3163,182,1041,1223,28,148,2701,2877,4100,7263,927038,35451,266435,301886,8592,33171,988690,1030454,1332340,2259379
Nov-2015,2957,117,665,782,79,83,590,752,1534,4491,928095,25494,160032,185525,16131,45813,188230,250175,435700,1363795
Dec-2015,2552,103,748,851,101,140,1766,2007,2858,5410,809055,21310,187507,208817,17534,34133,649548,701215,910032,1719087
Jan-2016,2096,132,564,696,87,93,1203,1383,2079,4175,633780,25988,133491,159479,20640,25740,395306,441686,601165,1234946
Feb-2016,3134,167,832,999,37,209,1204,1450,2449,5583,964485,33536,214685,248221,11110,56160,324753,392023,640244,1604728
Mar-2016,3293,137,749,886,130,169,1054,1353,2239,5532,1001959,25937,202797,228733,26956,41190,304876,373022,601756,1603715
Apr-2016,3057,128,738,866,48,293,1219,1560,2426,5483,961893,24599,207883,232482,8320,80517,433434,522271,754753,1716646
May-2016,3312,201,896,1097,34,231,1395,1660,2757,6069,1014426,44756,240011,284767,7266,69460,385772,462498,747265,1761691
Jun-2016,3098,59,706,765,56,107,1719,1882,2647,5745,960246,14588,196108,210696,14904,32233,533489,580626,791322,1751569
Jul-2016,3202,101,738,839,23,35,2806,2864,3703,6905,978139,17972,188225,206197,10915,7260,850159,868333,1074530,2052669
Aug-2016,3442,164,816,980,87,175,1778,2040,3020,6462,1046469,33622,212334,245956,19671,55117,557929,632717,878674,1925142
Sep-2016,3117,73,756,829,21,124,1294,1439,2268,5385,982522,15739,214857,230597,7221,54718,518315,580253,810850,1793372
Oct-2016,2972,103,842,945,52,170,404,626,1571,4543,944318,20400,233674,254074,13122,64387,104135,181644,435718,1380036
Nov-2016,3256,178,789,967,75,201,1351,1627,2594,5850,1042722,44577,201208,245785,21462,65560,346681,433703,679488,1722210
Dec-2016,2448,60,901,961,8,130,2633,2771,3732,6180,801369,12863,226131,238994,970,35658,797521,834149,1073143,1874512
Jan-2017,2101,66,449,515,20,27,1668,1715,2230,4331,706276,13159,123805,136964,5039,19982,702674,727694,864658,1570934
Feb-2017,2945,397,879,1276,88,122,1304,1514,2790,5735,958710,77601,239613,317214,18652,44704,473409,536765,853979,1812689
Mar-2017,3263,356,885,1241,78,115,826,1019,2260,5523,1041042,94057,251542,345600,32235,29081,259808,321124,666724,1707766
Apr-2017,2619,92,724,816,31,154,721,906,1722,4341,863348,18025,205812,223836,11994,42108,252612,306714,530550,1393898
May-2017,3438,214,936,1150,24,99,670,793,1943,5381,1134039,47140,270199,317340,5398,33898,215859,255155,572495,1706534
Jun-2017,3094,174,992,1166,9,215,702,926,2092,5186,1001978,31520,259435,290955,1968,89253,223906,315126,606080,1608059
Jul-2017,3251,149,874,1023,23,130,1153,1306,2329,5580,1065265,30524,254474,284998,13227,45760,334163,393151,678149,1743415
Aug-2017,3548,208,1304,1512,4,94,736,834,2346,5894,1153438,38241,380256,418497,2000,30817,207811,240628,659125,1812563
Sep-2017,3230,201,948,1149,45,108,947,1100,2249,5479,1063920,39978,281609,321587,9725,33942,288908,332575,654162,1718082
Oct-2017,3583,185,1169,1354,3,40,2147,2190,3544,7127,1218703,39458,355657,395115,1180,21702,691951,714832,1109947,2328650
Nov-2017,3561,505,1044,1549,26,140,4869,5035,6584,10145,1211592,102738,325545,428283,11550,72400,1731759,1815708,2243991,3455583
Dec-2017,2424,108,712,820,6,61,2089,2156,2976,5400,837126,25801,226589,252390,1435,22582,648066,672084,924473,1761599
Jan-2018,2528,124,556,680,25,164,2337,2526,3206,5734,840041,30433,169050,199484,6590,78623,806268,891480,1090963,1931004
Feb-2018,3469,368,849,1217,28,116,1336,1480,2697,6166,1186060,54329,254210,308539,5284,41594,409727,456605,765144,1951204
Mar-2018,3671,111,934,1045,6,76,1863,1945,2990,6661,1245360,23341,291556,314897,1500,25818,589202,616520,931417,2176777
Apr-2018,3382,59,1162,1221,40,175,976,1191,2412,5794,1136062,12541,376579,389120,14463,58184,317465,390112,779232,1915294
May-2018,3700,82,1066,1148,140,34,1391,1565,2713,6413,1265181,18235,342402,360637,47023,17834,478057,542914,903551,2168732
Jun-2018,3235,84,1039,1123,62,34,790,886,2009,5244,1119076,17840,316869,334709,16140,10405,284855,311400,646109,1765186
Jul-2018,3371,121,869,990,0,35,966,1001,1991,5362,1184000,29830,258231,288061,0,12605,292149,304754,592816,1776815
Aug-2018,3606,127,966,1093,15,159,171,345,1438,5044,1242401,30369,283364,313733,2780,64471,61625,128875,442608,1685009
Sep-2018,3042,143,823,966,11,29,1733,1773,2739,5781,1085200,39179,263552,302732,3500,13190,604659,621349,924080,2009280
Oct-2018,3810,199,1199,1398,34,87,1040,1161,2559,6369,1329010,46592,368458,415050,13040,26715,439189,478944,893994,2223004
Nov-2018,3375,164,915,1079,0,48,793,841,1920,5295,1173198,34324,315087,349412,0,18139,333868,352007,701418,1874616
Dec-2018,2364,79,649,728,11,56,743,810,1538,3902,857898,18734,194172,212906,2800,18365,281475,302640,515546,1373445
Jan-2019,2311,117,449,566,0,64,611,675,1241,3552,839495,26033,141648,167681,0,36140,236602,272742,440423,1279917
Feb-2019,3106,136,811,947,6,64,1731,1801,2748,5854,1094020,29518,276259,305777,1023,23098,701628,725749,1031526,2125546
Mar-2019,3027,155,702,857,18,31,1271,1320,2177,5204,1061790,30161,253675,283837,5820,8333,405668,419821,703658,1765447
Apr-2019,2540,45,744,789,0,35,352,387,1176,3716,917995,10067,260630,270697,0,9625,140327,149952,420650,1338645
May-2019,3247,119,799,918,0,82,800,882,1800,5047,1164066,26630,245354,271984,0,42401,275693,318095,590079,1754145
Jun-2019,2965,153,696,849,17,197,966,1180,2029,4994,1059844,42354,261537,303891,6122,82367,332474,420963,724854,1784699
Jul-2019,2988,49,601,650,24,75,442,541,1191,4179,1042512,13146,204149,217295,6749,26593,276552,309893,527189,1569701
Aug-2019,3105,69,611,680,43,33,620,696,1376,4481,1077721,15482,209987,225470,17195,26359,249866,293420,518890,1596611
Sep-2019,2893,84,804,888,10,51,597,658,1546,4439,1028427,21154,261686,282840,24375,19268,355611,399254,682094,1710521
Oct-2019,2965,119,921,1040,11,122,1086,1219,2259,5224,1061159,30184,333755,363939,9950,41984,398734,450668,814607,1875766
Nov-2019,3292,130,662,792,44,83,858,985,1777,5069,1186335,31069,216363,247431,12888,33939,280448,327275,574707,1761042
Dec-2019,2478,100,808,908,73,156,2316,2545,3453,5931,884203,23244,286450,309694,22993,86064,913833,1022890,1332584,2216788
Jan-2020,2446,96,520,616,0,74,433,507,1123,3569,877250,26096,177549,203645,0,32667,140481,173148,376793,1254043
Feb-2020,3150,237,833,1070,5,5,2774,2784,3854,7004,1098296,63767,282744,346512,2466,7900,933644,944010,1290522,2388818
Mar-2020,3195,269,836,1105,0,15,936,951,2056,5251,1139350,60194,285239,345433,0,5830,307502,313332,658765,1798115
Apr-2020,3290,76,782,858,38,50,1226,1314,2172,5462,1153906,17998,288716,306714,10854,21320,494966,527140,833854,1987759
May-2020,3221,86,889,975,12,49,552,613,1588,4809,1149697,25040,288625,313666,6650,12545,232439,251634,565300,1714996
Jun-2020,3143,119,744,863,9,27,602,638,1501,4644,1106597,30619,263050,293669,2871,26882,285812,315564,609233,1715830
Jul-2020,3641,113,887,1000,35,33,707,775,1775,5416,1261606,28099,301859,329958,20037,15935,229877,265848,595805,1857412
Aug-2020,3401,72,821,893,6,24,949,979,1872,5273,1186814,17144,286054,303198,2882,16073,422904,441858,745056,1931871