,Total number of dwelling units ;  Queensland ;  New ;  Houses ;,"Total number of dwelling units ;  Queensland ;  New ;  Semi-detached, row or terrace houses, townhouses - One storey ;","Total number of dwelling units ;  Queensland ;  New ;  Semi-detached, row or terrace houses, townhouses - Two or more storeys ;","Total number of dwelling units ;  Queensland ;  New ;  Semi-detached, row or terrace houses, townhouses - Total ;",Total number of dwelling units ;  Queensland ;  New ;  Flats units or apartments - In a one or two storey block ;,Total number of dwelling units ;  Queensland ;  New ;  Flats units or apartments - In a three storey block ;,Total number of dwelling units ;  Queensland ;  New ;  Flats units or apartments - In a four or more storey block ;,Total number of dwelling units ;  Queensland ;  New ;  Flats units or apartments - Total including those attached to a house ;,Total number of dwelling units ;  Queensland ;  New ;  Total Other Residential ;,Total number of dwelling units ;  Queensland ;  New ;  Total Residential ;,Total value of building jobs ;  Queensland ;  New ;  Houses ;,"Total value of building jobs ;  Queensland ;  New ;  Semi-detached, row or terrace houses, townhouses - One storey ;","Total value of building jobs ;  Queensland ;  New ;  Semi-detached, row or terrace houses, townhouses - Two or more storeys ;","Total value of building jobs ;  Queensland ;  New ;  Semi-detached, row or terrace houses, townhouses - Total ;",Total value of building jobs ;  Queensland ;  New ;  Flats units or apartments - In a one or two storey block ;,Total value of building jobs ;  Queensland ;  New ;  Flats units or apartments - In a three storey block ;,Total value of building jobs ;  Queensland ;  New ;  Flats units or apartments - In a four or more storey block ;,Total value of building jobs ;  Queensland ;  New ;  Flats units or apartments - Total including those attached to a house ;,Total value of building jobs ;  Queensland ;  New ;  Total Other Residential ;,Total value of building jobs ;  Queensland ;  New ;  Total Residential ;
Unit,Number,Number,Number,Number,Number,Number,Number,Number,Number,Number,$'000,$'000,$'000,$'000,$'000,$'000,$'000,$'000,$'000,$'000
Series Type,Original,Original,Original,Original,Original,Original,Original,Original,Original,Original,Original,Original,Original,Original,Original,Original,Original,Original,Original,Original
Data Type,FLOW,FLOW,FLOW,FLOW,FLOW,FLOW,FLOW,FLOW,FLOW,FLOW,FLOW,FLOW,FLOW,FLOW,FLOW,FLOW,FLOW,FLOW,FLOW,FLOW
Frequency,Month,Month,Month,Month,Month,Month,Month,Month,Month,Month,Month,Month,Month,Month,Month,Month,Month,Month,Month,Month
Collection Month,1,1,1,1,1,1,1,1,1,1,1,1,1,1,1,1,1,1,1,1
Series Start,Jul-1970,Jul-1991,Jul-1991,Jul-1991,Jul-1991,Jul-1991,Jul-1991,Jul-1991,Jul-1970,Jan-1956,Jul-1970,Jul-1991,Jul-1991,Jul-1991,Jul-1991,Jul-1991,Jul-1991,Jul-1991,Jul-1970,Jul-1970
Series End,Aug-2020,Aug-2020,Aug-2020,Aug-2020,Aug-2020,Aug-2020,Aug-2020,Aug-2020,Aug-2020,Aug-2020,Aug-2020,Aug-2020,Aug-2020,Aug-2020,Aug-2020,Aug-2020,Aug-2020,Aug-2020,Aug-2020,Aug-2020
No. Obs,602,350,350,350,350,350,350,350,602,776,602,350,350,350,350,350,350,350,602,602
Series ID,A418651C,A416007C,A423133X,A416643T,A423757W,A424378R,A424936W,A417294X,A419371C,A420081C,A418653J,A416009J,A423135C,A416645W,A423759A,A424380A,A424938A,A417296C,A419373J,A420083J
Jan-1956,,,,,,,,,,645,,,,,,,,,,
Feb-1956,,,,,,,,,,667,,,,,,,,,,
Mar-1956,,,,,,,,,,689,,,,,,,,,,
Apr-1956,,,,,,,,,,983,,,,,,,,,,
May-1956,,,,,,,,,,789,,,,,,,,,,
Jun-1956,,,,,,,,,,1113,,,,,,,,,,
Jul-1956,,,,,,,,,,739,,,,,,,,,,
Aug-1956,,,,,,,,,,767,,,,,,,,,,
Sep-1956,,,,,,,,,,771,,,,,,,,,,
Oct-1956,,,,,,,,,,956,,,,,,,,,,
Nov-1956,,,,,,,,,,991,,,,,,,,,,
Dec-1956,,,,,,,,,,1044,,,,,,,,,,
Jan-1957,,,,,,,,,,653,,,,,,,,,,
Feb-1957,,,,,,,,,,660,,,,,,,,,,
Mar-1957,,,,,,,,,,682,,,,,,,,,,
Apr-1957,,,,,,,,,,812,,,,,,,,,,
May-1957,,,,,,,,,,1025,,,,,,,,,,
Jun-1957,,,,,,,,,,798,,,,,,,,,,
Jul-1957,,,,,,,,,,906,,,,,,,,,,
Aug-1957,,,,,,,,,,853,,,,,,,,,,
Sep-1957,,,,,,,,,,960,,,,,,,,,,
Oct-1957,,,,,,,,,,906,,,,,,,,,,
Nov-1957,,,,,,,,,,779,,,,,,,,,,
Dec-1957,,,,,,,,,,765,,,,,,,,,,
Jan-1958,,,,,,,,,,666,,,,,,,,,,
Feb-1958,,,,,,,,,,772,,,,,,,,,,
Mar-1958,,,,,,,,,,1222,,,,,,,,,,
Apr-1958,,,,,,,,,,1230,,,,,,,,,,
May-1958,,,,,,,,,,906,,,,,,,,,,
Jun-1958,,,,,,,,,,922,,,,,,,,,,
Jul-1958,,,,,,,,,,989,,,,,,,,,,
Aug-1958,,,,,,,,,,876,,,,,,,,,,
Sep-1958,,,,,,,,,,1011,,,,,,,,,,
Oct-1958,,,,,,,,,,1091,,,,,,,,,,
Nov-1958,,,,,,,,,,927,,,,,,,,,,
Dec-1958,,,,,,,,,,918,,,,,,,,,,
Jan-1959,,,,,,,,,,737,,,,,,,,,,
Feb-1959,,,,,,,,,,870,,,,,,,,,,
Mar-1959,,,,,,,,,,839,,,,,,,,,,
Apr-1959,,,,,,,,,,988,,,,,,,,,,
May-1959,,,,,,,,,,1030,,,,,,,,,,
Jun-1959,,,,,,,,,,1147,,,,,,,,,,
Jul-1959,,,,,,,,,,1039,,,,,,,,,,
Aug-1959,,,,,,,,,,968,,,,,,,,,,
Sep-1959,,,,,,,,,,905,,,,,,,,,,
Oct-1959,,,,,,,,,,1093,,,,,,,,,,
Nov-1959,,,,,,,,,,1101,,,,,,,,,,
Dec-1959,,,,,,,,,,959,,,,,,,,,,
Jan-1960,,,,,,,,,,834,,,,,,,,,,
Feb-1960,,,,,,,,,,1013,,,,,,,,,,
Mar-1960,,,,,,,,,,1190,,,,,,,,,,
Apr-1960,,,,,,,,,,1094,,,,,,,,,,
May-1960,,,,,,,,,,1231,,,,,,,,,,
Jun-1960,,,,,,,,,,1045,,,,,,,,,,
Jul-1960,,,,,,,,,,1090,,,,,,,,,,
Aug-1960,,,,,,,,,,1326,,,,,,,,,,
Sep-1960,,,,,,,,,,1158,,,,,,,,,,
Oct-1960,,,,,,,,,,1213,,,,,,,,,,
Nov-1960,,,,,,,,,,972,,,,,,,,,,
Dec-1960,,,,,,,,,,799,,,,,,,,,,
Jan-1961,,,,,,,,,,828,,,,,,,,,,
Feb-1961,,,,,,,,,,727,,,,,,,,,,
Mar-1961,,,,,,,,,,834,,,,,,,,,,
Apr-1961,,,,,,,,,,869,,,,,,,,,,
May-1961,,,,,,,,,,1177,,,,,,,,,,
Jun-1961,,,,,,,,,,920,,,,,,,,,,
Jul-1961,,,,,,,,,,949,,,,,,,,,,
Aug-1961,,,,,,,,,,996,,,,,,,,,,
Sep-1961,,,,,,,,,,815,,,,,,,,,,
Oct-1961,,,,,,,,,,960,,,,,,,,,,
Nov-1961,,,,,,,,,,865,,,,,,,,,,
Dec-1961,,,,,,,,,,619,,,,,,,,,,
Jan-1962,,,,,,,,,,684,,,,,,,,,,
Feb-1962,,,,,,,,,,828,,,,,,,,,,
Mar-1962,,,,,,,,,,973,,,,,,,,,,
Apr-1962,,,,,,,,,,901,,,,,,,,,,
May-1962,,,,,,,,,,940,,,,,,,,,,
Jun-1962,,,,,,,,,,1222,,,,,,,,,,
Jul-1962,,,,,,,,,,898,,,,,,,,,,
Aug-1962,,,,,,,,,,960,,,,,,,,,,
Sep-1962,,,,,,,,,,786,,,,,,,,,,
Oct-1962,,,,,,,,,,948,,,,,,,,,,
Nov-1962,,,,,,,,,,852,,,,,,,,,,
Dec-1962,,,,,,,,,,604,,,,,,,,,,
Jan-1963,,,,,,,,,,658,,,,,,,,,,
Feb-1963,,,,,,,,,,938,,,,,,,,,,
Mar-1963,,,,,,,,,,1091,,,,,,,,,,
Apr-1963,,,,,,,,,,828,,,,,,,,,,
May-1963,,,,,,,,,,997,,,,,,,,,,
Jun-1963,,,,,,,,,,868,,,,,,,,,,
Jul-1963,,,,,,,,,,1001,,,,,,,,,,
Aug-1963,,,,,,,,,,1333,,,,,,,,,,
Sep-1963,,,,,,,,,,1125,,,,,,,,,,
Oct-1963,,,,,,,,,,1119,,,,,,,,,,
Nov-1963,,,,,,,,,,962,,,,,,,,,,
Dec-1963,,,,,,,,,,843,,,,,,,,,,
Jan-1964,,,,,,,,,,816,,,,,,,,,,
Feb-1964,,,,,,,,,,979,,,,,,,,,,
Mar-1964,,,,,,,,,,984,,,,,,,,,,
Apr-1964,,,,,,,,,,1121,,,,,,,,,,
May-1964,,,,,,,,,,1062,,,,,,,,,,
Jun-1964,,,,,,,,,,1238,,,,,,,,,,
Jul-1964,,,,,,,,,,1220,,,,,,,,,,
Aug-1964,,,,,,,,,,1154,,,,,,,,,,
Sep-1964,,,,,,,,,,1323,,,,,,,,,,
Oct-1964,,,,,,,,,,1338,,,,,,,,,,
Nov-1964,,,,,,,,,,1214,,,,,,,,,,
Dec-1964,,,,,,,,,,1036,,,,,,,,,,
Jan-1965,,,,,,,,,,888,,,,,,,,,,
Feb-1965,,,,,,,,,,1106,,,,,,,,,,
Mar-1965,,,,,,,,,,1320,,,,,,,,,,
Apr-1965,,,,,,,,,,1281,,,,,,,,,,
May-1965,,,,,,,,,,1476,,,,,,,,,,
Jun-1965,,,,,,,,,,1517,,,,,,,,,,
Jul-1965,,,,,,,,,,1251,,,,,,,,,,
Aug-1965,,,,,,,,,,1356,,,,,,,,,,
Sep-1965,,,,,,,,,,1608,,,,,,,,,,
Oct-1965,,,,,,,,,,1267,,,,,,,,,,
Nov-1965,,,,,,,,,,1239,,,,,,,,,,
Dec-1965,,,,,,,,,,1216,,,,,,,,,,
Jan-1966,,,,,,,,,,931,,,,,,,,,,
Feb-1966,,,,,,,,,,1272,,,,,,,,,,
Mar-1966,,,,,,,,,,1585,,,,,,,,,,
Apr-1966,,,,,,,,,,1281,,,,,,,,,,
May-1966,,,,,,,,,,1383,,,,,,,,,,
Jun-1966,,,,,,,,,,1365,,,,,,,,,,
Jul-1966,,,,,,,,,,1354,,,,,,,,,,
Aug-1966,,,,,,,,,,1566,,,,,,,,,,
Sep-1966,,,,,,,,,,1405,,,,,,,,,,
Oct-1966,,,,,,,,,,1347,,,,,,,,,,
Nov-1966,,,,,,,,,,1415,,,,,,,,,,
Dec-1966,,,,,,,,,,1244,,,,,,,,,,
Jan-1967,,,,,,,,,,1162,,,,,,,,,,
Feb-1967,,,,,,,,,,1286,,,,,,,,,,
Mar-1967,,,,,,,,,,1443,,,,,,,,,,
Apr-1967,,,,,,,,,,1327,,,,,,,,,,
May-1967,,,,,,,,,,1974,,,,,,,,,,
Jun-1967,,,,,,,,,,1398,,,,,,,,,,
Jul-1967,,,,,,,,,,1248,,,,,,,,,,
Aug-1967,,,,,,,,,,1395,,,,,,,,,,
Sep-1967,,,,,,,,,,1322,,,,,,,,,,
Oct-1967,,,,,,,,,,1419,,,,,,,,,,
Nov-1967,,,,,,,,,,1393,,,,,,,,,,
Dec-1967,,,,,,,,,,1177,,,,,,,,,,
Jan-1968,,,,,,,,,,1204,,,,,,,,,,
Feb-1968,,,,,,,,,,1373,,,,,,,,,,
Mar-1968,,,,,,,,,,1627,,,,,,,,,,
Apr-1968,,,,,,,,,,1273,,,,,,,,,,
May-1968,,,,,,,,,,1543,,,,,,,,,,
Jun-1968,,,,,,,,,,1337,,,,,,,,,,
Jul-1968,,,,,,,,,,1541,,,,,,,,,,
Aug-1968,,,,,,,,,,1430,,,,,,,,,,
Sep-1968,,,,,,,,,,1651,,,,,,,,,,
Oct-1968,,,,,,,,,,1486,,,,,,,,,,
Nov-1968,,,,,,,,,,1386,,,,,,,,,,
Dec-1968,,,,,,,,,,1083,,,,,,,,,,
Jan-1969,,,,,,,,,,1252,,,,,,,,,,
Feb-1969,,,,,,,,,,1398,,,,,,,,,,
Mar-1969,,,,,,,,,,1531,,,,,,,,,,
Apr-1969,,,,,,,,,,1204,,,,,,,,,,
May-1969,,,,,,,,,,1466,,,,,,,,,,
Jun-1969,,,,,,,,,,1359,,,,,,,,,,
Jul-1969,,,,,,,,,,1574,,,,,,,,,,
Aug-1969,,,,,,,,,,1671,,,,,,,,,,
Sep-1969,,,,,,,,,,1636,,,,,,,,,,
Oct-1969,,,,,,,,,,1858,,,,,,,,,,
Nov-1969,,,,,,,,,,1373,,,,,,,,,,
Dec-1969,,,,,,,,,,1255,,,,,,,,,,
Jan-1970,,,,,,,,,,1319,,,,,,,,,,
Feb-1970,,,,,,,,,,1493,,,,,,,,,,
Mar-1970,,,,,,,,,,1590,,,,,,,,,,
Apr-1970,,,,,,,,,,1609,,,,,,,,,,
May-1970,,,,,,,,,,1294,,,,,,,,,,
Jun-1970,,,,,,,,,,1248,,,,,,,,,,
Jul-1970,1299,,,,,,,,303,1602,13296,,,,,,,,2050,15346
Aug-1970,1379,,,,,,,,366,1745,13986,,,,,,,,3035,17021
Sep-1970,1541,,,,,,,,322,1863,15047,,,,,,,,2168,17215
Oct-1970,1605,,,,,,,,287,1892,16184,,,,,,,,1821,18005
Nov-1970,1382,,,,,,,,340,1722,13816,,,,,,,,2412,16228
Dec-1970,1123,,,,,,,,348,1471,11601,,,,,,,,2220,13821
Jan-1971,1132,,,,,,,,338,1470,12255,,,,,,,,2455,14710
Feb-1971,1219,,,,,,,,243,1462,12746,,,,,,,,1528,14274
Mar-1971,1698,,,,,,,,440,2138,16521,,,,,,,,3030,19551
Apr-1971,1224,,,,,,,,392,1616,12944,,,,,,,,2922,15866
May-1971,1136,,,,,,,,423,1559,12464,,,,,,,,3432,15896
Jun-1971,1643,,,,,,,,636,2279,17278,,,,,,,,4818,22096
Jul-1971,1723,,,,,,,,509,2232,19331,,,,,,,,3481,22812
Aug-1971,1642,,,,,,,,588,2230,17938,,,,,,,,4440,22378
Sep-1971,1666,,,,,,,,455,2121,18007,,,,,,,,3129,21136
Oct-1971,1625,,,,,,,,502,2127,17801,,,,,,,,5191,22992
Nov-1971,1756,,,,,,,,499,2255,18520,,,,,,,,4140,22660
Dec-1971,1427,,,,,,,,583,2010,15490,,,,,,,,4742,20232
Jan-1972,1107,,,,,,,,349,1456,12382,,,,,,,,2629,15011
Feb-1972,1581,,,,,,,,501,2082,17774,,,,,,,,4233,22007
Mar-1972,1796,,,,,,,,439,2235,19948,,,,,,,,4254,24202
Apr-1972,1404,,,,,,,,493,1897,16323,,,,,,,,4135,20458
May-1972,2026,,,,,,,,615,2641,23663,,,,,,,,5014,28677
Jun-1972,1975,,,,,,,,589,2564,22566,,,,,,,,4735,27301
Jul-1972,1840,,,,,,,,637,2477,21888,,,,,,,,5711,27599
Aug-1972,2089,,,,,,,,682,2771,24611,,,,,,,,5678,30289
Sep-1972,2035,,,,,,,,831,2866,24097,,,,,,,,6813,30910
Oct-1972,2381,,,,,,,,872,3253,28285,,,,,,,,7313,35598
Nov-1972,1749,,,,,,,,584,2333,21160,,,,,,,,4842,26002
Dec-1972,1538,,,,,,,,392,1930,18931,,,,,,,,3939,22870
Jan-1973,1731,,,,,,,,632,2363,22337,,,,,,,,5650,27987
Feb-1973,2007,,,,,,,,761,2768,25421,,,,,,,,6806,32227
Mar-1973,2599,,,,,,,,1049,3648,33927,,,,,,,,9832,43759
Apr-1973,1802,,,,,,,,770,2572,24208,,,,,,,,7911,32119
May-1973,2397,,,,,,,,991,3388,33084,,,,,,,,9793,42877
Jun-1973,2470,,,,,,,,1110,3580,35079,,,,,,,,10392,45471
Jul-1973,2572,,,,,,,,681,3253,37121,,,,,,,,6451,43572
Aug-1973,2305,,,,,,,,877,3182,34176,,,,,,,,9592,43768
Sep-1973,2370,,,,,,,,760,3130,35455,,,,,,,,8730,44185
Oct-1973,2877,,,,,,,,823,3700,44357,,,,,,,,9883,54240
Nov-1973,1886,,,,,,,,776,2662,30592,,,,,,,,8596,39188
Dec-1973,1380,,,,,,,,740,2120,22814,,,,,,,,10510,33324
Jan-1974,1129,,,,,,,,605,1734,18957,,,,,,,,7337,26294
Feb-1974,1122,,,,,,,,995,2117,18807,,,,,,,,13875,32682
Mar-1974,1636,,,,,,,,1293,2929,26735,,,,,,,,20189,46924
Apr-1974,1723,,,,,,,,533,2256,28477,,,,,,,,6095,34572
May-1974,1789,,,,,,,,844,2633,30566,,,,,,,,11103,41669
Jun-1974,1381,,,,,,,,584,1965,24763,,,,,,,,7763,32526
Jul-1974,1315,,,,,,,,676,1991,24252,,,,,,,,11249,35501
Aug-1974,940,,,,,,,,585,1525,17519,,,,,,,,9484,27003
Sep-1974,948,,,,,,,,279,1227,17135,,,,,,,,4212,21347
Oct-1974,920,,,,,,,,471,1391,17269,,,,,,,,9787,27056
Nov-1974,1164,,,,,,,,333,1497,21427,,,,,,,,5085,26512
Dec-1974,839,,,,,,,,253,1092,15722,,,,,,,,4254,19976
Jan-1975,844,,,,,,,,190,1034,16821,,,,,,,,2651,19472
Feb-1975,1157,,,,,,,,254,1411,21570,,,,,,,,3445,25015
Mar-1975,1270,,,,,,,,136,1406,24099,,,,,,,,2274,26373
Apr-1975,1491,,,,,,,,383,1874,29024,,,,,,,,6970,35994
May-1975,1473,,,,,,,,257,1730,29521,,,,,,,,3824,33345
Jun-1975,1653,,,,,,,,278,1931,33446,,,,,,,,3790,37236
Jul-1975,1668,,,,,,,,239,1907,34093,,,,,,,,3259,37352
Aug-1975,1569,,,,,,,,328,1897,31563,,,,,,,,5573,37136
Sep-1975,1989,,,,,,,,331,2320,41091,,,,,,,,4298,45389
Oct-1975,1971,,,,,,,,378,2349,39936,,,,,,,,6123,46059
Nov-1975,1762,,,,,,,,333,2095,36754,,,,,,,,4513,41267
Dec-1975,1685,,,,,,,,446,2131,35120,,,,,,,,5854,40974
Jan-1976,1402,,,,,,,,217,1619,29657,,,,,,,,3184,32841
Feb-1976,1747,,,,,,,,266,2013,38442,,,,,,,,4077,42519
Mar-1976,1974,,,,,,,,434,2408,44695,,,,,,,,6191,50886
Apr-1976,1526,,,,,,,,300,1826,37809,,,,,,,,4578,42387
May-1976,1517,,,,,,,,362,1879,37121,,,,,,,,5411,42532
Jun-1976,1751,,,,,,,,414,2165,42720,,,,,,,,6683,49403
Jul-1976,1751,,,,,,,,411,2162,41462,,,,,,,,6464,47926
Aug-1976,1756,,,,,,,,353,2109,43069,,,,,,,,6884,49953
Sep-1976,2141,,,,,,,,592,2733,52518,,,,,,,,9681,62199
Oct-1976,1868,,,,,,,,457,2325,46000,,,,,,,,7547,53547
Nov-1976,1953,,,,,,,,524,2477,49334,,,,,,,,8803,58137
Dec-1976,1669,,,,,,,,418,2087,41714,,,,,,,,7620,49334
Jan-1977,1289,,,,,,,,328,1617,33341,,,,,,,,5289,38630
Feb-1977,1320,,,,,,,,334,1654,33443,,,,,,,,5610,39053
Mar-1977,1749,,,,,,,,348,2097,45852,,,,,,,,6400,52252
Apr-1977,1479,,,,,,,,440,1919,38024,,,,,,,,8332,46356
May-1977,1838,,,,,,,,412,2250,51324,,,,,,,,7710,59034
Jun-1977,1747,,,,,,,,496,2243,44113,,,,,,,,12502,56615
Jul-1977,1616,,,,,,,,497,2113,40748,,,,,,,,10924,51672
Aug-1977,1733,,,,,,,,455,2188,45147,,,,,,,,9562,54709
Sep-1977,1911,,,,,,,,522,2433,48453,,,,,,,,11931,60384
Oct-1977,1846,,,,,,,,387,2233,46182,,,,,,,,7828,54010
Nov-1977,1761,,,,,,,,464,2225,46043,,,,,,,,8296,54339
Dec-1977,1649,,,,,,,,422,2071,41316,,,,,,,,9409,50725
Jan-1978,1193,,,,,,,,360,1553,31814,,,,,,,,6995,38809
Feb-1978,1432,,,,,,,,327,1759,37024,,,,,,,,6439,43463
Mar-1978,1840,,,,,,,,478,2318,48242,,,,,,,,9595,57837
Apr-1978,1357,,,,,,,,345,1702,35889,,,,,,,,6606,42495
May-1978,1608,,,,,,,,471,2079,44350,,,,,,,,9065,53415
Jun-1978,1938,,,,,,,,370,2308,51493,,,,,,,,7846,59339
Jul-1978,1413,,,,,,,,494,1907,37579,,,,,,,,12349,49928
Aug-1978,1640,,,,,,,,509,2149,43621,,,,,,,,13418,57039
Sep-1978,1697,,,,,,,,391,2088,44204,,,,,,,,7952,52156
Oct-1978,1956,,,,,,,,627,2583,52360,,,,,,,,16263,68623
Nov-1978,1839,,,,,,,,659,2498,48947,,,,,,,,19550,68497
Dec-1978,1512,,,,,,,,506,2018,41096,,,,,,,,16506,57602
Jan-1979,1382,,,,,,,,305,1687,36829,,,,,,,,7288,44117
Feb-1979,1760,,,,,,,,355,2115,48657,,,,,,,,7789,56446
Mar-1979,2001,,,,,,,,1200,3201,54575,,,,,,,,27605,82180
Apr-1979,1612,,,,,,,,400,2012,44759,,,,,,,,8452,53211
May-1979,2195,,,,,,,,1266,3461,61823,,,,,,,,39214,101037
Jun-1979,1889,,,,,,,,673,2562,54256,,,,,,,,16322,70578
Jul-1979,2122,,,,,,,,462,2584,59489,,,,,,,,10175,69664
Aug-1979,1980,,,,,,,,387,2367,56986,,,,,,,,8941,65927
Sep-1979,2096,,,,,,,,530,2626,59729,,,,,,,,12686,72415
Oct-1979,1987,,,,,,,,864,2851,58152,,,,,,,,22012,80164
Nov-1979,1947,,,,,,,,575,2522,57180,,,,,,,,12207,69387
Dec-1979,1453,,,,,,,,419,1872,44266,,,,,,,,10002,54268
Jan-1980,1417,,,,,,,,543,1960,42584,,,,,,,,13475,56059
Feb-1980,1955,,,,,,,,727,2682,59541,,,,,,,,17856,77397
Mar-1980,1992,,,,,,,,1004,2996,62520,,,,,,,,33281,95801
Apr-1980,2063,,,,,,,,1047,3110,64847,,,,,,,,30724,95571
May-1980,1805,,,,,,,,904,2709,58226,,,,,,,,27044,85270
Jun-1980,2044,,,,,,,,945,2989,65394,,,,,,,,26462,91856
Jul-1980,2110,,,,,,,,1095,3205,69512,,,,,,,,43417,112929
Aug-1980,1904,,,,,,,,838,2742,62273,,,,,,,,23808,86081
Sep-1980,2169,,,,,,,,845,3014,73110,,,,,,,,24988,98098
Oct-1980,2272,,,,,,,,1198,3470,75970,,,,,,,,36675,112645
Nov-1980,2022,,,,,,,,1103,3125,69842,,,,,,,,39729,109571
Dec-1980,1831,,,,,,,,1182,3013,63055,,,,,,,,41148,104203
Jan-1981,1623,,,,,,,,920,2543,55886,,,,,,,,28663,84549
Feb-1981,1924,,,,,,,,721,2645,65340,,,,,,,,21295,86635
Mar-1981,2517,,,,,,,,1754,4271,90060,,,,,,,,70874,160934
Apr-1981,2476,,,,,,,,869,3345,89343,,,,,,,,30816,120159
May-1981,2314,,,,,,,,950,3264,85161,,,,,,,,32011,117172
Jun-1981,2620,,,,,,,,1792,4412,100615,,,,,,,,77135,177750
Jul-1981,2334,,,,,,,,1159,3493,92618,,,,,,,,39627,132245
Aug-1981,2257,,,,,,,,1718,3975,88565,,,,,,,,76865,165430
Sep-1981,2383,,,,,,,,1331,3714,95920,,,,,,,,55206,151126
Oct-1981,2598,,,,,,,,1400,3998,105259,,,,,,,,68875,174134
Nov-1981,1961,,,,,,,,1764,3711,78916,,,,,,,,84349,163265
Dec-1981,1876,,,,,,,,1174,3050,77030,,,,,,,,53914,130944
Jan-1982,1636,,,,,,,,952,2588,66971,,,,,,,,40912,107883
Feb-1982,1454,,,,,,,,771,2225,61485,,,,,,,,30136,91621
Mar-1982,2046,,,,,,,,1394,3440,88333,,,,,,,,70676,159009
Apr-1982,1629,,,,,,,,1038,2667,69652,,,,,,,,57500,127152
May-1982,1844,,,,,,,,686,2530,82172,,,,,,,,25597,107769
Jun-1982,1672,,,,,,,,1061,2733,73427,,,,,,,,51617,125044
Jul-1982,1440,,,,,,,,724,2172,65940,,,,,,,,37562,103502
Aug-1982,1496,,,,,,,,861,2357,67115,,,,,,,,42847,109962
Sep-1982,1520,,,,,,,,683,2203,66804,,,,,,,,29634,96438
Oct-1982,1553,,,,,,,,643,2196,65315,,,,,,,,20827,86142
Nov-1982,1695,,,,,,,,771,2466,71487,,,,,,,,55166,126653
Dec-1982,1520,,,,,,,,615,2135,63775,,,,,,,,34785,98560
Jan-1983,1402,,,,,,,,355,1757,56976,,,,,,,,12626,69602
Feb-1983,1572,,,,,,,,730,2302,67712,,,,,,,,30941,98653
Mar-1983,1878,,,,,,,,719,2597,80255,,,,,,,,26868,107123
Apr-1983,1531,,,,,,,,363,1894,62647,,,,,,,,11507,74154
May-1983,1982,,,,,,,,623,2605,84185,,,,,,,,28785,112970
Jun-1983,1921,,,,,,,,565,2486,79457,,,,,,,,21480,100937
Jul-1983,1824,,,,,,,,484,2308,78138,,,,,,,,12576,90714
Aug-1983,1930,,,,,,,,674,2604,83043,,,,,,,,21949,104992
Sep-1983,2326,,,,,,,,633,2959,97319,,,,,,,,23320,120639
Oct-1983,2301,,,,,,,,624,2925,93315,,,,,,,,19128,112443
Nov-1983,2463,,,,,,,,465,2928,100523,,,,,,,,21857,122381
Dec-1983,1833,,,,,,,,477,2310,75770,,,,,,,,20110,95880
Jan-1984,1912,,,,,,,,399,2311,78468,,,,,,,,11938,90407
Feb-1984,2337,,,,,,,,896,3233,97074,,,,,,,,48238,145312
Mar-1984,2510,,,,,,,,1095,3605,104765,,,,,,,,59805,164570
Apr-1984,1952,,,,,,,,517,2469,83386,,,,,,,,21455,104841
May-1984,2557,,,,,,,,648,3205,112956,,,,,,,,25320,138276
Jun-1984,2011,,,,,,,,663,2674,88277,,,,,,,,30162,118439
Jul-1984,2290,,,,,,,,563,2853,100737,,,,,,,,17369,118106
Aug-1984,2566,,,,,,,,722,3288,111367,,,,,,,,22498,133865
Sep-1984,1931,,,,,,,,300,2231,87034,,,,,,,,10111,97145
Oct-1984,2226,,,,,,,,510,2736,97130,,,,,,,,15693,112823
Nov-1984,2245,,,,,,,,671,2916,101475,,,,,,,,26427,127903
Dec-1984,1852,,,,,,,,642,2494,81547,,,,,,,,33375,114921
Jan-1985,1797,,,,,,,,470,2267,81394,,,,,,,,14004,95398
Feb-1985,1757,,,,,,,,533,2290,80091,,,,,,,,20660,100752
Mar-1985,2044,,,,,,,,741,2785,94502,,,,,,,,26824,121326
Apr-1985,2022,,,,,,,,582,2604,91864,,,,,,,,17774,109638
May-1985,2069,,,,,,,,538,2607,97169,,,,,,,,21314,118484
Jun-1985,2110,,,,,,,,607,2717,98298,,,,,,,,23993,122291
Jul-1985,2367,,,,,,,,654,3021,111999,,,,,,,,23693,135692
Aug-1985,2182,,,,,,,,543,2725,103925,,,,,,,,22476,126401
Sep-1985,2119,,,,,,,,432,2551,101990,,,,,,,,13936,115926
Oct-1985,2276,,,,,,,,739,3015,108143,,,,,,,,25150,133293
Nov-1985,1906,,,,,,,,464,2370,89859,,,,,,,,16695,106554
Dec-1985,1670,,,,,,,,462,2132,81883,,,,,,,,22261,104144
Jan-1986,1626,,,,,,,,433,2059,77976,,,,,,,,15729,93705
Feb-1986,1508,,,,,,,,452,1960,78229,,,,,,,,15831,94060
Mar-1986,1326,,,,,,,,449,1775,67171,,,,,,,,21482,88654
Apr-1986,1571,,,,,,,,231,1802,79182,,,,,,,,8060,87243
May-1986,1407,,,,,,,,245,1652,73115,,,,,,,,10515,83630
Jun-1986,1338,,,,,,,,296,1634,69945,,,,,,,,9986,79930
Jul-1986,1540,,,,,,,,335,1875,85325,,,,,,,,14634,99959
Aug-1986,1313,,,,,,,,526,1839,70575,,,,,,,,25486,96062
Sep-1986,1492,,,,,,,,256,1748,80610,,,,,,,,8533,89142
Oct-1986,1653,,,,,,,,387,2040,87122,,,,,,,,13896,101018
Nov-1986,1454,,,,,,,,447,1901,75720,,,,,,,,23189,98909
Dec-1986,1385,,,,,,,,373,1758,75400,,,,,,,,14745,90145
Jan-1987,1176,,,,,,,,426,1602,64776,,,,,,,,19442,84218
Feb-1987,1254,,,,,,,,331,1585,67537,,,,,,,,11376,78912
Mar-1987,1427,,,,,,,,552,1979,80003,,,,,,,,23684,103687
Apr-1987,1369,,,,,,,,354,1723,76799,,,,,,,,13164,89962
May-1987,1607,,,,,,,,378,1985,91142,,,,,,,,21029,112171
Jun-1987,1778,,,,,,,,685,2463,92868,,,,,,,,28504,121372
Jul-1987,1852,,,,,,,,557,2409,101244,,,,,,,,24597,125841
Aug-1987,1713,,,,,,,,518,2231,99290,,,,,,,,28913,128203
Sep-1987,2015,,,,,,,,693,2708,120510,,,,,,,,27627,148137
Oct-1987,2045,,,,,,,,799,2844,121006,,,,,,,,30490,151496
Nov-1987,2165,,,,,,,,626,2791,126444,,,,,,,,26389,152833
Dec-1987,2099,,,,,,,,758,2857,124880,,,,,,,,28860,153740
Jan-1988,1776,,,,,,,,834,2610,105565,,,,,,,,32917,138483
Feb-1988,1981,,,,,,,,1070,3051,120888,,,,,,,,50490,171378
Mar-1988,2720,,,,,,,,1038,3758,164385,,,,,,,,100929,265314
Apr-1988,2010,,,,,,,,802,2812,124808,,,,,,,,48220,173028
May-1988,2566,,,,,,,,828,3394,160730,,,,,,,,37217,197947
Jun-1988,2669,,,,,,,,1140,3809,171158,,,,,,,,80220,251378
Jul-1988,2809,,,,,,,,903,3712,180306,,,,,,,,43065,223371
Aug-1988,3024,,,,,,,,1481,4505,194135,,,,,,,,119881,314016
Sep-1988,3290,,,,,,,,1352,4642,208085,,,,,,,,73087,281172
Oct-1988,3092,,,,,,,,1585,4677,207928,,,,,,,,82452,290380
Nov-1988,2942,,,,,,,,1396,4338,200484,,,,,,,,96882,297365
Dec-1988,2164,,,,,,,,1216,3380,158210,,,,,,,,78078,236288
Jan-1989,1902,,,,,,,,923,2825,138774,,,,,,,,60933,199706
Feb-1989,2472,,,,,,,,1261,3733,179885,,,,,,,,78734,258619
Mar-1989,2624,,,,,,,,1263,3887,195990,,,,,,,,80582,276572
Apr-1989,2631,,,,,,,,1061,3692,194375,,,,,,,,112422,306797
May-1989,2675,,,,,,,,1564,4239,206354,,,,,,,,187306,393660
Jun-1989,2306,,,,,,,,1180,3486,182462,,,,,,,,77332,259794
Jul-1989,1977,,,,,,,,1129,3106,156830,,,,,,,,98238,255067
Aug-1989,2298,,,,,,,,957,3255,183190,,,,,,,,79015,262205
Sep-1989,2017,,,,,,,,819,2836,160048,,,,,,,,63606,223654
Oct-1989,2427,,,,,,,,1129,3556,191545,,,,,,,,86430,277975
Nov-1989,2027,,,,,,,,1360,3387,164185,,,,,,,,77744,241929
Dec-1989,1737,,,,,,,,566,2303,144074,,,,,,,,32184,176258
Jan-1990,1502,,,,,,,,563,2065,120166,,,,,,,,30116,150283
Feb-1990,1801,,,,,,,,857,2658,153883,,,,,,,,68763,222646
Mar-1990,2055,,,,,,,,960,3015,166878,,,,,,,,65181,232059
Apr-1990,1612,,,,,,,,826,2438,133120,,,,,,,,115902,249021
May-1990,2174,,,,,,,,801,2975,183343,,,,,,,,73423,256766
Jun-1990,2003,,,,,,,,549,2552,165043,,,,,,,,27954,192997
Jul-1990,2144,,,,,,,,729,2873,185206,,,,,,,,36158,221364
Aug-1990,2074,,,,,,,,1060,3134,177958,,,,,,,,52199,230157
Sep-1990,1763,,,,,,,,763,2526,145164,,,,,,,,49922,195086
Oct-1990,2123,,,,,,,,577,2700,179983,,,,,,,,32736,212719
Nov-1990,1997,,,,,,,,764,2761,166875,,,,,,,,51680,218555
Dec-1990,1545,,,,,,,,482,2027,124017,,,,,,,,52723,176740
Jan-1991,1770,,,,,,,,465,2235,145492,,,,,,,,37971,183463
Feb-1991,1954,,,,,,,,752,2706,160853,,,,,,,,45756,206609
Mar-1991,1935,,,,,,,,766,2701,163508,,,,,,,,89634,253141
Apr-1991,2226,,,,,,,,604,2830,183430,,,,,,,,45681,229111
May-1991,2410,,,,,,,,839,3249,199019,,,,,,,,49009,248027
Jun-1991,2205,,,,,,,,567,2772,182172,,,,,,,,33969,216141
Jul-1991,2734,437,36,473,46,12,0,58,531,3265,229844,24325,2042,26367,3433,1960,0,5393,31760,261604
Aug-1991,2588,673,29,702,76,2,4,82,784,3372,215576,39254,2100,41354,7140,250,600,7990,49344,264920
Sep-1991,2454,708,48,756,0,36,0,36,792,3246,207010,43214,2430,45644,0,3440,0,3440,49084,256094
Oct-1991,3188,702,0,702,26,0,0,26,728,3916,262745,40585,0,40585,2270,0,0,2270,42855,305600
Nov-1991,2650,687,0,687,142,19,13,174,861,3511,215254,36135,0,36135,8118,1260,999,10377,46512,261767
Dec-1991,2062,797,5,802,42,0,32,74,876,2938,172184,47733,400,48133,11400,0,5000,16400,64533,236717
Jan-1992,2045,748,0,748,54,3,0,57,805,2850,170050,46849,0,46849,2803,198,0,3001,49850,219900
Feb-1992,2525,844,4,848,53,70,0,123,971,3496,210743,53808,200,54008,2650,4000,0,6650,60658,271401
Mar-1992,2546,823,33,856,54,69,15,138,994,3540,209872,50442,2535,52977,3670,5300,1000,9970,62947,272819
Apr-1992,2497,712,83,795,75,26,0,101,896,3393,200745,46877,4496,51373,4162,1000,0,5162,56535,257280
May-1992,2969,785,173,958,206,6,29,241,1199,4168,248567,44256,8545,52801,13194,520,1950,15664,68465,317033
Jun-1992,2772,447,384,831,384,128,61,573,1404,4176,234447,23229,26674,49903,22356,9505,4330,36191,86093,320541
Jul-1992,2927,326,40,366,377,112,27,516,882,3809,253972,19402,2289,21691,22517,13711,3110,39338,61029,315001
Aug-1992,2835,247,296,543,382,163,30,575,1118,3953,243018,14655,16390,31045,22781,13150,1650,37581,68626,311644
Sep-1992,2890,283,176,459,266,90,22,378,837,3727,240975,17387,10243,27630,15422,8668,1636,25726,53356,294332
Oct-1992,3207,333,185,518,308,93,11,412,930,4137,276935,20312,11797,32109,18051,6802,810,25663,57773,334708
Nov-1992,2911,434,224,658,190,39,21,250,908,3819,245135,25451,13584,39035,12495,3606,1800,17901,56936,302071
Dec-1992,2573,231,238,469,284,393,39,716,1185,3758,217483,15096,15843,30939,18272,32786,4700,55758,86697,304180
Jan-1993,2210,226,300,526,220,155,18,393,919,3129,189829,12786,20793,33580,13543,13059,1800,28402,61982,251811
Feb-1993,2541,208,232,440,324,65,47,436,876,3417,216068,11761,16646,28407,19898,5010,10400,35308,63715,279784
Mar-1993,3210,204,259,463,569,146,96,811,1274,4484,269452,11083,17521,28604,36269,10642,9841,56751,85355,354807
Apr-1993,2778,119,300,419,486,327,366,1179,1598,4376,230420,6268,20788,27056,29675,27044,40220,96939,123995,354415
May-1993,2804,373,309,682,743,221,19,983,1665,4469,241539,22957,20131,43087,49283,15401,1600,66283,109371,350909
Jun-1993,2995,310,311,621,841,250,0,1091,1712,4707,263504,18055,22643,40698,52086,19621,0,71707,112406,375910
Jul-1993,3196,361,247,608,520,184,169,873,1481,4677,278722,20341,15878,36219,29434,14189,19244,62867,99086,377808
Aug-1993,3120,251,236,487,816,183,44,1043,1530,4650,276042,13780,16976,30756,48489,13978,4900,67367,98123,374165
Sep-1993,3377,284,260,544,742,170,36,948,1492,4869,304022,16151,16903,33054,45700,12268,5300,63268,96322,400344
Oct-1993,3261,230,318,548,438,278,27,743,1291,4552,288029,13662,19635,33297,28379,22904,4936,56219,89517,377546
Nov-1993,3047,454,649,1103,339,126,165,630,1733,4780,267058,25069,41180,66249,18471,10773,21459,50703,116952,384011
Dec-1993,2780,258,527,785,220,227,123,570,1355,4135,245978,14367,38057,52424,12561,19764,9800,42125,94549,340527
Jan-1994,2520,213,345,558,125,189,173,487,1045,3565,219484,12981,22723,35704,7824,15515,14400,37739,73444,292928
Feb-1994,2567,197,501,698,296,184,208,688,1386,3953,224680,13265,31746,45011,22738,16995,25270,65003,110014,334694
Mar-1994,3365,254,431,685,339,228,400,967,1652,5017,301419,13664,31644,45308,20745,17495,89700,127940,173248,474667
Apr-1994,2655,195,524,719,303,187,157,647,1366,4021,234635,9868,36565,46433,16188,13199,12910,42297,88730,323365
May-1994,3610,327,724,1051,403,307,220,930,1981,5591,325108,18507,48143,66650,26334,26969,21742,75045,141695,466803
Jun-1994,3093,349,596,945,519,375,185,1079,2024,5117,288290,23972,42168,66140,32569,26976,30172,89717,155857,444147
Jul-1994,2982,342,276,618,360,281,249,890,1508,4490,278374,17208,19601,36809,25948,36988,26738,89673,126482,404856
Aug-1994,3410,401,353,754,445,296,432,1173,1927,5337,315133,22710,26847,49557,29337,20880,64296,114514,164071,479204
Sep-1994,3375,299,502,801,331,267,212,810,1611,4986,311381,17088,32546,49635,19006,19442,30838,69285,118920,430301
Oct-1994,2931,269,283,552,312,311,75,698,1250,4181,273100,16474,18464,34938,18289,22663,7457,48409,83347,356447
Nov-1994,3015,475,572,1047,147,170,18,335,1382,4397,279353,30195,37032,67227,9327,11727,1790,22844,90071,369424
Dec-1994,2290,418,197,615,64,111,126,301,916,3206,209419,27490,14310,41799,4698,8626,12345,25669,67468,276887
Jan-1995,2073,190,164,354,127,164,79,370,724,2797,196247,11412,12848,24261,9242,13000,6980,29222,53483,249730
Feb-1995,1961,123,320,443,85,170,243,498,941,2902,190087,6785,21914,28699,4735,13017,38900,56652,85351,275438
Mar-1995,2544,193,455,648,172,131,39,342,990,3534,240297,12656,30556,43212,11954,12071,1577,25601,68813,309110
Apr-1995,1796,273,91,364,133,137,361,631,995,2791,174374,16518,6018,22537,8882,7760,62100,78742,101278,275653
May-1995,2114,315,473,788,121,71,33,225,1013,3127,209491,20243,33805,54048,7918,6517,7290,21725,75773,285264
Jun-1995,2150,238,296,534,342,178,56,576,1110,3260,214198,14419,22879,37298,16577,14843,5500,36920,74218,288415
Jul-1995,1986,201,145,346,62,66,119,247,593,2579,189932,14167,9127,23294,3950,5028,9825,18803,42097,232029
Aug-1995,2102,253,288,541,35,73,150,258,799,2901,202186,15801,20268,36068,2172,7920,25350,35442,71510,273696
Sep-1995,1933,217,176,393,90,39,62,191,584,2517,186778,17731,15188,32919,7722,2550,14553,24825,57744,244522
Oct-1995,2030,188,138,326,71,55,12,138,464,2494,194066,11305,10936,22241,4632,5833,2000,12465,34706,228771
Nov-1995,2056,97,177,274,110,47,88,245,519,2575,199209,5841,12050,17891,8547,3090,13880,25517,43408,242617
Dec-1995,1501,217,238,455,44,100,114,258,713,2214,147942,13414,18497,31911,3300,10525,11440,25265,57175,205118
Jan-1996,1527,125,120,245,61,26,6,93,338,1865,150908,8382,11464,19846,4194,2365,390,6949,26795,177703
Feb-1996,1789,197,152,349,151,62,49,262,611,2400,174772,12174,11498,23672,11046,4323,7200,22569,46241,221014
Mar-1996,1921,153,240,393,53,16,35,104,497,2418,185791,8796,16265,25061,4816,1100,2748,8664,33724,219515
Apr-1996,2096,210,107,317,158,88,6,252,569,2665,205144,14934,9138,24073,13507,8422,4425,26354,50427,255570
May-1996,2019,132,101,233,165,177,454,796,1029,3048,201794,6151,6130,12281,11858,11801,114550,138209,150490,352284
Jun-1996,1861,155,91,246,244,90,144,478,724,2585,188567,10313,7224,17537,16420,5675,10490,32585,50122,238689
Jul-1996,2205,135,132,267,97,128,284,509,776,2981,232590,7742,9954,17696,6395,9533,39555,55483,73179,305769
Aug-1996,2046,208,207,415,241,124,92,457,872,2918,210432,12095,13981,26077,15552,10436,11800,37788,63865,274297
Sep-1996,1963,187,170,357,112,88,61,261,618,2581,202641,12106,13926,26032,8441,5080,6000,19521,45552,248194
Oct-1996,2312,269,215,484,60,106,333,499,983,3295,226778,14415,15630,30045,3968,8896,53369,66232,96277,323055
Nov-1996,2049,184,145,329,90,160,224,474,803,2852,203737,12218,14217,26434,5878,11959,44370,62207,88641,292378
Dec-1996,1619,49,225,274,99,232,29,360,634,2253,169625,3155,15708,18863,6515,19440,2500,28455,47318,216942
Jan-1997,1569,162,137,299,135,42,185,362,661,2230,155298,10634,10070,20704,10722,3240,23310,37272,57976,213274
Feb-1997,1804,235,204,439,96,89,258,443,882,2686,179914,13708,15930,29638,7280,7212,24390,38882,68520,248434
Mar-1997,1870,198,150,348,37,96,491,624,972,2842,192049,13158,13456,26613,2328,6610,41750,50688,77302,269351
Apr-1997,2052,230,140,370,184,95,36,315,685,2737,213800,12739,9012,21751,13085,5420,4190,22695,44446,258246
May-1997,2107,189,348,537,72,94,97,263,800,2907,223311,12774,24610,37384,4586,7691,25000,37277,74661,297972
Jun-1997,1937,130,256,386,110,95,11,216,602,2539,202308,8203,16828,25031,7632,6580,2252,16464,41496,243803
Jul-1997,2104,170,252,422,173,106,240,519,941,3045,224539,10579,18996,29575,12328,7280,56815,76423,105998,330537
Aug-1997,2284,154,225,379,203,107,48,358,737,3021,247552,9796,15494,25290,14565,9290,4975,28830,54119,301671
Sep-1997,2293,145,160,305,154,239,483,876,1181,3474,249226,9580,12905,22486,11108,13315,65592,90015,112501,361727
Oct-1997,2249,132,385,517,117,195,72,384,901,3150,234014,7577,28067,35644,7849,17267,8320,33435,69079,303093
Nov-1997,1768,219,200,419,135,195,46,376,795,2563,183294,17117,16646,33763,12523,12717,3850,29090,62853,246147
Dec-1997,1694,390,372,762,142,100,110,352,1114,2808,180905,17562,27700,45263,11212,7229,10370,28811,74074,254978
Jan-1998,1731,165,103,268,114,111,702,927,1195,2926,194897,9245,12552,21798,7566,14067,71210,92843,114641,309538
Feb-1998,1903,114,312,426,40,263,93,396,822,2725,205121,7972,26113,34086,3253,30255,8060,41568,75653,280775
Mar-1998,2134,276,233,509,187,83,100,370,879,3013,238680,18272,17946,36217,13777,5550,11587,30914,67132,305811
Apr-1998,1980,246,390,636,126,59,411,596,1232,3212,214684,17411,30336,47747,9093,4346,65569,79008,126755,341439
May-1998,2015,200,350,550,165,106,223,494,1044,3059,217006,12307,32043,44350,11750,8216,21574,41541,85891,302897
Jun-1998,1858,182,428,610,118,133,39,290,900,2758,203504,10922,30555,41476,9295,11535,3700,24530,66007,269511
Jul-1998,1843,159,275,434,93,131,29,253,687,2530,207801,9983,24459,34442,7193,10557,7200,24949,59391,267192
Aug-1998,1828,149,366,515,124,132,20,276,791,2619,205577,8149,24993,33142,10177,10094,1800,22071,55213,260790
Sep-1998,1976,307,539,846,89,107,77,273,1119,3095,221830,21064,42851,63915,5658,11044,6164,22866,86781,308611
Oct-1998,1973,177,345,522,43,70,128,241,763,2736,218171,12594,21771,34364,2791,8040,18400,29231,63596,281767
Nov-1998,1813,116,368,484,65,87,118,270,754,2567,201864,6568,28405,34973,5655,8530,9769,23954,58927,260791
Dec-1998,1435,153,236,389,288,138,78,504,893,2328,158379,9192,16254,25446,20921,8900,10400,40221,65667,224046
Jan-1999,1275,43,402,445,87,56,30,173,618,1893,139934,2637,28777,31414,5447,4000,2250,11697,43111,183046
Feb-1999,1775,78,181,259,121,105,24,250,509,2284,192490,5225,15546,20770,11140,7523,2300,20963,41733,234224
Mar-1999,1873,197,225,422,121,63,98,282,704,2577,219062,14606,20812,35418,8681,3707,12240,24627,60045,279107
Apr-1999,1738,103,158,261,123,79,171,373,634,2372,196007,7299,14842,22142,9062,11190,20950,41202,63344,259350
May-1999,1840,111,142,253,76,55,164,295,548,2388,213487,10017,12305,22322,5971,4114,20752,30836,53158,266646
Jun-1999,2022,211,223,434,294,48,42,384,818,2840,240359,15861,17884,33745,24030,3753,5761,33544,67289,307648
Jul-1999,1777,65,268,333,94,129,182,405,738,2515,224904,4660,20422,25082,7367,12809,25650,45826,70908,295812
Aug-1999,1877,118,84,202,136,143,69,348,550,2427,227201,7964,8933,16897,11654,16040,7500,35194,52091,279292
Sep-1999,2372,153,409,562,149,23,0,172,734,3106,286176,10797,39604,50401,12040,2185,0,14225,64626,350802
Oct-1999,2038,79,434,513,71,161,300,532,1045,3083,245970,6186,35542,41729,7082,14280,52360,73721,115450,361419
Nov-1999,2096,110,287,397,193,151,357,701,1098,3194,251313,8790,26416,35206,14105,14827,52100,81032,116237,367550
Dec-1999,2236,134,270,404,191,131,193,515,919,3155,282944,11391,27407,38798,17223,12653,32115,61991,100789,383733
Jan-2000,1806,149,411,560,105,93,163,361,921,2727,220457,14735,37806,52541,7562,7374,17520,32456,84997,305455
Feb-2000,2438,116,403,519,268,163,98,529,1048,3486,303260,10289,30602,40891,19931,18050,8860,46841,87732,390992
Mar-2000,2481,278,112,390,100,127,92,319,709,3190,305911,17547,9836,27383,8777,15950,11400,36127,63510,369421
Apr-2000,1803,264,219,483,174,94,306,574,1057,2860,217047,16621,20285,36906,18882,7750,63366,89998,126904,343951
May-2000,2345,160,217,377,252,192,397,841,1218,3563,289062,11922,18373,30295,21514,20284,52300,94098,124393,413455
Jun-2000,1136,244,147,391,330,78,127,535,926,2062,141757,15924,11590,27514,27185,7279,14080,48544,76057,217815
Jul-2000,1059,193,177,370,42,73,123,238,608,1667,132673,12958,14304,27261,3770,7035,10827,21632,48893,181566
Aug-2000,1395,207,186,393,71,129,252,452,845,2240,177685,13193,20430,33623,9191,10722,37825,57738,91362,269047
Sep-2000,1194,160,148,308,23,128,251,402,710,1904,152652,10374,16869,27243,1901,10950,42900,55751,82994,235647
Oct-2000,1281,61,215,276,86,46,215,347,623,1904,162914,4332,18910,23242,7412,3645,36707,47764,71006,233919
Nov-2000,1299,172,251,423,79,137,618,834,1257,2556,175718,13070,23157,36226,7476,14940,94635,117051,153278,328996
Dec-2000,949,78,219,297,56,90,240,386,683,1632,129360,6189,20300,26488,5363,6916,38507,50785,77274,206633
Jan-2001,1094,31,276,307,58,78,235,371,678,1772,151338,2664,28333,30997,4867,7215,32950,45032,76029,227367
Feb-2001,1132,56,90,146,120,14,133,267,413,1545,158147,4442,9819,14262,10328,1390,30850,42568,56829,214977
Mar-2001,1337,88,73,161,184,115,17,316,477,1814,179514,8227,7883,16110,12976,11710,5640,30326,46435,225949
Apr-2001,1414,77,110,187,48,93,324,465,652,2066,192758,10438,11472,21910,4494,10035,40050,54579,76489,269247
May-2001,2027,147,276,423,211,294,227,732,1155,3182,262701,11872,22454,34325,23196,31609,30868,85672,119998,382699
Jun-2001,1847,128,55,183,251,114,98,463,646,2493,245584,7862,4985,12847,20569,13098,12445,46112,58959,304544
Jul-2001,2137,100,178,278,92,64,117,273,551,2688,297534,8349,16966,25316,9553,6958,31100,47611,72927,370461
Aug-2001,2436,127,229,356,189,165,134,488,844,3280,326079,9378,21322,30701,14339,15375,14370,44084,74785,400864
Sep-2001,2106,95,259,354,123,28,372,523,877,2983,288962,9505,34498,44003,12080,2871,101295,116246,160249,449211
Oct-2001,2179,123,168,291,32,127,236,395,686,2865,288291,7237,16177,23414,3059,16705,55320,75083,98497,386788
Nov-2001,2394,55,39,94,17,86,562,665,759,3153,331486,4289,5434,9723,1650,8545,109971,120166,129889,461374
Dec-2001,1882,35,102,137,105,97,282,484,621,2503,261992,3243,10972,14215,5761,22012,50500,78273,92488,354480
Jan-2002,2009,131,77,208,22,96,177,296,504,2513,274007,12651,10600,23251,2070,7360,23375,32842,56093,330100
Feb-2002,2383,114,140,254,67,139,303,509,763,3146,334493,9631,19325,28956,6578,18328,73730,98636,127592,462085
Mar-2002,2161,130,166,296,72,100,893,1065,1361,3522,304862,10477,20401,30879,6060,14671,145015,165746,196625,501487
Apr-2002,2117,74,211,285,72,146,297,515,800,2917,312070,7628,23043,30671,4696,26776,56385,87857,118528,430597
May-2002,2586,117,121,238,85,71,283,439,677,3263,371300,12342,13667,26009,7335,10647,76090,94072,120082,491382
Jun-2002,2206,103,232,335,248,84,363,695,1030,3236,334559,9017,30640,39657,30235,11414,58500,100149,139805,474364
Jul-2002,2514,100,332,432,198,184,216,598,1030,3544,372330,8920,35821,44741,22993,25660,41020,89673,134414,506745
Aug-2002,2972,144,248,392,142,166,487,795,1187,4159,452285,14219,28698,42917,13193,20040,92115,125349,168266,620551
Sep-2002,2143,187,190,377,10,65,311,386,763,2906,320994,12674,19247,31920,1420,6472,51672,59563,91483,412478
Oct-2002,2514,367,259,626,314,255,1451,2020,2646,5160,381808,42916,34942,77858,27430,31580,398497,457507,535365,917173
Nov-2002,1992,104,134,238,89,210,669,968,1206,3198,300353,9920,15692,25612,12813,32830,131821,177464,203076,503430
Dec-2002,1898,148,248,396,60,8,532,600,996,2894,294177,14227,44068,58295,5577,800,105436,111813,170108,464285
Jan-2003,1921,122,215,337,58,160,408,626,963,2884,300941,10642,29188,39830,9680,24428,86050,120157,159987,460929
Feb-2003,2277,139,193,332,68,90,223,381,713,2990,364244,14650,25594,40243,7260,9775,30288,47323,87566,451811
Mar-2003,2479,249,192,441,134,89,872,1095,1536,4015,387459,20649,26355,47003,18504,12910,215612,247026,294029,681488
Apr-2003,2018,117,167,284,137,36,378,551,835,2853,330840,10686,19943,30629,11592,4460,87600,103652,134281,465121
May-2003,2449,114,243,357,119,234,373,726,1083,3532,415494,16089,33633,49722,21048,32754,104584,158386,208107,623602
Jun-2003,2451,101,258,359,173,113,154,441,800,3251,414980,9743,38016,47759,34441,13655,34897,83050,130809,545790
Jul-2003,3016,157,275,432,115,255,759,1129,1561,4577,505415,11813,39991,51804,17654,40670,139175,197499,249303,754718
Aug-2003,2635,291,444,735,179,97,157,433,1168,3803,449259,21248,48190,69438,22055,15966,35760,73780,143219,592477
Sep-2003,2668,111,291,402,167,229,697,1093,1495,4163,458871,12857,49441,62298,20048,34432,226609,281089,343386,802257
Oct-2003,2635,273,461,734,107,152,316,576,1310,3945,455485,26409,55290,81699,12012,20352,56618,89002,170701,626186
Nov-2003,2479,252,339,591,220,251,285,756,1347,3826,438733,26812,65216,92028,20980,33870,74923,129773,221801,660533
Dec-2003,2452,154,272,426,197,122,285,604,1030,3482,455259,17252,40759,58012,26344,17750,51317,95411,153422,608682
Jan-2004,2181,108,252,360,43,31,436,511,871,3052,397164,12713,41613,54326,5060,5733,108435,119326,173652,570816
Feb-2004,2364,133,221,354,115,108,231,454,808,3172,441611,14421,37908,52328,22157,13862,44107,80126,132454,574065
Mar-2004,2806,207,177,384,168,212,1236,1616,2000,4806,530743,25566,28180,53746,29186,30167,407405,466758,520504,1051246
Apr-2004,2100,93,207,300,69,41,773,883,1183,3283,414750,12881,29413,42294,13887,4539,216478,234904,277199,691948
May-2004,2169,163,241,404,115,213,140,468,872,3041,422241,14798,32979,47778,19078,34200,24456,77734,125512,547753
Jun-2004,2281,319,413,732,174,47,711,932,1664,3945,452912,40754,60397,101151,27947,8388,179243,215577,316728,769640
Jul-2004,2307,247,362,609,150,342,209,701,1310,3617,456470,25909,59113,85021,13237,59214,46790,119240,204261,660731
Aug-2004,2458,114,149,263,110,183,597,890,1153,3611,481936,15252,23975,39227,13643,32866,164350,210859,250085,732021
Sep-2004,2258,190,328,518,36,90,479,605,1123,3381,446352,25212,43537,68750,4570,12503,124338,141411,210160,656513
Oct-2004,2200,142,212,354,68,70,549,687,1041,3241,448014,17883,24762,42645,6923,10190,119083,136196,178841,626855
Nov-2004,2183,178,263,441,100,203,281,584,1025,3208,443270,24705,35603,60308,10665,54086,133520,198271,258579,701850
Dec-2004,1753,123,365,488,140,280,434,855,1343,3096,359874,17172,54628,71800,16559,35949,101428,153960,225760,585634
Jan-2005,1627,181,291,472,54,111,384,549,1021,2648,343813,21150,53019,74169,7588,18975,98402,124964,199133,542946
Feb-2005,1911,127,144,271,174,89,525,788,1059,2970,390983,16254,23713,39967,35847,16503,255990,308340,348307,739290
Mar-2005,2073,261,99,360,124,141,203,468,828,2901,429963,30908,20800,51708,20431,34759,65805,120996,172703,602666
Apr-2005,1886,145,160,305,193,158,203,554,859,2745,394780,18065,27616,45681,55577,44790,62549,162916,208597,603377
May-2005,2317,252,430,682,104,204,842,1150,1832,4149,509473,25983,58951,84934,17100,56872,244894,318866,403799,913273
Jun-2005,2247,167,313,480,144,193,598,936,1416,3663,472803,22663,47605,70268,30223,31015,151763,213091,283360,756162
Jul-2005,2218,223,247,470,51,57,877,985,1455,3673,474541,30177,53601,83778,8497,11847,237880,258224,342002,816544
Aug-2005,2455,214,225,439,45,209,289,543,982,3437,518594,20592,41986,62578,7573,36539,112956,157068,219647,738240
Sep-2005,1960,369,265,634,157,35,579,771,1405,3365,416486,42134,44648,86781,19837,7098,180038,206973,293755,710241
Oct-2005,2212,203,177,380,44,338,320,702,1082,3294,474924,26107,33588,59695,7517,51985,87547,147049,206743,681667
Nov-2005,2200,150,293,443,53,221,486,761,1204,3404,481914,21278,34497,55775,8630,25613,144135,178453,234228,716142
Dec-2005,1712,120,233,353,67,88,377,532,885,2597,361977,13067,39262,52330,12754,9465,61910,84129,136458,498435
Jan-2006,1569,112,164,276,35,15,295,347,623,2192,350942,16947,33661,50608,7780,2900,98211,109004,159612,510554
Feb-2006,2222,185,237,422,82,59,355,496,918,3140,497512,25958,39986,65944,14714,7736,112338,134787,200732,698243
Mar-2006,2386,136,351,487,149,201,493,843,1330,3716,509946,17976,51334,69310,20680,28866,153244,202790,272100,782047
Apr-2006,1790,160,179,339,156,35,53,244,583,2373,399717,19475,38355,57830,32711,8502,21175,62388,120218,519935
May-2006,2427,173,163,336,53,144,456,653,989,3416,537929,25330,29631,54961,7940,24379,103767,136086,191047,728976
Jun-2006,2291,161,374,535,131,50,660,842,1377,3668,517569,25334,60431,85765,24394,9353,192774,226570,312336,829904
Jul-2006,2386,262,189,451,50,133,646,829,1280,3666,539963,25327,38093,63420,6905,28390,155250,190544,253964,793928
Aug-2006,2480,206,393,599,76,138,271,485,1084,3564,561822,25939,56423,82362,19182,20899,77500,117581,199943,761765
Sep-2006,2471,193,198,391,52,208,316,576,967,3438,563662,33445,37452,70897,8196,37130,76549,121876,192773,756435
Oct-2006,2487,113,489,602,131,41,360,532,1134,3621,554757,17523,63242,80766,18809,9008,131121,158937,239703,794460
Nov-2006,2575,223,218,441,80,82,308,470,911,3486,589879,30396,44220,74616,17182,13980,76450,107612,182228,772106
Dec-2006,2041,121,247,368,57,56,348,461,829,2870,462062,15673,35298,50971,10608,11717,92423,114749,165720,627782
Jan-2007,1985,158,237,395,65,99,559,723,1118,3103,475477,22339,43063,65402,9553,20187,186320,216060,281462,756939
Feb-2007,2331,108,308,416,90,158,406,655,1071,3402,558631,15929,49747,65675,13616,30758,80474,124897,190573,749204
Mar-2007,2459,137,525,662,34,64,444,543,1205,3664,572135,25170,76643,101813,6031,17679,154565,178330,280143,852278
Apr-2007,2348,135,289,424,71,140,181,392,816,3164,552868,20927,60034,80961,11440,37211,80293,128944,209905,762772
May-2007,2748,105,273,378,40,69,312,421,799,3547,662274,15171,49707,64877,6340,18421,103124,127884,192761,855035
Jun-2007,2555,158,251,409,132,340,689,1161,1570,4125,611174,21674,42421,64095,23469,62094,134977,220540,284635,895809
Jul-2007,2565,131,253,384,131,487,489,1107,1491,4056,601051,21791,46239,68030,30114,96778,236802,363694,431724,1032775
Aug-2007,3170,241,478,719,67,61,269,397,1116,4286,771486,37612,83098,120710,12353,10910,91291,114554,235263,1006749
Sep-2007,2728,158,222,380,77,119,361,557,937,3665,675200,25671,44657,70328,13187,25500,128806,167493,237822,913022
Oct-2007,3167,101,573,674,315,25,1107,1447,2121,5288,773549,13599,96284,109883,41416,3404,458400,503220,613103,1386652
Nov-2007,2747,192,248,440,72,290,277,639,1079,3826,677868,25704,60277,85981,14950,131310,120865,267125,353105,1030974
Dec-2007,2048,143,309,452,269,96,982,1347,1799,3847,519128,34294,48042,82337,41708,13600,197100,252408,334744,853872
Jan-2008,2180,122,252,374,68,14,484,566,940,3120,548907,18684,43867,62551,13865,2650,144385,160900,223452,772359
Feb-2008,2518,97,273,370,93,90,363,546,916,3434,670685,14422,63158,77580,21980,14695,104569,141244,218824,889509
Mar-2008,2035,74,116,190,24,46,497,567,757,2792,526169,11758,21897,33655,3894,6214,142371,152480,186134,712303
Apr-2008,2415,345,303,648,57,225,881,1163,1811,4226,617401,50044,58613,108657,12426,31677,466183,510286,618944,1236345
May-2008,2371,238,277,515,0,72,189,261,776,3147,642957,44711,67040,111751,0,16366,103407,119773,231524,874481
Jun-2008,2430,296,501,797,58,108,61,227,1024,3454,650670,47330,90101,137431,11333,16616,30500,58449,195880,846550
Jul-2008,2333,141,355,496,88,109,316,513,1009,3342,628076,19967,77042,97009,15579,19200,104500,139279,236288,864364
Aug-2008,1918,267,132,399,260,113,416,789,1188,3106,519103,41192,35975,77167,22117,26143,126954,175214,252380,771484
Sep-2008,1919,99,289,388,33,76,780,890,1278,3197,500578,15507,49945,65452,6142,15700,327619,349601,415053,915631
Oct-2008,1941,100,233,333,29,81,703,813,1146,3087,514655,17488,51826,69314,4183,16287,488526,508996,578310,1092965
Nov-2008,1588,64,149,213,72,29,368,469,682,2270,414884,10468,35955,46423,12656,3302,185700,201658,248081,662965
Dec-2008,1241,90,74,164,144,55,118,317,481,1722,324145,15171,14749,29920,14454,10800,39200,64454,94375,418520
Jan-2009,1103,27,66,93,43,123,130,296,389,1492,290386,4045,13323,17368,7835,13233,47800,68868,86236,376621
Feb-2009,1404,121,77,198,34,92,88,214,412,1816,370172,22433,15886,38319,9500,60409,28626,98536,136855,507027
Mar-2009,1589,66,201,267,166,29,167,362,629,2218,420674,9730,32986,42716,20214,7838,71950,100002,142718,563392
Apr-2009,1633,46,246,292,78,104,314,496,788,2421,414610,6851,40194,47044,13848,31152,82973,127972,175016,589627
May-2009,1778,88,116,204,84,56,220,360,564,2342,444127,14764,21210,35974,12971,10953,60500,84424,120399,564526
Jun-2009,1953,58,194,252,167,116,0,283,535,2488,504337,9683,38656,48339,26297,13198,0,39495,87834,592171
Jul-2009,2136,134,282,416,78,12,260,350,766,2902,531320,23434,59833,83268,12839,4534,69167,86540,169808,701128
Aug-2009,2171,99,110,209,115,18,140,273,482,2653,550097,14656,18602,33257,16608,3521,42533,62663,95920,646017
Sep-2009,2142,134,281,415,70,29,451,550,965,3107,550552,25123,64079,89202,11548,5775,105500,122824,212026,762578
Oct-2009,2415,139,239,378,122,53,0,175,553,2968,639550,23318,33120,56438,19031,7454,0,26486,82924,722474
Nov-2009,2338,139,182,321,160,67,323,550,871,3209,598383,21847,44063,65910,28936,13745,91100,133780,199690,798073
Dec-2009,1750,100,231,331,208,66,382,656,987,2737,440928,19831,40491,60321,41267,11503,98240,151010,211331,652259
Jan-2010,1570,90,271,361,192,41,191,424,785,2355,404351,15189,61039,76229,35663,8141,34185,77989,154218,558568
Feb-2010,1986,250,133,383,217,34,339,590,973,2959,518551,51158,30335,81493,41828,8892,66856,117576,199069,717620
Mar-2010,2414,157,320,477,623,100,126,849,1326,3740,630961,27035,65244,92278,135625,19119,26131,180875,273153,904114
Apr-2010,1859,110,162,272,226,192,598,1016,1288,3147,511436,18634,28672,47306,39362,32039,117105,188506,235812,747247
May-2010,2074,251,177,428,341,260,99,700,1128,3202,542317,40305,39270,79575,60666,46144,25249,132058,211633,753951
Jun-2010,1983,246,275,521,269,200,329,798,1319,3302,546382,42185,47249,89434,50062,30292,118347,198700,288134,834517
Jul-2010,2061,139,196,335,98,34,147,279,614,2675,530265,28416,34803,63218,15710,6390,76900,99000,162219,692484
Aug-2010,2041,138,128,266,141,15,215,371,637,2678,541309,26222,25631,51853,23832,2500,44730,71062,122915,664224
Sep-2010,1929,194,343,537,130,129,91,350,887,2816,520754,33375,55235,88610,20564,26977,21155,68696,157306,678060
Oct-2010,1826,168,455,623,62,176,89,327,950,2776,495489,32250,100306,132557,14246,77909,28995,121150,253706,749195
Nov-2010,1828,262,188,450,93,130,173,396,846,2674,486402,53525,37581,91107,16144,24201,55569,95913,187020,673422
Dec-2010,1395,231,315,546,40,67,361,468,1014,2409,368567,36449,49305,85754,9369,11465,72673,93507,179261,547828
Jan-2011,1034,72,138,210,63,44,594,701,911,1945,272901,15684,27297,42982,10895,8677,130524,150096,193078,465979
Feb-2011,1271,115,274,389,37,83,174,294,683,1954,354124,20617,46629,67245,6766,16935,55311,79013,146258,500382
Mar-2011,1707,143,166,309,112,39,74,225,534,2241,449436,25848,27726,53574,28122,7518,12723,48362,101937,551373
Apr-2011,1356,58,519,577,56,46,235,337,914,2270,374244,11543,81948,93491,12232,22790,46200,81222,174713,548956
May-2011,1556,110,281,391,84,212,381,677,1068,2624,433390,21782,49435,71218,12146,36435,109216,157796,229014,662403
Jun-2011,1544,87,257,344,151,248,173,572,916,2460,421964,17593,43594,61187,25799,46902,45700,118400,179588,601551
Jul-2011,1200,173,229,402,112,106,237,455,857,2057,332015,32736,44690,77427,12657,19594,64650,96902,174328,506343
Aug-2011,1657,129,179,308,151,102,1032,1285,1593,3250,441378,24085,21831,45916,25976,20719,270861,317557,363473,804851
Sep-2011,1480,126,308,434,58,56,342,456,890,2370,404642,22975,37030,60005,14453,7860,82922,105235,165239,569881
Oct-2011,1413,266,96,362,65,47,36,148,510,1923,375051,55665,19444,75109,12388,8172,36000,56560,131670,506721
Nov-2011,1674,96,186,282,132,32,57,221,503,2177,450685,15803,35471,51275,23697,6073,10180,39950,91225,541910
Dec-2011,1292,133,328,461,14,72,468,554,1015,2307,326458,23998,58966,82964,2396,12093,102467,116956,199921,526378
Jan-2012,1278,119,61,180,69,66,0,135,315,1593,324026,28478,15196,43674,12022,14192,0,26214,69888,393914
Feb-2012,1673,135,118,253,64,100,271,435,688,2361,442083,21943,22154,44097,10336,28719,52305,91359,135456,577539
Mar-2012,1769,74,195,269,34,28,68,130,399,2168,444920,10757,28811,39568,4794,4700,14345,23839,63407,508327
Apr-2012,1287,102,107,209,150,44,347,541,750,2037,326969,19036,19442,38478,42923,8850,99178,150951,189428,516397
May-2012,1764,139,95,234,104,37,305,446,680,2444,473292,24208,19941,44149,12701,7259,86564,106523,150672,623964
Jun-2012,1757,105,376,481,59,73,523,655,1136,2893,476963,19255,66016,85271,8721,12249,152476,173446,258718,735681
Jul-2012,1846,115,145,260,146,57,148,351,611,2457,485014,21619,27949,49568,27467,11829,32900,72196,121764,606778
Aug-2012,1874,242,350,592,72,69,35,176,768,2642,507386,35176,83001,118177,13317,11624,8624,33564,151742,659128
Sep-2012,1539,121,509,630,132,75,232,439,1069,2608,413241,23605,85761,109366,22066,15655,44100,81821,191187,604428
Oct-2012,1675,244,264,508,243,95,250,588,1096,2771,471757,51275,55897,107172,55251,19629,57360,132241,239413,711169
Nov-2012,1538,433,163,596,99,21,395,515,1111,2649,419930,50125,35673,85798,16952,4574,92781,114307,200105,620036
Dec-2012,1214,117,312,429,247,45,254,546,975,2189,325723,22700,79031,101731,43427,8400,98144,149971,251702,577425
Jan-2013,1313,146,233,379,34,169,38,241,620,1933,347652,28122,38349,66471,6371,33494,8500,48366,114837,462489
Feb-2013,1567,175,492,667,56,69,135,260,927,2494,446810,28338,76613,104950,37595,12851,32300,82745,187696,634506
Mar-2013,1441,117,260,377,422,114,459,995,1372,2813,398849,20403,62851,83254,96446,20233,123402,240082,323336,722185
Apr-2013,1580,206,144,350,85,66,370,521,871,2451,438122,33537,26865,60402,15968,15678,100390,132036,192438,630560
May-2013,1719,173,359,532,145,77,387,609,1141,2860,477001,33490,65338,98828,27112,16765,103242,147119,245947,722949
Jun-2013,1606,219,214,433,120,20,538,678,1111,2717,424172,34822,37116,71938,25821,3062,138460,167343,239281,663453
Jul-2013,1993,217,278,495,30,81,313,424,919,2912,531089,37795,60207,98003,4990,13640,77869,96499,194502,725591
Aug-2013,1784,268,409,677,172,94,418,684,1361,3145,483915,46388,70823,117211,26996,17965,87742,132702,249914,733829
Sep-2013,1753,458,443,901,82,107,591,780,1681,3434,472483,89023,76102,165124,16235,21485,171295,209016,374140,846623
Oct-2013,1881,378,503,881,56,291,660,1007,1888,3769,513566,74933,121688,196621,13987,64247,176022,254255,450876,964442
Nov-2013,1748,214,225,439,182,152,1506,1840,2279,4027,463136,37465,45058,82523,38950,29011,418027,485988,568511,1031647
Dec-2013,1311,126,282,408,116,88,1325,1529,1937,3248,351554,25973,56927,82900,18224,16148,281082,315454,398354,749908
Jan-2014,1605,197,129,326,95,105,747,947,1273,2878,415325,32911,42787,75697,24695,24951,185823,235469,311167,726491
Feb-2014,1707,216,231,447,241,72,433,746,1193,2900,447064,33015,47129,80144,47305,13722,94238,155266,235410,682474
Mar-2014,1749,160,165,325,37,200,539,776,1101,2850,459485,26061,36754,62814,7971,36762,137184,181916,244731,704216
Apr-2014,1717,119,291,410,67,25,158,250,660,2377,474847,18628,56042,74670,12361,4295,28901,45557,120227,595073
May-2014,2046,277,303,580,36,92,1247,1375,1955,4001,545129,43778,55962,99741,7312,20048,337269,364629,464370,1009499
Jun-2014,2107,136,241,377,127,143,871,1141,1518,3625,577790,24338,52564,76902,26529,32303,342004,400836,477738,1055528
Jul-2014,2063,224,366,590,160,165,446,771,1361,3424,545486,38015,77709,115724,30495,32913,101411,164820,280544,826031
Aug-2014,2100,163,392,555,28,297,944,1269,1824,3924,561258,29306,77950,107257,4229,64445,277330,346004,453261,1014519
Sep-2014,2102,173,276,449,190,162,411,763,1212,3314,567593,29465,57346,86811,33231,30452,83309,146992,233804,801396
Oct-2014,2089,140,338,478,149,124,742,1015,1493,3582,570133,26528,61993,88520,32513,24181,180666,237360,325880,896014
Nov-2014,1987,137,490,627,84,68,950,1102,1729,3716,541901,25336,113315,138650,14128,14957,224093,253178,391828,933729
Dec-2014,1655,120,323,443,179,97,1021,1297,1740,3395,438352,24286,60920,85206,35930,18008,215234,269173,354379,792731
Jan-2015,1663,149,537,686,3,76,2296,2375,3061,4724,438804,23756,106430,130186,559,14118,707973,722649,852834,1291638
Feb-2015,1740,166,419,585,49,98,931,1078,1663,3403,458720,26908,73035,99943,10915,18190,219708,248813,348756,807476
Mar-2015,1970,212,512,724,13,124,1401,1538,2262,4232,535535,37228,101142,138370,1968,32270,499585,533823,672193,1207729
Apr-2015,1821,153,406,559,31,142,1088,1261,1820,3641,506875,26781,82763,109543,6433,28456,266974,301862,411406,918281
May-2015,1775,182,425,607,92,205,1482,1779,2386,4161,496466,27527,88400,115926,18326,45895,348352,412573,528500,1024966
Jun-2015,2183,155,394,549,44,109,1855,2008,2557,4740,579017,27834,80509,108343,7781,20739,478243,506763,615106,1194123
Jul-2015,2356,180,393,573,55,143,634,832,1405,3761,645755,29035,84546,113580,8920,30112,143668,182700,296280,942035
Aug-2015,2109,225,380,605,42,176,835,1053,1658,3767,576451,35224,77512,112736,9576,34736,197624,241937,354673,931123
Sep-2015,2275,201,377,578,46,174,2616,2836,3414,5689,639424,43449,92999,136448,9993,32891,1046771,1089656,1226103,1865527
Oct-2015,2011,130,573,703,69,175,1290,1534,2237,4248,561150,23525,132186,155711,14384,40340,384286,439011,594722,1155872
Nov-2015,1949,215,577,792,55,113,1505,1673,2465,4414,556630,35357,104032,139389,10436,24168,463970,498574,637963,1194593
Dec-2015,1878,100,623,723,72,201,769,1042,1765,3643,511936,16824,118245,135069,15941,42140,210706,268787,403855,915792
Jan-2016,1520,142,361,503,43,140,1735,1918,2421,3941,435436,22627,74865,97492,7181,29406,501071,537658,635150,1070587
Feb-2016,2014,237,652,889,31,222,856,1109,1998,4012,550637,36655,154251,190906,7880,50391,233171,291443,482348,1032985
Mar-2016,2053,159,643,802,27,71,1418,1516,2318,4371,584577,34324,149278,183602,4325,13782,383921,402028,585630,1170207
Apr-2016,1830,174,615,789,13,172,2174,2359,3148,4978,527361,27717,137879,165596,3192,47293,724805,775290,940886,1468246
May-2016,2118,224,614,838,79,108,858,1045,1883,4001,605396,32611,146275,178886,16886,25918,221489,264293,443180,1048576
Jun-2016,2441,284,447,731,79,106,776,961,1692,4133,683349,48594,109690,158285,16183,31812,195788,243783,402067,1085416
Jul-2016,2134,267,510,777,36,63,1303,1402,2179,4313,610882,52980,101811,154791,6597,17277,360309,384183,538975,1149857
Aug-2016,2143,172,631,803,16,34,1189,1239,2042,4185,630529,27269,135471,162740,2730,6000,359305,368035,530775,1161304
Sep-2016,2205,169,702,871,8,67,966,1041,1912,4117,621417,26336,166978,193314,1046,17249,296400,314695,508010,1129427
Oct-2016,2112,184,444,628,39,29,521,589,1217,3329,599776,35544,108383,143928,10219,5743,162606,178568,322495,922271
Nov-2016,2249,188,448,636,23,44,399,466,1102,3351,630442,39567,101534,141101,4794,10027,113283,128105,269206,899648
Dec-2016,1601,139,544,683,19,79,483,581,1264,2865,459682,24374,122141,146515,2891,17118,108466,128474,274989,734672
Jan-2017,1622,85,314,399,48,86,214,348,747,2369,453259,15065,72960,88025,10579,24750,128800,164129,252154,705412
Feb-2017,2008,162,315,477,15,76,829,920,1397,3405,586976,28843,67935,96778,2242,16389,820761,839391,936169,1523145
Mar-2017,2011,250,460,710,35,61,472,568,1278,3289,595219,71584,107821,179405,7767,15922,146881,170570,349976,945194
Apr-2017,1572,215,673,888,3,67,1525,1595,2483,4055,454158,45475,157183,202658,250,13894,500515,514659,717316,1171474
May-2017,2343,216,438,654,31,75,653,759,1413,3756,696338,36324,106582,142906,6231,22486,285078,313795,456702,1153040
Jun-2017,2625,98,683,781,14,49,513,576,1357,3982,784347,17821,170141,187962,3752,15375,162566,181694,369656,1154003
Jul-2017,2249,125,334,459,22,68,668,758,1217,3466,634494,22072,79358,101430,4627,15977,216535,237138,338568,973062
Aug-2017,2668,211,513,724,17,156,786,959,1683,4351,758584,40063,127342,167405,2768,38441,256284,297493,464898,1223482
Sep-2017,2318,355,386,741,17,56,321,394,1135,3453,657803,90447,89648,180095,3880,12989,108480,125349,305444,963247
Oct-2017,2443,119,514,633,4,29,331,364,997,3440,715601,24541,129784,154325,1695,9000,77289,87984,242310,957911
Nov-2017,2330,230,318,548,0,13,823,836,1384,3714,691989,44138,99868,144007,0,3590,281743,285333,429340,1121329
Dec-2017,1804,140,384,524,7,30,688,725,1249,3053,535765,29134,83061,112195,2145,8158,220945,231248,343443,879208
Jan-2018,1530,138,345,483,6,58,1119,1183,1666,3196,451031,26859,94814,121673,685,14294,339720,354699,476372,927404
Feb-2018,2169,121,395,516,27,148,812,987,1503,3672,629576,22586,112329,134915,6380,35620,248788,290788,425702,1055278
Mar-2018,2395,196,554,750,0,84,643,727,1477,3872,669223,41606,142683,184288,0,20916,177021,197937,382226,1051449
Apr-2018,1971,80,221,301,22,12,1234,1268,1569,3540,565557,16672,58574,75246,2299,2280,459193,463772,539017,1104574
May-2018,2099,110,371,481,12,32,379,423,904,3003,637451,22854,97674,120528,3420,8070,155941,167431,287959,925409
Jun-2018,2625,156,752,908,63,18,730,811,1719,4344,743527,31654,185010,216663,16420,4785,214248,235453,452116,1195644
Jul-2018,2235,264,560,824,38,89,648,775,1599,3834,660047,58856,152224,211081,9781,23129,253569,286479,497560,1157606
Aug-2018,2179,41,901,942,6,0,659,665,1607,3786,660441,8357,228642,236999,785,0,307981,308767,545765,1206207
Sep-2018,1863,115,253,368,13,7,411,431,799,2662,571303,21631,77916,99547,2090,805,155755,158649,258197,829500
Oct-2018,2161,149,244,393,6,8,389,403,796,2957,654744,32147,58551,90699,1500,2310,122717,126527,217226,871970
Nov-2018,1799,112,457,569,29,17,391,437,1006,2805,529970,22420,142798,165218,5821,4740,167463,178024,343242,873211
Dec-2018,1334,84,232,316,0,24,390,414,730,2064,437826,14795,61793,76588,0,5341,122379,127720,204309,642135
Jan-2019,1383,77,194,271,16,18,287,321,592,1975,412454,16210,48183,64393,1700,3940,80365,86005,150398,562852
Feb-2019,1719,100,350,450,38,45,171,254,704,2423,516831,17581,81687,99268,8812,26169,48481,83461,182729,699560
Mar-2019,1648,93,167,260,6,30,363,399,659,2307,508360,17946,45935,63881,1452,7216,108543,117211,181092,689452
Apr-2019,1463,57,535,592,0,9,657,666,1258,2721,445972,8937,127061,135998,0,2341,207986,210327,346325,792297
May-2019,1811,82,300,382,41,7,571,619,1001,2812,569075,15502,86876,102379,15833,3000,352483,371316,473695,1042770
Jun-2019,1861,128,247,375,96,92,215,403,778,2639,551617,26905,68538,95442,24487,26642,67671,118800,214242,765859
Jul-2019,1871,72,204,276,36,22,935,993,1269,3140,592128,14125,54870,68995,9686,5900,319464,335050,404045,996173
Aug-2019,1673,99,186,285,23,26,364,413,698,2371,511759,17496,51170,68666,13519,7882,117823,139224,207890,719649
Sep-2019,1766,71,342,413,0,10,520,530,943,2709,559443,12503,86686,99188,0,2356,244151,246506,345695,905138
Oct-2019,1878,91,241,332,8,12,493,513,845,2723,580950,19784,59425,79208,1520,7800,237427,246747,325956,906905
Nov-2019,1771,108,114,222,8,11,454,473,695,2466,543017,19879,30322,50200,2500,6650,140877,150027,200227,743244
Dec-2019,1429,117,181,298,13,0,148,161,459,1888,449828,20378,51003,71381,2970,0,60753,63723,135104,584932
Jan-2020,1363,118,256,374,0,24,315,339,713,2076,417432,30949,75482,106431,0,5815,91955,97770,204202,621633
Feb-2020,1755,96,249,345,10,21,188,219,564,2319,537819,19400,53100,72500,1865,5133,49898,56897,129397,667216
Mar-2020,1665,139,191,330,20,5,328,353,683,2348,516577,24275,54199,78474,9132,2200,88706,100038,178513,695090
Apr-2020,1654,187,196,383,0,0,557,557,940,2594,503270,28809,52586,81395,0,0,191163,191163,272558,775829
May-2020,1553,108,470,578,36,23,144,203,781,2334,470776,19001,127383,146383,8245,6750,44000,58996,205379,676156
Jun-2020,1718,114,277,391,17,103,243,363,754,2472,540861,19385,77765,97150,5456,29041,124849,159346,256496,797357
Jul-2020,1757,146,356,502,4,29,371,404,906,2663,542800,27546,118244,145790,1200,11198,109526,121924,267713,810514
Aug-2020,1764,120,285,405,15,57,314,386,791,2555,560933,19001,74714,93715,3610,28013,173800,205423,299138,860071