,Total number of dwelling units ;  Western Australia ;  New ;  Houses ;,"Total number of dwelling units ;  Western Australia ;  New ;  Semi-detached, row or terrace houses, townhouses - One storey ;","Total number of dwelling units ;  Western Australia ;  New ;  Semi-detached, row or terrace houses, townhouses - Two or more storeys ;","Total number of dwelling units ;  Western Australia ;  New ;  Semi-detached, row or terrace houses, townhouses - Total ;",Total number of dwelling units ;  Western Australia ;  New ;  Flats units or apartments - In a one or two storey block ;,Total number of dwelling units ;  Western Australia ;  New ;  Flats units or apartments - In a three storey block ;,Total number of dwelling units ;  Western Australia ;  New ;  Flats units or apartments - In a four or more storey block ;,Total number of dwelling units ;  Western Australia ;  New ;  Flats units or apartments - Total including those attached to a house ;,Total number of dwelling units ;  Western Australia ;  New ;  Total Other Residential ;,Total number of dwelling units ;  Western Australia ;  New ;  Total Residential ;,Total value of building jobs ;  Western Australia ;  New ;  Houses ;,"Total value of building jobs ;  Western Australia ;  New ;  Semi-detached, row or terrace houses, townhouses - One storey ;","Total value of building jobs ;  Western Australia ;  New ;  Semi-detached, row or terrace houses, townhouses - Two or more storeys ;","Total value of building jobs ;  Western Australia ;  New ;  Semi-detached, row or terrace houses, townhouses - Total ;",Total value of building jobs ;  Western Australia ;  New ;  Flats units or apartments - In a one or two storey block ;,Total value of building jobs ;  Western Australia ;  New ;  Flats units or apartments - In a three storey block ;,Total value of building jobs ;  Western Australia ;  New ;  Flats units or apartments - In a four or more storey block ;,Total value of building jobs ;  Western Australia ;  New ;  Flats units or apartments - Total including those attached to a house ;,Total value of building jobs ;  Western Australia ;  New ;  Total Other Residential ;,Total value of building jobs ;  Western Australia ;  New ;  Total Residential ;
Unit,Number,Number,Number,Number,Number,Number,Number,Number,Number,Number,$'000,$'000,$'000,$'000,$'000,$'000,$'000,$'000,$'000,$'000
Series Type,Original,Original,Original,Original,Original,Original,Original,Original,Original,Original,Original,Original,Original,Original,Original,Original,Original,Original,Original,Original
Data Type,FLOW,FLOW,FLOW,FLOW,FLOW,FLOW,FLOW,FLOW,FLOW,FLOW,FLOW,FLOW,FLOW,FLOW,FLOW,FLOW,FLOW,FLOW,FLOW,FLOW
Frequency,Month,Month,Month,Month,Month,Month,Month,Month,Month,Month,Month,Month,Month,Month,Month,Month,Month,Month,Month,Month
Collection Month,1,1,1,1,1,1,1,1,1,1,1,1,1,1,1,1,1,1,1,1
Series Start,Jul-1970,Jul-1991,Jul-1991,Jul-1991,Jul-1991,Jul-1991,Jul-1991,Jul-1991,Jul-1970,Jan-1956,Jul-1970,Jul-1991,Jul-1991,Jul-1991,Jul-1991,Jul-1991,Jul-1991,Jul-1991,Jul-1970,Jul-1970
Series End,Aug-2020,Aug-2020,Aug-2020,Aug-2020,Aug-2020,Aug-2020,Aug-2020,Aug-2020,Aug-2020,Aug-2020,Aug-2020,Aug-2020,Aug-2020,Aug-2020,Aug-2020,Aug-2020,Aug-2020,Aug-2020,Aug-2020,Aug-2020
No. Obs,602,350,350,350,350,350,350,350,602,776,602,350,350,350,350,350,350,350,602,602
Series ID,A418815L,A416151W,A423274C,A416790T,A423901C,A424501K,A425065V,A417441L,A419527L,A420252K,A418817T,A416153A,A423276J,A416792W,A423903J,A424503R,A425067X,A417443T,A419529T,A420254R
Jan-1956,,,,,,,,,,370,,,,,,,,,,
Feb-1956,,,,,,,,,,492,,,,,,,,,,
Mar-1956,,,,,,,,,,384,,,,,,,,,,
Apr-1956,,,,,,,,,,367,,,,,,,,,,
May-1956,,,,,,,,,,410,,,,,,,,,,
Jun-1956,,,,,,,,,,335,,,,,,,,,,
Jul-1956,,,,,,,,,,383,,,,,,,,,,
Aug-1956,,,,,,,,,,528,,,,,,,,,,
Sep-1956,,,,,,,,,,495,,,,,,,,,,
Oct-1956,,,,,,,,,,525,,,,,,,,,,
Nov-1956,,,,,,,,,,603,,,,,,,,,,
Dec-1956,,,,,,,,,,418,,,,,,,,,,
Jan-1957,,,,,,,,,,497,,,,,,,,,,
Feb-1957,,,,,,,,,,629,,,,,,,,,,
Mar-1957,,,,,,,,,,562,,,,,,,,,,
Apr-1957,,,,,,,,,,534,,,,,,,,,,
May-1957,,,,,,,,,,603,,,,,,,,,,
Jun-1957,,,,,,,,,,518,,,,,,,,,,
Jul-1957,,,,,,,,,,566,,,,,,,,,,
Aug-1957,,,,,,,,,,757,,,,,,,,,,
Sep-1957,,,,,,,,,,501,,,,,,,,,,
Oct-1957,,,,,,,,,,492,,,,,,,,,,
Nov-1957,,,,,,,,,,415,,,,,,,,,,
Dec-1957,,,,,,,,,,364,,,,,,,,,,
Jan-1958,,,,,,,,,,486,,,,,,,,,,
Feb-1958,,,,,,,,,,376,,,,,,,,,,
Mar-1958,,,,,,,,,,435,,,,,,,,,,
Apr-1958,,,,,,,,,,426,,,,,,,,,,
May-1958,,,,,,,,,,502,,,,,,,,,,
Jun-1958,,,,,,,,,,469,,,,,,,,,,
Jul-1958,,,,,,,,,,586,,,,,,,,,,
Aug-1958,,,,,,,,,,444,,,,,,,,,,
Sep-1958,,,,,,,,,,582,,,,,,,,,,
Oct-1958,,,,,,,,,,489,,,,,,,,,,
Nov-1958,,,,,,,,,,379,,,,,,,,,,
Dec-1958,,,,,,,,,,406,,,,,,,,,,
Jan-1959,,,,,,,,,,330,,,,,,,,,,
Feb-1959,,,,,,,,,,409,,,,,,,,,,
Mar-1959,,,,,,,,,,411,,,,,,,,,,
Apr-1959,,,,,,,,,,502,,,,,,,,,,
May-1959,,,,,,,,,,470,,,,,,,,,,
Jun-1959,,,,,,,,,,453,,,,,,,,,,
Jul-1959,,,,,,,,,,584,,,,,,,,,,
Aug-1959,,,,,,,,,,510,,,,,,,,,,
Sep-1959,,,,,,,,,,523,,,,,,,,,,
Oct-1959,,,,,,,,,,526,,,,,,,,,,
Nov-1959,,,,,,,,,,505,,,,,,,,,,
Dec-1959,,,,,,,,,,521,,,,,,,,,,
Jan-1960,,,,,,,,,,457,,,,,,,,,,
Feb-1960,,,,,,,,,,456,,,,,,,,,,
Mar-1960,,,,,,,,,,597,,,,,,,,,,
Apr-1960,,,,,,,,,,495,,,,,,,,,,
May-1960,,,,,,,,,,810,,,,,,,,,,
Jun-1960,,,,,,,,,,463,,,,,,,,,,
Jul-1960,,,,,,,,,,581,,,,,,,,,,
Aug-1960,,,,,,,,,,607,,,,,,,,,,
Sep-1960,,,,,,,,,,606,,,,,,,,,,
Oct-1960,,,,,,,,,,606,,,,,,,,,,
Nov-1960,,,,,,,,,,567,,,,,,,,,,
Dec-1960,,,,,,,,,,427,,,,,,,,,,
Jan-1961,,,,,,,,,,333,,,,,,,,,,
Feb-1961,,,,,,,,,,411,,,,,,,,,,
Mar-1961,,,,,,,,,,407,,,,,,,,,,
Apr-1961,,,,,,,,,,440,,,,,,,,,,
May-1961,,,,,,,,,,498,,,,,,,,,,
Jun-1961,,,,,,,,,,635,,,,,,,,,,
Jul-1961,,,,,,,,,,505,,,,,,,,,,
Aug-1961,,,,,,,,,,558,,,,,,,,,,
Sep-1961,,,,,,,,,,554,,,,,,,,,,
Oct-1961,,,,,,,,,,619,,,,,,,,,,
Nov-1961,,,,,,,,,,684,,,,,,,,,,
Dec-1961,,,,,,,,,,572,,,,,,,,,,
Jan-1962,,,,,,,,,,426,,,,,,,,,,
Feb-1962,,,,,,,,,,660,,,,,,,,,,
Mar-1962,,,,,,,,,,722,,,,,,,,,,
Apr-1962,,,,,,,,,,494,,,,,,,,,,
May-1962,,,,,,,,,,603,,,,,,,,,,
Jun-1962,,,,,,,,,,486,,,,,,,,,,
Jul-1962,,,,,,,,,,616,,,,,,,,,,
Aug-1962,,,,,,,,,,592,,,,,,,,,,
Sep-1962,,,,,,,,,,583,,,,,,,,,,
Oct-1962,,,,,,,,,,765,,,,,,,,,,
Nov-1962,,,,,,,,,,489,,,,,,,,,,
Dec-1962,,,,,,,,,,428,,,,,,,,,,
Jan-1963,,,,,,,,,,489,,,,,,,,,,
Feb-1963,,,,,,,,,,602,,,,,,,,,,
Mar-1963,,,,,,,,,,682,,,,,,,,,,
Apr-1963,,,,,,,,,,735,,,,,,,,,,
May-1963,,,,,,,,,,755,,,,,,,,,,
Jun-1963,,,,,,,,,,730,,,,,,,,,,
Jul-1963,,,,,,,,,,716,,,,,,,,,,
Aug-1963,,,,,,,,,,875,,,,,,,,,,
Sep-1963,,,,,,,,,,854,,,,,,,,,,
Oct-1963,,,,,,,,,,1000,,,,,,,,,,
Nov-1963,,,,,,,,,,680,,,,,,,,,,
Dec-1963,,,,,,,,,,628,,,,,,,,,,
Jan-1964,,,,,,,,,,535,,,,,,,,,,
Feb-1964,,,,,,,,,,705,,,,,,,,,,
Mar-1964,,,,,,,,,,697,,,,,,,,,,
Apr-1964,,,,,,,,,,858,,,,,,,,,,
May-1964,,,,,,,,,,771,,,,,,,,,,
Jun-1964,,,,,,,,,,958,,,,,,,,,,
Jul-1964,,,,,,,,,,731,,,,,,,,,,
Aug-1964,,,,,,,,,,887,,,,,,,,,,
Sep-1964,,,,,,,,,,961,,,,,,,,,,
Oct-1964,,,,,,,,,,745,,,,,,,,,,
Nov-1964,,,,,,,,,,763,,,,,,,,,,
Dec-1964,,,,,,,,,,694,,,,,,,,,,
Jan-1965,,,,,,,,,,685,,,,,,,,,,
Feb-1965,,,,,,,,,,634,,,,,,,,,,
Mar-1965,,,,,,,,,,726,,,,,,,,,,
Apr-1965,,,,,,,,,,659,,,,,,,,,,
May-1965,,,,,,,,,,909,,,,,,,,,,
Jun-1965,,,,,,,,,,971,,,,,,,,,,
Jul-1965,,,,,,,,,,681,,,,,,,,,,
Aug-1965,,,,,,,,,,812,,,,,,,,,,
Sep-1965,,,,,,,,,,754,,,,,,,,,,
Oct-1965,,,,,,,,,,789,,,,,,,,,,
Nov-1965,,,,,,,,,,760,,,,,,,,,,
Dec-1965,,,,,,,,,,698,,,,,,,,,,
Jan-1966,,,,,,,,,,532,,,,,,,,,,
Feb-1966,,,,,,,,,,555,,,,,,,,,,
Mar-1966,,,,,,,,,,1050,,,,,,,,,,
Apr-1966,,,,,,,,,,730,,,,,,,,,,
May-1966,,,,,,,,,,1009,,,,,,,,,,
Jun-1966,,,,,,,,,,832,,,,,,,,,,
Jul-1966,,,,,,,,,,790,,,,,,,,,,
Aug-1966,,,,,,,,,,962,,,,,,,,,,
Sep-1966,,,,,,,,,,911,,,,,,,,,,
Oct-1966,,,,,,,,,,1106,,,,,,,,,,
Nov-1966,,,,,,,,,,917,,,,,,,,,,
Dec-1966,,,,,,,,,,647,,,,,,,,,,
Jan-1967,,,,,,,,,,783,,,,,,,,,,
Feb-1967,,,,,,,,,,1178,,,,,,,,,,
Mar-1967,,,,,,,,,,765,,,,,,,,,,
Apr-1967,,,,,,,,,,941,,,,,,,,,,
May-1967,,,,,,,,,,1147,,,,,,,,,,
Jun-1967,,,,,,,,,,1300,,,,,,,,,,
Jul-1967,,,,,,,,,,1045,,,,,,,,,,
Aug-1967,,,,,,,,,,1305,,,,,,,,,,
Sep-1967,,,,,,,,,,1235,,,,,,,,,,
Oct-1967,,,,,,,,,,1242,,,,,,,,,,
Nov-1967,,,,,,,,,,1147,,,,,,,,,,
Dec-1967,,,,,,,,,,1047,,,,,,,,,,
Jan-1968,,,,,,,,,,1189,,,,,,,,,,
Feb-1968,,,,,,,,,,1148,,,,,,,,,,
Mar-1968,,,,,,,,,,1288,,,,,,,,,,
Apr-1968,,,,,,,,,,1193,,,,,,,,,,
May-1968,,,,,,,,,,1393,,,,,,,,,,
Jun-1968,,,,,,,,,,1887,,,,,,,,,,
Jul-1968,,,,,,,,,,1574,,,,,,,,,,
Aug-1968,,,,,,,,,,1466,,,,,,,,,,
Sep-1968,,,,,,,,,,1861,,,,,,,,,,
Oct-1968,,,,,,,,,,1715,,,,,,,,,,
Nov-1968,,,,,,,,,,1758,,,,,,,,,,
Dec-1968,,,,,,,,,,1527,,,,,,,,,,
Jan-1969,,,,,,,,,,1377,,,,,,,,,,
Feb-1969,,,,,,,,,,1731,,,,,,,,,,
Mar-1969,,,,,,,,,,2005,,,,,,,,,,
Apr-1969,,,,,,,,,,1818,,,,,,,,,,
May-1969,,,,,,,,,,1936,,,,,,,,,,
Jun-1969,,,,,,,,,,1903,,,,,,,,,,
Jul-1969,,,,,,,,,,2835,,,,,,,,,,
Aug-1969,,,,,,,,,,1874,,,,,,,,,,
Sep-1969,,,,,,,,,,1950,,,,,,,,,,
Oct-1969,,,,,,,,,,1592,,,,,,,,,,
Nov-1969,,,,,,,,,,2350,,,,,,,,,,
Dec-1969,,,,,,,,,,1521,,,,,,,,,,
Jan-1970,,,,,,,,,,1570,,,,,,,,,,
Feb-1970,,,,,,,,,,1874,,,,,,,,,,
Mar-1970,,,,,,,,,,1421,,,,,,,,,,
Apr-1970,,,,,,,,,,1445,,,,,,,,,,
May-1970,,,,,,,,,,825,,,,,,,,,,
Jun-1970,,,,,,,,,,1380,,,,,,,,,,
Jul-1970,841,,,,,,,,69,910,9788,,,,,,,,689,10477
Aug-1970,788,,,,,,,,357,1145,8766,,,,,,,,2511,11277
Sep-1970,1222,,,,,,,,251,1473,13180,,,,,,,,1587,14767
Oct-1970,1028,,,,,,,,124,1152,12253,,,,,,,,910,13163
Nov-1970,1056,,,,,,,,101,1157,10825,,,,,,,,1460,12285
Dec-1970,1027,,,,,,,,102,1129,11671,,,,,,,,836,12507
Jan-1971,1129,,,,,,,,211,1340,14301,,,,,,,,1702,16003
Feb-1971,887,,,,,,,,117,1004,9920,,,,,,,,823,10743
Mar-1971,827,,,,,,,,106,933,9901,,,,,,,,745,10646
Apr-1971,1296,,,,,,,,148,1444,16792,,,,,,,,2209,19001
May-1971,855,,,,,,,,91,946,9481,,,,,,,,703,10184
Jun-1971,869,,,,,,,,216,1085,10324,,,,,,,,1512,11836
Jul-1971,925,,,,,,,,27,952,10731,,,,,,,,139,10870
Aug-1971,933,,,,,,,,41,974,11215,,,,,,,,275,11490
Sep-1971,897,,,,,,,,52,949,10869,,,,,,,,420,11289
Oct-1971,1013,,,,,,,,85,1098,11908,,,,,,,,678,12586
Nov-1971,1183,,,,,,,,16,1199,13082,,,,,,,,79,13161
Dec-1971,1065,,,,,,,,112,1177,11620,,,,,,,,2178,13798
Jan-1972,737,,,,,,,,42,779,8718,,,,,,,,199,8917
Feb-1972,1360,,,,,,,,87,1447,14018,,,,,,,,521,14539
Mar-1972,1164,,,,,,,,203,1367,13628,,,,,,,,863,14491
Apr-1972,950,,,,,,,,240,1190,10979,,,,,,,,1312,12291
May-1972,1541,,,,,,,,135,1676,17443,,,,,,,,958,18401
Jun-1972,1037,,,,,,,,215,1252,13542,,,,,,,,1705,15247
Jul-1972,1287,,,,,,,,26,1313,14951,,,,,,,,204,15155
Aug-1972,1410,,,,,,,,30,1440,16845,,,,,,,,189,17034
Sep-1972,1376,,,,,,,,103,1479,16918,,,,,,,,629,17547
Oct-1972,1317,,,,,,,,25,1342,16374,,,,,,,,191,16565
Nov-1972,1562,,,,,,,,248,1810,18569,,,,,,,,1418,19987
Dec-1972,1252,,,,,,,,111,1363,15275,,,,,,,,941,16216
Jan-1973,1073,,,,,,,,3,1076,13719,,,,,,,,24,13743
Feb-1973,1338,,,,,,,,34,1372,16953,,,,,,,,261,17214
Mar-1973,1661,,,,,,,,186,1847,21163,,,,,,,,1327,22490
Apr-1973,1458,,,,,,,,88,1546,17629,,,,,,,,552,18181
May-1973,1612,,,,,,,,150,1762,20557,,,,,,,,1544,22101
Jun-1973,1650,,,,,,,,141,1791,24377,,,,,,,,966,25343
Jul-1973,1431,,,,,,,,468,1899,20260,,,,,,,,3999,24259
Aug-1973,1374,,,,,,,,546,1920,19931,,,,,,,,5164,25095
Sep-1973,1241,,,,,,,,267,1508,17891,,,,,,,,2414,20305
Oct-1973,1252,,,,,,,,381,1633,18356,,,,,,,,3679,22035
Nov-1973,1207,,,,,,,,400,1607,18054,,,,,,,,3650,21704
Dec-1973,814,,,,,,,,148,962,12443,,,,,,,,1431,13874
Jan-1974,775,,,,,,,,199,974,11888,,,,,,,,2006,13894
Feb-1974,772,,,,,,,,300,1072,12490,,,,,,,,3840,16330
Mar-1974,775,,,,,,,,226,1001,12204,,,,,,,,2653,14857
Apr-1974,1064,,,,,,,,310,1374,21181,,,,,,,,2698,23879
May-1974,1091,,,,,,,,461,1552,17982,,,,,,,,4714,22696
Jun-1974,931,,,,,,,,188,1119,15908,,,,,,,,1763,17671
Jul-1974,966,,,,,,,,303,1269,16834,,,,,,,,2979,19813
Aug-1974,729,,,,,,,,149,878,12460,,,,,,,,1386,13846
Sep-1974,679,,,,,,,,119,798,12020,,,,,,,,1433,13453
Oct-1974,755,,,,,,,,193,948,14542,,,,,,,,2050,16592
Nov-1974,922,,,,,,,,131,1053,18329,,,,,,,,1354,19683
Dec-1974,707,,,,,,,,112,819,11782,,,,,,,,1052,12834
Jan-1975,731,,,,,,,,111,842,13382,,,,,,,,1194,14576
Feb-1975,795,,,,,,,,109,904,14099,,,,,,,,1181,15280
Mar-1975,898,,,,,,,,203,1101,16022,,,,,,,,2417,18439
Apr-1975,942,,,,,,,,262,1204,17848,,,,,,,,3162,21010
May-1975,1038,,,,,,,,241,1279,20820,,,,,,,,3120,23940
Jun-1975,1229,,,,,,,,478,1707,23255,,,,,,,,8013,31268
Jul-1975,1251,,,,,,,,317,1568,24549,,,,,,,,3841,28390
Aug-1975,1076,,,,,,,,293,1369,20884,,,,,,,,3483,24367
Sep-1975,1258,,,,,,,,356,1614,26600,,,,,,,,5022,31622
Oct-1975,1573,,,,,,,,476,2049,33913,,,,,,,,5955,39868
Nov-1975,1291,,,,,,,,409,1700,26550,,,,,,,,5444,31994
Dec-1975,1212,,,,,,,,701,1913,26228,,,,,,,,10249,36477
Jan-1976,904,,,,,,,,307,1211,19738,,,,,,,,5559,25297
Feb-1976,1454,,,,,,,,451,1905,34000,,,,,,,,8593,42593
Mar-1976,1651,,,,,,,,571,2222,39031,,,,,,,,8950,47981
Apr-1976,1215,,,,,,,,547,1762,29656,,,,,,,,8828,38484
May-1976,1402,,,,,,,,602,2004,33601,,,,,,,,12142,45743
Jun-1976,1312,,,,,,,,758,2070,33420,,,,,,,,12259,45679
Jul-1976,1122,,,,,,,,546,1668,28954,,,,,,,,10026,38980
Aug-1976,1163,,,,,,,,409,1572,29768,,,,,,,,6842,36610
Sep-1976,1183,,,,,,,,475,1658,29948,,,,,,,,9914,39862
Oct-1976,1270,,,,,,,,543,1813,33236,,,,,,,,10812,44048
Nov-1976,1111,,,,,,,,631,1742,29685,,,,,,,,12411,42096
Dec-1976,1089,,,,,,,,506,1595,29924,,,,,,,,8715,38639
Jan-1977,928,,,,,,,,367,1295,24374,,,,,,,,7580,31954
Feb-1977,950,,,,,,,,534,1484,25118,,,,,,,,10448,35566
Mar-1977,1054,,,,,,,,370,1424,27922,,,,,,,,7656,35578
Apr-1977,1119,,,,,,,,345,1464,31263,,,,,,,,7951,39214
May-1977,1220,,,,,,,,483,1703,34688,,,,,,,,8447,43135
Jun-1977,1227,,,,,,,,417,1644,35224,,,,,,,,8204,43428
Jul-1977,1162,,,,,,,,441,1603,32415,,,,,,,,8975,41390
Aug-1977,1200,,,,,,,,388,1588,33244,,,,,,,,7197,40441
Sep-1977,1011,,,,,,,,245,1256,28697,,,,,,,,4715,33412
Oct-1977,1026,,,,,,,,369,1395,30509,,,,,,,,7101,37610
Nov-1977,1094,,,,,,,,440,1534,31912,,,,,,,,8927,40839
Dec-1977,853,,,,,,,,404,1257,24043,,,,,,,,8016,32059
Jan-1978,609,,,,,,,,171,780,18450,,,,,,,,3178,21628
Feb-1978,985,,,,,,,,235,1220,29309,,,,,,,,5039,34348
Mar-1978,942,,,,,,,,246,1188,26994,,,,,,,,5659,32653
Apr-1978,966,,,,,,,,337,1303,27305,,,,,,,,7364,34669
May-1978,1000,,,,,,,,327,1327,28824,,,,,,,,6604,35428
Jun-1978,987,,,,,,,,461,1448,30021,,,,,,,,8648,38669
Jul-1978,876,,,,,,,,306,1182,25320,,,,,,,,6668,31988
Aug-1978,1000,,,,,,,,286,1286,30662,,,,,,,,5822,36484
Sep-1978,917,,,,,,,,236,1153,26200,,,,,,,,5328,31528
Oct-1978,851,,,,,,,,331,1182,24741,,,,,,,,6722,31463
Nov-1978,1046,,,,,,,,190,1236,30590,,,,,,,,4171,34761
Dec-1978,788,,,,,,,,254,1042,23618,,,,,,,,5391,29009
Jan-1979,736,,,,,,,,270,1006,21798,,,,,,,,5420,27218
Feb-1979,910,,,,,,,,357,1267,27530,,,,,,,,7317,34847
Mar-1979,1166,,,,,,,,399,1565,32998,,,,,,,,8222,41220
Apr-1979,1031,,,,,,,,252,1283,30701,,,,,,,,5182,35883
May-1979,1298,,,,,,,,406,1704,40332,,,,,,,,8513,48845
Jun-1979,1122,,,,,,,,400,1522,35847,,,,,,,,7546,43393
Jul-1979,1143,,,,,,,,347,1490,34978,,,,,,,,8824,43802
Aug-1979,1206,,,,,,,,307,1513,37641,,,,,,,,6550,44191
Sep-1979,912,,,,,,,,368,1280,27950,,,,,,,,6842,34792
Oct-1979,1106,,,,,,,,593,1699,34883,,,,,,,,11661,46544
Nov-1979,1004,,,,,,,,502,1506,31162,,,,,,,,9422,40584
Dec-1979,678,,,,,,,,318,996,20966,,,,,,,,6058,27024
Jan-1980,819,,,,,,,,299,1118,26052,,,,,,,,5798,31850
Feb-1980,922,,,,,,,,458,1380,30676,,,,,,,,10397,41073
Mar-1980,980,,,,,,,,514,1494,32975,,,,,,,,14500,47475
Apr-1980,976,,,,,,,,340,1316,32922,,,,,,,,7434,40356
May-1980,992,,,,,,,,417,1412,33874,,,,,,,,8817,42691
Jun-1980,982,,,,,,,,447,1427,34518,,,,,,,,10473,44991
Jul-1980,1069,,,,,,,,359,1428,36241,,,,,,,,7990,44231
Aug-1980,983,,,,,,,,542,1525,36664,,,,,,,,12032,48696
Sep-1980,891,,,,,,,,328,1219,32155,,,,,,,,8258,40413
Oct-1980,873,,,,,,,,387,1266,30968,,,,,,,,8699,39667
Nov-1980,919,,,,,,,,322,1241,33913,,,,,,,,6693,40606
Dec-1980,957,,,,,,,,399,1346,35939,,,,,,,,12853,48792
Jan-1981,761,,,,,,,,297,1058,30394,,,,,,,,12225,42619
Feb-1981,828,,,,,,,,427,1255,30817,,,,,,,,12277,43094
Mar-1981,951,,,,,,,,552,1502,35566,,,,,,,,14711,50277
Apr-1981,792,,,,,,,,438,1230,28247,,,,,,,,12006,40253
May-1981,1012,,,,,,,,526,1538,39982,,,,,,,,12733,52715
Jun-1981,850,,,,,,,,923,1773,33018,,,,,,,,22652,55670
Jul-1981,1019,,,,,,,,536,1556,39727,,,,,,,,25950,65677
Aug-1981,889,,,,,,,,437,1326,36046,,,,,,,,11923,47969
Sep-1981,929,,,,,,,,620,1549,38965,,,,,,,,22747,61712
Oct-1981,1006,,,,,,,,492,1498,40973,,,,,,,,17161,58134
Nov-1981,872,,,,,,,,479,1351,34850,,,,,,,,20558,55408
Dec-1981,868,,,,,,,,424,1292,33524,,,,,,,,14582,48106
Jan-1982,745,,,,,,,,484,1229,30263,,,,,,,,13436,43699
Feb-1982,772,,,,,,,,526,1298,31948,,,,,,,,17914,49862
Mar-1982,892,,,,,,,,435,1327,35106,,,,,,,,13196,48302
Apr-1982,743,,,,,,,,431,1174,32620,,,,,,,,12941,45561
May-1982,865,,,,,,,,221,1086,36430,,,,,,,,6907,43337
Jun-1982,696,,,,,,,,271,967,27366,,,,,,,,6902,34268
Jul-1982,782,,,,,,,,343,1125,32341,,,,,,,,9554,41895
Aug-1982,786,,,,,,,,258,1044,31852,,,,,,,,7680,39532
Sep-1982,831,,,,,,,,243,1074,32784,,,,,,,,7235,40019
Oct-1982,692,,,,,,,,162,854,26802,,,,,,,,6039,32841
Nov-1982,765,,,,,,,,215,980,29239,,,,,,,,6481,35720
Dec-1982,785,,,,,,,,160,945,29824,,,,,,,,4590,34414
Jan-1983,737,,,,,,,,226,963,26808,,,,,,,,7689,34497
Feb-1983,656,,,,,,,,193,850,24759,,,,,,,,4979,29738
Mar-1983,841,,,,,,,,182,1023,33342,,,,,,,,6390,39732
Apr-1983,730,,,,,,,,147,877,30182,,,,,,,,4825,35007
May-1983,862,,,,,,,,174,1036,33795,,,,,,,,5233,39028
Jun-1983,885,,,,,,,,188,1073,34029,,,,,,,,5303,39332
Jul-1983,797,,,,,,,,104,901,29916,,,,,,,,3142,33058
Aug-1983,1129,,,,,,,,249,1378,42147,,,,,,,,7262,49409
Sep-1983,1272,,,,,,,,348,1620,46039,,,,,,,,11548,57587
Oct-1983,1117,,,,,,,,233,1350,42092,,,,,,,,6078,48170
Nov-1983,1198,,,,,,,,242,1440,44202,,,,,,,,6361,50564
Dec-1983,1087,,,,,,,,316,1403,39404,,,,,,,,8125,47529
Jan-1984,891,,,,,,,,165,1056,33346,,,,,,,,4945,38291
Feb-1984,1066,,,,,,,,242,1308,40772,,,,,,,,5781,46553
Mar-1984,1215,,,,,,,,328,1543,46066,,,,,,,,8166,54232
Apr-1984,1079,,,,,,,,261,1340,43671,,,,,,,,8493,52164
May-1984,1623,,,,,,,,447,2070,63440,,,,,,,,12911,76350
Jun-1984,1357,,,,,,,,429,1786,54509,,,,,,,,12936,67444
Jul-1984,1437,,,,,,,,457,1894,55556,,,,,,,,12704,68260
Aug-1984,1536,,,,,,,,465,2001,61573,,,,,,,,14586,76159
Sep-1984,1183,,,,,,,,203,1386,48458,,,,,,,,5741,54199
Oct-1984,1346,,,,,,,,409,1755,56583,,,,,,,,12901,69484
Nov-1984,1318,,,,,,,,358,1676,54439,,,,,,,,12534,66974
Dec-1984,1006,,,,,,,,267,1273,43500,,,,,,,,10523,54023
Jan-1985,1109,,,,,,,,254,1363,47492,,,,,,,,7358,54850
Feb-1985,1087,,,,,,,,316,1403,45395,,,,,,,,10843,56239
Mar-1985,1113,,,,,,,,271,1384,48748,,,,,,,,7823,56572
Apr-1985,1035,,,,,,,,428,1463,45860,,,,,,,,16514,62375
May-1985,1557,,,,,,,,511,2068,68946,,,,,,,,17338,86284
Jun-1985,1129,,,,,,,,484,1613,50575,,,,,,,,20267,70842
Jul-1985,1447,,,,,,,,399,1846,68769,,,,,,,,12815,81584
Aug-1985,1358,,,,,,,,444,1802,63918,,,,,,,,13075,76993
Sep-1985,1170,,,,,,,,443,1613,58610,,,,,,,,14939,73549
Oct-1985,1200,,,,,,,,339,1539,57408,,,,,,,,12182,69590
Nov-1985,1223,,,,,,,,465,1688,64088,,,,,,,,17919,82007
Dec-1985,1036,,,,,,,,227,1263,54787,,,,,,,,7681,62469
Jan-1986,1078,,,,,,,,258,1336,55073,,,,,,,,9269,64342
Feb-1986,1153,,,,,,,,353,1506,60508,,,,,,,,15441,75949
Mar-1986,1025,,,,,,,,396,1421,51683,,,,,,,,15248,66931
Apr-1986,1213,,,,,,,,236,1449,59213,,,,,,,,8983,68195
May-1986,1275,,,,,,,,424,1699,67342,,,,,,,,14868,82210
Jun-1986,1108,,,,,,,,289,1397,57428,,,,,,,,9695,67123
Jul-1986,1279,,,,,,,,326,1605,64384,,,,,,,,13935,78319
Aug-1986,1116,,,,,,,,231,1347,59352,,,,,,,,8539,67892
Sep-1986,1111,,,,,,,,358,1469,54684,,,,,,,,16669,71353
Oct-1986,1118,,,,,,,,460,1578,56748,,,,,,,,16768,73517
Nov-1986,1039,,,,,,,,260,1299,52131,,,,,,,,12873,65004
Dec-1986,1110,,,,,,,,218,1328,59723,,,,,,,,7699,67422
Jan-1987,910,,,,,,,,198,1108,48991,,,,,,,,7209,56199
Feb-1987,1059,,,,,,,,285,1344,53466,,,,,,,,9404,62871
Mar-1987,1134,,,,,,,,359,1493,61000,,,,,,,,11901,72901
Apr-1987,1039,,,,,,,,268,1307,55755,,,,,,,,8990,64744
May-1987,1208,,,,,,,,279,1487,66695,,,,,,,,11348,78042
Jun-1987,1246,,,,,,,,334,1580,68721,,,,,,,,13537,82258
Jul-1987,1236,,,,,,,,384,1620,71555,,,,,,,,16003,87558
Aug-1987,1142,,,,,,,,217,1359,61305,,,,,,,,8023,69327
Sep-1987,1158,,,,,,,,267,1425,64528,,,,,,,,9437,73965
Oct-1987,1242,,,,,,,,413,1655,70592,,,,,,,,16114,86706
Nov-1987,1283,,,,,,,,287,1570,72061,,,,,,,,10384,82445
Dec-1987,1313,,,,,,,,334,1647,74068,,,,,,,,12809,86877
Jan-1988,1148,,,,,,,,276,1424,68747,,,,,,,,10459,79206
Feb-1988,1412,,,,,,,,421,1833,78394,,,,,,,,15943,94336
Mar-1988,1617,,,,,,,,439,2056,97322,,,,,,,,16568,113890
Apr-1988,1475,,,,,,,,435,1910,84811,,,,,,,,16468,101279
May-1988,2020,,,,,,,,523,2543,115829,,,,,,,,19855,135684
Jun-1988,1916,,,,,,,,614,2530,113128,,,,,,,,23073,136201
Jul-1988,1926,,,,,,,,521,2447,112006,,,,,,,,20900,132907
Aug-1988,2042,,,,,,,,568,2610,127033,,,,,,,,23777,150810
Sep-1988,1890,,,,,,,,573,2463,122447,,,,,,,,21808,144256
Oct-1988,1778,,,,,,,,551,2329,117780,,,,,,,,23372,141152
Nov-1988,1919,,,,,,,,576,2495,130371,,,,,,,,24223,154595
Dec-1988,1584,,,,,,,,469,2053,108782,,,,,,,,20985,129767
Jan-1989,1318,,,,,,,,503,1821,91752,,,,,,,,21578,113331
Feb-1989,1589,,,,,,,,651,2240,108725,,,,,,,,30888,139613
Mar-1989,1527,,,,,,,,734,2261,111808,,,,,,,,37258,149066
Apr-1989,1629,,,,,,,,688,2317,119951,,,,,,,,32426,152377
May-1989,1442,,,,,,,,983,2425,111548,,,,,,,,48682,160230
Jun-1989,1323,,,,,,,,813,2136,98888,,,,,,,,48465,147353
Jul-1989,847,,,,,,,,504,1351,66033,,,,,,,,25680,91713
Aug-1989,1028,,,,,,,,533,1561,74082,,,,,,,,30090,104173
Sep-1989,922,,,,,,,,602,1524,67452,,,,,,,,31393,98845
Oct-1989,920,,,,,,,,476,1396,70688,,,,,,,,25741,96429
Nov-1989,1145,,,,,,,,589,1734,82204,,,,,,,,30862,113066
Dec-1989,976,,,,,,,,330,1306,74071,,,,,,,,19591,93663
Jan-1990,880,,,,,,,,526,1406,65303,,,,,,,,27127,92430
Feb-1990,1114,,,,,,,,458,1572,85450,,,,,,,,27756,113206
Mar-1990,1059,,,,,,,,346,1405,88239,,,,,,,,20019,108259
Apr-1990,757,,,,,,,,266,1023,61456,,,,,,,,13855,75311
May-1990,1155,,,,,,,,505,1660,86332,,,,,,,,27850,114182
Jun-1990,992,,,,,,,,243,1235,75062,,,,,,,,13896,88958
Jul-1990,871,,,,,,,,454,1325,70589,,,,,,,,24830,95419
Aug-1990,923,,,,,,,,290,1213,72463,,,,,,,,13746,86209
Sep-1990,820,,,,,,,,398,1218,62212,,,,,,,,24286,86499
Oct-1990,950,,,,,,,,250,1200,69814,,,,,,,,15510,85324
Nov-1990,1047,,,,,,,,206,1253,76027,,,,,,,,11249,87276
Dec-1990,822,,,,,,,,125,947,59392,,,,,,,,7984,67376
Jan-1991,763,,,,,,,,175,938,57758,,,,,,,,9166,66923
Feb-1991,906,,,,,,,,388,1294,65849,,,,,,,,42591,108441
Mar-1991,861,,,,,,,,221,1082,63894,,,,,,,,11514,75407
Apr-1991,875,,,,,,,,292,1167,64098,,,,,,,,16297,80395
May-1991,1217,,,,,,,,248,1465,86463,,,,,,,,13931,100395
Jun-1991,1038,,,,,,,,306,1344,77592,,,,,,,,17169,94761
Jul-1991,1133,286,22,308,0,0,100,100,408,1541,82601,15097,1384,16482,0,0,10635,10635,27117,109717
Aug-1991,1195,218,38,256,0,0,0,0,256,1451,85600,11407,2247,13654,0,0,0,0,13654,99253
Sep-1991,1082,374,20,394,0,0,0,0,394,1476,73735,17199,1003,18201,0,0,0,0,18201,91936
Oct-1991,1141,214,25,239,0,0,0,0,239,1380,77752,11360,2140,13500,0,0,0,0,13500,91253
Nov-1991,1117,241,2,243,0,0,0,0,243,1360,78302,12079,243,12322,0,0,0,0,12322,90624
Dec-1991,1014,184,21,205,0,0,0,0,205,1219,66735,11317,1778,13095,0,0,0,0,13095,79830
Jan-1992,905,370,63,433,0,0,0,0,433,1338,61350,18097,3992,22089,0,0,0,0,22089,83439
Feb-1992,1050,306,42,348,0,0,0,0,348,1398,69973,16981,2635,19617,0,0,0,0,19617,89589
Mar-1992,1335,321,78,399,0,0,0,0,399,1734,94630,16136,5203,21339,0,0,0,0,21339,115969
Apr-1992,1097,468,101,569,0,0,0,0,569,1666,74470,26122,6755,32877,0,0,0,0,32877,107347
May-1992,1364,554,59,613,0,0,0,0,613,1977,93460,32131,4317,36448,0,0,0,0,36448,129908
Jun-1992,1403,584,50,634,0,0,0,0,634,2037,96663,29260,3112,32372,0,0,0,0,32372,129036
Jul-1992,1485,527,2,529,0,0,0,0,529,2014,103046,29668,140,29808,0,0,0,0,29808,132854
Aug-1992,1239,447,5,452,8,0,0,8,460,1699,88238,24499,410,24909,467,0,0,467,25375,113613
Sep-1992,1474,383,29,412,22,0,0,22,434,1908,101571,19696,2214,21910,3500,0,0,3500,25410,126981
Oct-1992,1473,488,51,539,2,0,0,2,541,2014,102116,25460,2854,28314,156,0,0,156,28470,130586
Nov-1992,1332,348,29,377,0,0,0,0,377,1709,91280,18642,2164,20806,0,0,0,0,20806,112086
Dec-1992,1323,423,12,435,0,83,0,83,518,1841,95588,23276,882,24158,0,5578,0,5578,29736,125325
Jan-1993,1073,484,34,518,4,0,0,4,522,1595,73578,28568,3072,31640,320,0,0,320,31960,105538
Feb-1993,1180,371,17,388,0,0,77,77,465,1645,85713,20564,1144,21708,0,0,9350,9350,31058,116771
Mar-1993,1513,448,10,458,0,0,0,0,458,1971,110477,24160,780,24940,0,0,0,0,24940,135417
Apr-1993,1297,399,60,459,0,0,0,0,459,1756,96339,20650,3978,24629,0,0,0,0,24629,120968
May-1993,1426,490,55,545,0,0,0,0,545,1971,105766,28471,4385,32856,0,0,0,0,32856,138623
Jun-1993,1670,625,61,686,0,0,0,0,686,2356,119962,35294,5402,40696,0,0,0,0,40696,160658
Jul-1993,1613,384,25,409,0,0,0,0,409,2022,120211,22530,1962,24492,0,0,0,0,24492,144703
Aug-1993,1558,474,49,523,0,0,54,54,577,2135,115482,26646,3581,30227,0,0,4060,4060,34287,149769
Sep-1993,1662,480,22,502,0,0,48,48,550,2212,121411,27432,1730,29162,0,0,5500,5500,34662,156073
Oct-1993,1561,477,32,509,0,0,16,16,525,2086,117240,26573,2999,29572,0,0,4700,4700,34272,151513
Nov-1993,1746,519,94,613,0,0,0,0,613,2359,130253,30456,7074,37530,0,0,0,0,37530,167783
Dec-1993,1645,607,37,644,0,0,0,0,644,2289,125001,36028,3256,39284,0,0,0,0,39284,164285
Jan-1994,1104,409,30,439,0,0,0,0,439,1543,86047,23271,2582,25853,0,0,0,0,25853,111899
Feb-1994,1524,542,31,573,0,0,3,3,576,2100,124031,34121,2712,36833,0,0,1750,1750,38583,162614
Mar-1994,1732,517,42,559,16,0,115,131,690,2422,136055,30272,3495,33767,1440,0,15000,16440,50207,186262
Apr-1994,1507,496,71,567,0,0,20,20,587,2094,122824,30680,6244,36924,0,0,1050,1050,37974,160798
May-1994,1900,618,93,711,0,52,0,52,763,2663,151911,38747,6070,44817,0,3600,0,3600,48417,200328
Jun-1994,1885,692,69,761,9,0,0,9,770,2655,153243,50039,4936,54975,460,0,0,460,55435,208678
Jul-1994,1458,633,25,658,0,0,0,0,658,2116,123344,42385,2036,44421,0,0,0,0,44421,167766
Aug-1994,1665,548,81,629,0,15,0,15,644,2309,134817,33941,6689,40630,0,1808,0,1808,42438,177255
Sep-1994,1660,693,80,773,0,0,0,0,773,2433,133584,41807,7437,49244,0,0,0,0,49244,182828
Oct-1994,1415,386,67,453,0,0,0,0,453,1868,113582,25204,6518,31722,0,0,0,0,31722,145305
Nov-1994,1522,479,70,549,0,0,53,53,602,2124,128960,29983,6438,36421,0,0,3939,3939,40359,169320
Dec-1994,1314,448,78,526,0,0,0,0,526,1840,110097,27458,5799,33257,0,0,0,0,33257,143354
Jan-1995,1100,400,31,431,0,0,0,0,431,1531,90561,22769,3062,25830,0,0,0,0,25830,116391
Feb-1995,1195,291,92,383,0,0,0,0,383,1578,101999,18195,8635,26831,0,0,0,0,26831,128830
Mar-1995,1259,430,66,496,0,0,0,0,496,1755,111377,30133,8908,39042,0,0,0,0,39042,150419
Apr-1995,952,205,17,222,0,0,0,0,222,1174,81747,14929,1195,16124,0,0,0,0,16124,97871
May-1995,1367,330,82,412,0,0,14,14,426,1793,115234,26361,6620,32981,0,0,2750,2750,35731,150965
Jun-1995,1301,471,20,491,0,0,0,0,491,1792,109014,32513,2789,35301,0,0,0,0,35301,144316
Jul-1995,883,234,66,300,0,0,16,16,316,1199,77832,16012,4406,20418,0,0,2700,2700,23118,100950
Aug-1995,1189,351,30,381,0,0,18,18,399,1588,104768,24780,2849,27628,0,0,3000,3000,30628,135396
Sep-1995,1111,237,56,293,0,0,0,0,293,1404,99226,17181,5710,22891,0,0,0,0,22891,122117
Oct-1995,1008,181,42,223,0,0,30,30,253,1261,96631,12802,4555,17358,0,0,3000,3000,20358,116989
Nov-1995,1088,229,57,286,0,0,0,0,286,1374,99095,16264,6455,22719,0,0,0,0,22719,121814
Dec-1995,819,163,0,163,0,5,0,5,168,987,79507,12157,0,12157,0,570,0,570,12727,92234
Jan-1996,827,306,32,338,0,72,0,72,410,1237,82529,20706,2856,23562,0,9600,0,9600,33162,115691
Feb-1996,1115,312,7,319,6,0,17,23,342,1457,105086,22226,800,23026,284,0,2200,2484,25510,130597
Mar-1996,1101,310,11,321,0,0,41,41,362,1463,104543,24197,1498,25695,0,0,8000,8000,33695,138238
Apr-1996,922,225,19,244,0,0,0,0,244,1166,90864,15452,1826,17278,0,0,0,0,17278,108143
May-1996,1183,209,18,227,0,0,0,0,227,1410,114251,13606,1373,14979,0,0,0,0,14979,129230
Jun-1996,966,175,16,191,0,6,30,36,227,1193,93991,11732,1493,13225,0,535,1500,2035,15260,109251
Jul-1996,1165,112,24,136,0,0,30,30,166,1331,107330,7560,1838,9398,0,0,1500,1500,10898,118229
Aug-1996,1134,97,39,136,0,0,0,0,136,1270,110353,7992,3066,11058,0,0,0,0,11058,121411
Sep-1996,1108,96,31,127,0,0,0,0,127,1235,108196,6292,2668,8960,0,0,0,0,8960,117157
Oct-1996,1156,140,33,173,0,0,31,31,204,1360,110849,9242,2693,11935,0,0,3950,3950,15885,126734
Nov-1996,1175,127,15,142,0,45,0,45,187,1362,112636,8612,1592,10203,0,5000,0,5000,15203,127839
Dec-1996,1035,77,22,99,0,78,17,95,194,1229,102389,4955,1945,6901,0,4170,7000,11170,18071,120459
Jan-1997,1034,50,77,127,2,0,6,8,135,1169,103373,3979,6796,10775,350,0,4500,4850,15625,118997
Feb-1997,803,86,59,145,4,30,59,93,238,1041,80229,6330,4550,10880,360,2880,6960,10200,21080,101309
Mar-1997,1039,75,44,119,0,0,46,46,165,1204,108710,5633,3444,9077,0,0,8021,8021,17098,125809
Apr-1997,1456,80,20,100,50,13,0,63,163,1619,143788,5446,1986,7432,5185,2800,0,7985,15417,159205
May-1997,1376,165,5,170,0,25,0,25,195,1571,140500,13526,427,13953,0,2800,0,2800,16753,157252
Jun-1997,1151,74,7,81,19,3,0,22,103,1254,120600,6907,897,7804,1570,240,0,1810,9614,130214
Jul-1997,1283,192,4,196,19,8,0,27,223,1506,129789,14607,480,15087,1510,826,0,2336,17423,147212
Aug-1997,1225,106,26,132,0,0,0,0,132,1357,125064,7596,2359,9956,0,0,0,0,9956,135019
Sep-1997,1216,81,8,89,0,0,6,6,95,1311,128991,7457,860,8317,0,0,2000,2000,10317,139308
Oct-1997,1323,161,14,175,0,0,8,8,183,1506,136413,10503,1615,12118,0,0,2100,2100,14218,150631
Nov-1997,1355,162,13,175,3,0,6,9,184,1539,142164,9792,1664,11456,310,0,650,960,12416,154580
Dec-1997,1214,135,13,148,4,19,0,23,171,1385,123443,8521,1394,9915,400,1400,0,1800,11715,135158
Jan-1998,976,83,30,113,20,6,39,65,178,1154,105113,6907,3317,10224,1800,380,4800,6980,17204,122317
Feb-1998,1162,178,59,237,0,19,22,41,278,1440,120237,10633,4751,15384,0,500,2715,3215,18599,138835
Mar-1998,1363,235,17,252,56,22,50,128,380,1743,143724,14888,1660,16548,5000,2750,4800,12550,29098,172822
Apr-1998,1376,135,44,179,6,5,6,17,196,1572,144120,10682,4698,15380,360,800,2600,3760,19140,163260
May-1998,1504,96,33,129,25,16,118,159,288,1792,151885,6943,3756,10699,2145,4088,26692,32925,43624,195509
Jun-1998,1831,108,63,171,33,0,14,47,218,2049,183328,8819,4829,13648,1959,0,2800,4759,18407,201736
Jul-1998,1548,90,50,140,0,0,11,11,151,1699,163179,7058,8118,15176,0,0,1100,1100,16276,179455
Aug-1998,1483,137,43,180,24,8,36,68,248,1731,155667,9167,4482,13649,2273,661,16236,19170,32819,188486
Sep-1998,1256,75,48,123,0,12,15,27,150,1406,134424,5334,4810,10144,0,850,4100,4950,15094,149518
Oct-1998,1461,91,40,131,14,0,24,38,169,1630,160634,6194,3010,9203,1373,0,4600,5973,15176,175810
Nov-1998,1402,138,52,190,0,0,39,39,229,1631,149679,9369,9680,19049,0,0,9443,9443,28492,178171
Dec-1998,1391,134,67,201,0,0,30,30,231,1622,155413,9834,8662,18496,0,0,6200,6200,24696,180109
Jan-1999,1148,104,41,145,0,0,12,12,157,1305,127350,7885,6357,14242,0,0,6700,6700,20942,148292
Feb-1999,1291,95,113,208,0,0,45,45,253,1544,140806,6791,11582,18373,0,0,10500,10500,28873,169679
Mar-1999,1607,189,38,227,0,0,27,27,254,1861,176798,12707,4333,17040,0,0,5527,5527,22567,199365
Apr-1999,1436,72,44,116,9,30,34,73,189,1625,156697,5566,5973,11539,720,2400,5742,8862,20401,177098
May-1999,1666,126,65,191,11,80,24,115,306,1972,181733,9200,6584,15784,1300,6770,2800,10870,26654,208387
Jun-1999,1806,285,91,376,0,27,209,236,612,2418,211077,18563,8555,27118,0,2978,16097,19075,46193,257270
Jul-1999,1705,58,85,143,21,81,100,202,345,2050,187259,5118,11132,16251,2750,6725,17200,26675,42926,230185
Aug-1999,1773,182,26,208,60,0,24,84,292,2065,194811,13466,3239,16705,3310,0,6900,10210,26915,221725
Sep-1999,1631,309,64,373,25,8,55,88,461,2092,185921,26607,6811,33417,1649,1000,7750,10399,43816,229737
Oct-1999,1667,112,52,164,0,6,64,70,234,1901,193731,8874,7194,16068,0,1300,16000,17300,33368,227099
Nov-1999,2055,146,51,197,137,20,11,168,365,2420,242962,11229,6123,17352,13485,1600,2000,17085,34437,277399
Dec-1999,1734,168,42,210,16,0,13,29,239,1973,201303,13054,4556,17610,1234,0,4700,5934,23543,224846
Jan-2000,1403,100,48,148,52,5,44,101,249,1652,169595,7456,5593,13048,5051,1700,5800,12551,25599,195194
Feb-2000,1498,109,41,150,19,25,258,302,452,1950,167941,9640,5418,15058,2531,3603,80000,86134,101192,269134
Mar-2000,1507,93,80,173,16,12,48,76,249,1756,189037,7890,7442,15332,1172,1193,6650,9015,24347,213384
Apr-2000,1093,63,41,104,40,0,134,174,278,1371,128761,4656,4550,9206,2800,0,30000,32800,42006,170766
May-2000,1392,87,60,147,20,68,168,256,403,1795,172228,6525,7964,14488,1377,3970,50600,55947,70436,242663
Jun-2000,1200,122,59,181,310,26,0,336,517,1717,140691,8210,8255,16465,26758,4399,0,31157,47623,188314
Jul-2000,903,103,13,116,3,24,55,82,198,1101,113251,7919,1409,9328,275,5000,7550,12825,22153,135405
Aug-2000,1002,90,30,120,2,0,89,91,211,1213,126762,7953,4177,12130,226,0,12152,12379,24509,151271
Sep-2000,975,116,21,137,20,51,0,71,208,1183,120317,10145,2392,12537,1830,6323,0,8154,20691,141008
Oct-2000,939,157,34,191,9,11,59,79,270,1209,119541,11411,4454,15865,585,2513,7200,10298,26163,145703
Nov-2000,1059,64,21,85,0,6,77,83,168,1227,137510,5702,3351,9053,0,900,8500,9400,18453,155963
Dec-2000,918,41,24,65,23,0,62,85,150,1068,124480,3808,2489,6297,1915,0,14800,16715,23012,147492
Jan-2001,782,104,46,150,0,0,0,0,150,932,105584,9934,8467,18401,0,0,0,0,18401,123985
Feb-2001,834,7,36,43,8,0,111,119,162,996,110690,665,5651,6316,984,0,35900,36884,43200,153890
Mar-2001,913,33,50,83,29,46,31,106,189,1102,121009,2576,5525,8100,2548,6515,5000,14062,22163,143172
Apr-2001,883,179,60,239,68,0,0,68,307,1190,113973,11366,6614,17980,13897,0,0,13897,31877,145850
May-2001,1542,171,27,198,0,15,9,24,222,1764,202989,15322,2762,18084,0,1750,1500,3250,21334,224323
Jun-2001,1372,163,111,274,0,4,124,128,402,1774,165490,13132,14048,27180,0,500,14500,15000,42180,207669
Jul-2001,1513,146,35,181,12,0,50,62,243,1756,191376,13381,3673,17054,1051,0,18700,19751,36805,228181
Aug-2001,1612,100,30,130,10,96,0,106,236,1848,202692,9081,4581,13662,740,7205,0,7945,21607,224300
Sep-2001,1387,122,29,151,4,8,21,33,184,1571,174019,13500,6302,19802,2000,1400,9780,13180,32982,207001
Oct-2001,1547,110,9,119,15,6,58,79,198,1745,201123,9222,779,10001,1400,1733,8010,11143,21144,222267
Nov-2001,1666,197,65,262,105,5,0,110,372,2038,212664,15840,8976,24816,12358,545,0,12904,37719,250383
Dec-2001,1284,140,16,156,12,70,0,82,238,1522,160690,11644,1650,13294,1443,8932,0,10375,23669,184358
Jan-2002,1356,86,34,120,48,17,0,65,185,1541,176964,7835,4088,11923,7670,2150,0,9820,21743,198707
Feb-2002,1395,58,25,83,4,34,31,69,152,1547,186701,4668,3948,8616,384,4000,7322,11706,20322,207023
Mar-2002,1246,80,12,92,3,7,40,50,142,1388,163982,7905,1370,9275,201,950,19500,20651,29926,193908
Apr-2002,1419,147,84,231,4,46,19,69,300,1719,196989,14245,10803,25048,1800,5978,9091,16869,41917,238907
May-2002,1600,128,62,190,33,0,53,86,276,1876,217925,11732,7076,18809,3445,0,6325,9770,28579,246504
Jun-2002,1394,170,57,227,31,6,11,48,275,1669,190443,15621,8534,24155,4178,880,4000,9058,33213,223656
Jul-2002,1871,173,117,290,15,4,16,35,325,2196,261964,16402,14222,30623,1841,1000,3962,6803,37427,299391
Aug-2002,1520,91,48,139,10,123,55,188,327,1847,207592,8416,5810,14226,727,16507,15780,33014,47240,254832
Sep-2002,1454,80,25,105,46,29,0,75,180,1634,198892,8715,3905,12620,9004,6840,0,15844,28464,227357
Oct-2002,1457,139,18,157,24,31,79,134,291,1748,205846,11154,2371,13525,2383,4150,11835,18368,31893,237738
Nov-2002,1519,75,34,109,104,37,26,167,276,1795,209992,8410,4928,13337,7867,4250,1200,13317,26654,236646
Dec-2002,1228,83,38,121,80,0,98,178,299,1527,175827,8111,5864,13975,7687,0,13824,21511,35486,211313
Jan-2003,1390,84,31,115,18,12,96,126,241,1631,197742,7535,4036,11571,2015,2638,20800,25453,37024,234766
Feb-2003,1306,66,114,180,0,39,281,320,500,1806,185051,6622,18070,24692,0,2700,69500,72200,96892,281943
Mar-2003,1389,107,42,149,2,34,63,99,248,1637,197131,10183,6704,16887,308,3810,11600,15718,32605,229736
Apr-2003,1300,170,31,201,0,0,3,3,204,1504,190894,12153,3925,16078,0,0,424,424,16501,207395
May-2003,1647,186,33,219,72,32,45,149,368,2015,243087,16790,3935,20725,6715,5560,5800,18075,38800,281887
Jun-2003,2064,187,124,311,19,38,6,63,374,2438,298320,17697,16552,34249,2299,4455,3850,10604,44853,343173
Jul-2003,1705,156,90,246,40,6,23,69,315,2020,261481,13853,14058,27911,4366,1100,5241,10707,38618,300099
Aug-2003,1634,74,60,134,10,28,91,129,263,1897,241160,9000,8711,17711,1637,2483,6740,10861,28572,269732
Sep-2003,1667,66,16,82,35,0,152,187,269,1936,241572,5966,2463,8429,4040,0,19445,23485,31914,273486
Oct-2003,1991,72,27,99,62,10,231,303,402,2393,299108,8384,4910,13294,8338,1700,44720,54758,68053,367160
Nov-2003,1635,71,24,95,184,24,87,295,390,2025,246221,5908,3310,9218,15513,5110,18816,39439,48657,294878
Dec-2003,1784,54,28,82,18,16,24,58,140,1924,272584,4779,3938,8717,1564,5285,8900,15750,24466,297051
Jan-2004,1330,66,11,77,45,0,96,141,218,1548,202018,6407,1590,7997,4704,0,19080,23784,31781,233799
Feb-2004,1476,290,35,325,72,17,126,215,540,2016,228675,24032,4936,28968,7655,2000,61676,71331,100298,328973
Mar-2004,1746,105,28,133,164,0,65,229,362,2108,262569,12347,4907,17254,23147,0,12200,35347,52602,315171
Apr-2004,1318,115,46,161,108,4,0,112,273,1591,215057,12024,7142,19167,13692,1800,0,15492,34659,249716
May-2004,1753,194,57,251,58,0,77,135,386,2139,280848,19477,9099,28577,5110,0,11200,16310,44887,325735
Jun-2004,1599,325,44,369,26,24,111,161,530,2129,255894,29398,7730,37128,3000,2260,17441,22702,59830,315724
Jul-2004,1451,240,83,323,27,80,237,344,667,2118,246197,27185,15987,43172,2812,14850,37343,55005,98178,344375
Aug-2004,1670,129,22,151,68,0,89,157,308,1978,282268,14999,4023,19022,6677,0,21900,28577,47599,329867
Sep-2004,1736,65,33,98,31,0,233,264,362,2098,289041,7502,6987,14489,3600,0,67518,71118,85607,374648
Oct-2004,1492,198,66,264,55,15,109,179,443,1935,244276,22487,8983,31469,7218,2513,29322,39053,70522,314798
Nov-2004,1731,84,23,107,30,0,62,92,199,1930,296655,10576,4357,14933,3084,0,25286,28370,43303,339958
Dec-2004,1539,114,107,221,37,12,134,183,404,1943,261343,14440,20935,35375,4424,3100,38850,46374,81749,343092
Jan-2005,1542,49,68,117,12,0,46,58,175,1717,254048,5718,9639,15357,2400,0,9460,11860,27217,281265
Feb-2005,1553,116,69,185,12,32,187,231,416,1969,261134,22448,13089,35537,1681,8970,29326,39977,75513,336647
Mar-2005,1571,257,53,310,26,0,35,61,371,1942,275640,24606,9354,33959,2983,0,8449,11432,45391,321032
Apr-2005,1492,239,68,307,40,44,175,259,566,2058,263137,24277,13860,38138,7001,6901,29150,43052,81190,344327
May-2005,1912,161,57,218,26,23,80,129,347,2259,349676,15898,12315,28213,3430,5700,21445,30574,58787,408464
Jun-2005,1769,212,55,267,91,0,37,128,395,2164,316789,26874,10517,37391,12410,0,8695,21105,58496,375285
Jul-2005,1722,122,73,195,17,14,124,155,350,2072,311590,15663,14810,30473,5028,3250,38336,46614,77087,388678
Aug-2005,1853,89,66,155,6,96,135,237,392,2245,357763,14112,15857,29970,1002,13310,53500,67812,97782,455545
Sep-2005,1778,43,53,96,0,16,51,67,163,1941,335831,4528,9023,13551,0,2713,14002,16715,30266,366097
Oct-2005,1972,141,38,179,22,0,53,75,254,2226,367158,19725,8497,28222,11228,0,27982,39210,67432,434590
Nov-2005,2058,152,51,203,16,66,40,123,326,2384,392206,18755,10116,28871,4175,16945,12700,33877,62748,454953
Dec-2005,1610,187,48,235,4,21,182,207,442,2052,318910,24945,9985,34931,1200,4400,40000,45600,80531,399441
Jan-2006,1601,131,46,177,31,0,109,140,317,1918,315737,17598,8491,26090,5128,0,22242,27370,53460,369197
Feb-2006,1800,54,50,104,60,12,0,72,176,1976,356359,6834,9876,16710,10568,2265,0,12833,29543,385903
Mar-2006,1898,149,50,199,16,63,14,93,292,2190,386066,21421,13854,35275,3041,8710,2750,14502,49776,435842
Apr-2006,1714,96,86,182,0,43,100,143,325,2039,350273,13000,15554,28554,0,9385,26360,35745,64298,414572
May-2006,2316,265,98,363,70,57,0,127,490,2806,474585,48910,21386,70296,11189,9030,0,20219,90515,565100
Jun-2006,1758,183,108,291,41,0,65,106,397,2155,381316,34474,25759,60232,7750,0,11600,19350,79582,460899
Jul-2006,1803,323,201,524,0,3,318,321,845,2648,391418,43688,38252,81941,0,1600,84346,85946,167887,559305
Aug-2006,1912,162,67,229,26,35,251,312,541,2453,421013,22962,18586,41548,7185,6500,106678,120363,161911,582924
Sep-2006,1770,126,18,144,32,118,130,280,424,2194,390843,19497,6559,26055,7740,22800,46050,76590,102645,493488
Oct-2006,1737,60,54,114,65,0,0,65,179,1916,403881,8722,13988,22710,11550,0,0,11550,34260,438141
Nov-2006,1942,214,93,307,0,22,151,173,480,2422,442500,36515,21346,57861,0,5100,63310,68410,126271,568771
Dec-2006,1487,152,30,182,85,8,250,343,525,2012,348276,26686,9990,36675,32670,4500,83090,120260,156935,505211
Jan-2007,1282,151,110,261,28,15,41,84,345,1627,314023,23050,30899,53949,4800,5264,8139,18203,72152,386175
Feb-2007,1337,97,124,221,8,0,20,28,249,1586,331675,15266,68928,84194,1085,0,8200,9285,93479,425154
Mar-2007,1655,72,72,144,64,0,32,96,240,1895,392841,11184,12748,23932,15668,0,12250,27918,51850,444691
Apr-2007,1445,83,57,140,0,39,118,157,297,1742,349015,13536,15624,29160,0,8957,31200,40157,69317,418332
May-2007,1717,156,90,246,73,52,167,292,538,2255,434044,25544,22518,48062,9907,16500,56578,82985,131047,565091
Jun-2007,1440,218,37,255,24,0,441,465,720,2160,372051,38330,16036,54366,4607,0,145330,149937,204303,576354
Jul-2007,1530,125,48,173,9,0,80,89,262,1792,377219,20800,18230,39030,3100,0,40133,43232,82262,459481
Aug-2007,1417,216,123,339,28,10,182,220,559,1976,361166,34079,27062,61141,10140,4730,71392,86262,147404,508570
Sep-2007,1626,288,48,336,19,7,109,135,471,2097,410101,46167,17175,63342,5218,4000,55173,64392,127733,537835
Oct-2007,1494,97,73,170,0,24,145,169,339,1833,367297,17566,18123,35689,0,6843,61582,68425,104114,471411
Nov-2007,1704,164,67,231,72,125,21,218,449,2153,473157,27682,18373,46055,17118,43168,10685,70971,117026,590183
Dec-2007,1210,174,101,275,4,0,313,317,592,1802,333904,32245,21064,53309,3000,0,189900,192900,246209,580113
Jan-2008,1233,132,102,234,6,77,721,804,1038,2271,324911,24940,23962,48902,900,22994,386860,410754,459656,784567
Feb-2008,1361,130,102,232,16,5,197,218,450,1811,380816,22365,30683,53048,2080,2600,62167,66847,119895,500711
Mar-2008,1218,153,99,252,4,0,329,333,585,1803,322743,26879,26464,53344,672,0,142906,143578,196922,519665
Apr-2008,1377,156,127,283,20,45,221,286,569,1946,377160,29065,43140,72205,7870,8125,80280,96275,168480,545641
May-2008,1665,185,30,215,18,26,331,375,590,2255,438510,38243,8681,46924,4284,17135,202073,223492,270417,708927
Jun-2008,1329,122,48,170,26,0,212,238,408,1737,353978,18671,13242,31913,12287,0,39100,51387,83301,437278
Jul-2008,1590,246,121,367,3,4,103,110,477,2067,418535,56339,29582,85921,358,1100,55128,56586,142506,561041
Aug-2008,1459,80,26,106,11,61,412,484,590,2049,420204,15874,7635,23509,2804,18479,107328,128611,152120,572324
Sep-2008,1365,118,57,175,0,0,25,25,200,1565,372593,27546,13515,41061,0,0,11550,11550,52611,425203
Oct-2008,1593,91,26,117,11,0,26,37,154,1747,428986,16287,7881,24168,3200,0,23050,26250,50418,479404
Nov-2008,1154,79,66,145,31,14,28,73,218,1372,323712,12662,14496,27159,12921,6000,11700,30621,57780,381492
Dec-2008,1099,151,60,211,10,0,8,18,229,1328,302484,21330,12917,34248,1576,0,4872,6447,40695,343179
Jan-2009,949,21,33,54,0,0,82,82,136,1085,256861,3529,7536,11065,0,0,36000,36000,47065,303926
Feb-2009,1130,224,91,315,8,74,26,108,423,1553,297355,41800,22095,63895,6000,12300,18390,36690,100585,397941
Mar-2009,1266,76,66,142,5,0,12,17,159,1425,314014,12363,19324,31687,1580,0,10600,12180,43867,357881
Apr-2009,1238,121,29,150,0,0,5,5,155,1393,329071,21883,10063,31946,0,0,3600,3600,35546,364617
May-2009,1550,123,42,165,6,2,144,152,317,1867,374811,20574,12648,33222,1500,700,48198,50398,83620,458430
Jun-2009,1689,196,45,241,6,4,4,14,255,1944,408440,32899,12643,45542,2036,2702,385,5123,50664,459105
Jul-2009,1837,103,21,124,7,3,4,14,138,1975,444652,21109,6225,27334,2571,1638,4180,8388,35722,480374
Aug-2009,1704,183,40,223,32,0,7,39,262,1966,405282,32477,10069,42546,7352,0,5000,12352,54898,460180
Sep-2009,1830,165,59,224,30,0,115,145,369,2199,422635,34589,17064,51653,5825,0,40039,45864,97517,520152
Oct-2009,1878,281,37,318,18,29,14,61,379,2257,476592,52022,10254,62276,4053,8161,4500,16714,78990,555582
Nov-2009,1824,239,42,281,22,3,0,25,306,2130,439221,40375,11366,51740,4987,750,0,5737,57477,496698
Dec-2009,1625,143,55,198,38,44,65,147,345,1970,425620,26220,14086,40306,7230,10146,20128,37504,77811,503430
Jan-2010,1387,210,185,395,7,4,215,226,621,2008,355589,45300,40224,85524,1440,328,47727,49495,135019,490608
Feb-2010,1815,229,62,291,220,27,88,335,626,2441,464227,40387,19495,59881,37099,6210,23844,67153,127034,591261
Mar-2010,1679,566,80,646,39,12,197,248,894,2573,456973,100681,21595,122276,6872,3182,118750,128804,251080,708053
Apr-2010,1473,212,49,261,26,0,181,207,468,1941,392310,39019,18441,57459,4070,0,73700,77770,135229,527539
May-2010,1736,198,19,217,90,5,40,135,352,2088,463877,43918,5321,49239,21541,950,17480,39971,89210,553088
Jun-2010,1784,187,3,190,8,0,74,82,272,2056,463159,35757,860,36617,1417,0,22970,24387,61003,524163
Jul-2010,1418,251,106,357,35,0,0,35,392,1810,381921,47235,32011,79247,6310,0,0,6310,85557,467478
Aug-2010,1695,104,15,119,3,15,42,60,179,1874,468258,19821,5275,25095,660,6600,12213,19473,44568,512826
Sep-2010,1538,190,41,231,67,0,0,67,298,1836,408571,37695,12553,50247,21797,0,0,21797,72044,480615
Oct-2010,1480,184,41,225,16,43,10,69,294,1774,411866,34078,13851,47929,2886,8000,5000,15886,63815,475681
Nov-2010,1574,247,32,279,137,60,0,197,476,2050,444420,44097,8424,52521,41475,20000,0,61475,113996,558416
Dec-2010,1358,79,34,113,149,2,84,235,348,1706,408139,14363,8920,23283,28536,1216,40783,70535,93818,501958
Jan-2011,1115,85,41,126,75,0,50,125,251,1366,304196,16774,11767,28541,20500,0,28540,49040,77581,381777
Feb-2011,1434,63,30,93,37,0,81,118,211,1645,398074,12305,8265,20570,17202,0,19400,36602,57172,455245
Mar-2011,1382,236,95,331,57,0,39,96,427,1809,389300,56349,19504,75853,9695,0,23850,33545,109398,498698
Apr-2011,1170,93,79,172,13,0,69,82,254,1424,334031,20411,20548,40959,1728,0,20050,21778,62737,396768
May-2011,1453,246,31,277,0,21,130,151,428,1881,404026,43091,7239,50330,0,6517,56760,63277,113607,517633
Jun-2011,1600,90,32,122,34,0,0,34,156,1756,417801,15614,10918,26532,3717,0,0,3717,30249,448050
Jul-2011,1345,75,10,85,0,95,57,152,237,1582,372951,14919,2916,17835,0,24329,10000,34329,52164,425114
Aug-2011,1504,110,21,131,23,201,0,224,355,1859,428174,22807,6269,29076,4071,47795,0,51866,80942,509116
Sep-2011,1452,67,50,117,17,42,118,177,294,1746,396231,18349,13710,32058,3915,13173,72061,89149,121207,517438
Oct-2011,1349,139,51,190,46,63,119,228,418,1767,380647,31261,14202,45462,9638,19800,27000,56438,101900,482547
Nov-2011,1322,120,56,176,31,0,4,35,211,1533,370305,20489,20520,41009,5007,0,13690,18697,59706,430010
Dec-2011,1242,102,10,112,21,0,106,127,239,1481,335254,17374,2893,20267,8189,0,21840,30029,50297,385551
Jan-2012,1275,50,3,53,2,48,12,62,115,1390,339997,9567,640,10206,460,10523,5300,16283,26489,366486
Feb-2012,1266,47,24,71,15,0,329,344,415,1681,331914,10507,7502,18010,2342,0,125400,127742,145752,477665
Mar-2012,1500,140,69,209,3,46,210,259,468,1968,420735,39154,16864,56018,419,9130,60636,70185,126203,546938
Apr-2012,773,18,6,24,6,0,0,6,30,803,215453,3240,1083,4323,1161,0,0,1161,5484,220937
May-2012,1235,75,33,108,27,0,66,93,201,1436,361652,17391,6699,24091,5900,0,17600,23500,47590,409243
Jun-2012,1232,60,22,82,75,12,295,382,464,1696,359935,14188,6677,20865,19909,3850,101367,125126,145992,505927
Jul-2012,1307,110,32,142,159,22,215,396,538,1845,342047,19883,9281,29164,32532,3100,88350,123982,153146,495193
Aug-2012,1642,192,161,353,119,12,235,366,719,2361,467689,47784,74375,122159,38602,1815,64600,105017,227176,694865
Sep-2012,1493,130,19,149,224,0,22,246,395,1888,394172,21061,6019,27080,49550,0,7701,57251,84331,478503
Oct-2012,1629,230,51,281,128,8,205,341,622,2251,442944,48221,13107,61327,20267,2300,49241,71809,133136,576080
Nov-2012,1802,202,82,284,96,0,24,120,404,2206,487240,48951,30386,79336,20069,0,7000,27069,106405,593645
Dec-2012,1373,263,55,318,78,0,30,108,426,1799,401094,52642,16623,69265,17458,0,14800,32258,101524,502617
Jan-2013,1488,96,44,140,37,37,60,134,274,1762,411794,20637,11700,32336,8910,4400,10500,23810,56146,467940
Feb-2013,1794,109,56,165,14,15,98,127,292,2086,458470,20367,15528,35895,2071,1818,24803,28692,64588,523058
Mar-2013,1619,216,48,264,98,21,64,183,447,2066,428388,46340,10384,56723,30388,2300,13818,46506,103229,531617
Apr-2013,1634,183,80,263,25,15,247,287,550,2184,432076,34250,18264,52513,5262,2806,85760,93828,146341,578417
May-2013,1998,171,64,235,42,0,416,458,693,2691,520129,35159,15906,51064,9529,0,94700,104229,155293,675421
Jun-2013,1913,180,91,271,113,0,95,208,479,2392,519794,32792,31608,64400,17525,0,43135,60660,125060,644854
Jul-2013,2129,112,100,212,105,8,172,285,497,2626,603491,19978,20667,40645,27399,1250,32491,61140,101785,705276
Aug-2013,2064,190,87,277,83,0,106,189,466,2530,545468,40537,18610,59148,13590,0,31323,44913,104061,649529
Sep-2013,1940,153,93,246,155,28,236,419,665,2605,524581,36918,23089,60007,52918,4892,67403,125213,185220,709801
Oct-2013,2180,208,66,274,34,25,135,194,468,2648,590266,45293,14095,59388,6653,5200,45000,56853,116241,706508
Nov-2013,2075,245,120,365,84,62,133,279,644,2719,590135,47515,35012,82527,14943,15340,34100,64383,146910,737045
Dec-2013,1795,105,72,177,153,0,152,305,482,2277,494098,22013,16541,38554,25517,0,73000,98517,137071,631168
Jan-2014,1732,102,140,242,46,49,241,336,578,2310,488189,19590,28959,48549,6620,15342,71096,93058,141607,629795
Feb-2014,1985,139,83,222,80,31,380,491,713,2698,543831,27904,21670,49575,17703,8942,97086,123731,173306,717137
Mar-2014,2073,145,43,188,57,57,77,191,379,2452,570363,29427,9063,38489,9417,13114,17300,39830,78320,648682
Apr-2014,1775,200,157,357,94,27,70,191,548,2323,483510,35701,32205,67906,20886,10764,34000,65650,133556,617066
May-2014,2301,169,120,289,78,36,294,408,697,2998,632689,31463,31148,62610,15480,9169,92450,117099,179709,812399
Jun-2014,2120,111,91,202,117,14,146,277,479,2599,562373,21269,25440,46710,19887,3311,31950,55148,101857,664231
Jul-2014,2328,123,52,175,73,11,732,816,991,3319,639701,26316,15148,41463,15719,2136,185363,203218,244681,884383
Aug-2014,2034,219,64,283,92,66,260,418,701,2735,558108,44481,16823,61304,19350,9293,59000,87643,148947,707054
Sep-2014,2172,127,95,222,169,164,106,439,661,2833,593130,24205,23819,48024,27157,36053,40300,103509,151534,744664
Oct-2014,2270,251,44,295,58,154,282,494,789,3059,618731,48297,11666,59962,10488,34829,87327,132644,192606,811337
Nov-2014,2021,87,195,282,173,7,501,681,963,2984,567142,16480,42150,58630,29802,1500,142000,173302,231932,799074
Dec-2014,1884,112,207,319,108,59,293,460,779,2663,511459,21710,74217,95927,19270,12180,108370,139820,235747,747206
Jan-2015,1590,73,130,203,90,83,108,281,484,2074,447221,14030,24763,38794,15455,19322,40700,75477,114271,561491
Feb-2015,1776,233,99,332,63,66,12,141,473,2249,491888,47346,21142,68488,11076,9438,3000,23513,92002,583890
Mar-2015,1862,206,113,319,73,18,454,545,864,2726,509612,40256,28585,68841,16908,10056,147440,174405,243246,752859
Apr-2015,1911,143,150,293,96,35,140,271,564,2475,537350,27405,30569,57973,19709,8518,39100,67327,125301,662650
May-2015,1962,105,81,186,102,81,726,909,1095,3057,539152,19165,17010,36175,19516,24915,296240,340671,376846,915998
Jun-2015,1839,127,89,216,135,12,8,155,371,2210,507225,23035,21458,44493,23854,2480,2000,28334,72827,580052
Jul-2015,1836,92,102,194,134,30,242,406,600,2436,509373,21944,23945,45889,25362,5953,98900,130216,176105,685477
Aug-2015,1785,61,130,191,97,90,592,779,970,2755,495759,12309,28045,40355,18815,16698,157021,192533,232888,728647
Sep-2015,1742,91,167,258,71,72,105,248,506,2248,476046,18404,42583,60987,15830,13937,29377,59144,120131,596178
Oct-2015,1691,68,176,244,98,58,275,431,675,2366,473635,12683,37081,49765,16821,16235,85980,119036,168801,642436
Nov-2015,1538,78,56,134,99,101,11,211,345,1883,432999,15278,13972,29251,21263,21909,6199,49372,78623,511621
Dec-2015,1479,142,174,316,38,8,20,66,382,1861,424134,30545,36709,67253,7723,2000,6162,15885,83138,507272
Jan-2016,1097,47,61,108,142,44,397,583,691,1788,314915,10800,12151,22951,24439,12836,104900,142175,165127,480042
Feb-2016,1463,102,85,187,90,189,82,361,548,2011,428091,20074,19243,39317,19868,33690,21700,75258,114575,542666
Mar-2016,1297,92,64,156,74,20,340,434,590,1887,376808,16760,13335,30095,16076,4000,90300,110376,140471,517279
Apr-2016,1241,109,107,216,36,124,290,450,666,1907,354690,22295,24772,47067,7370,24107,89188,120665,167732,522423
May-2016,1284,117,143,260,42,47,79,168,428,1712,360536,22786,31066,53852,7539,9839,29703,47081,100933,461469
Jun-2016,1281,101,65,166,125,10,105,240,406,1687,391992,19621,13758,33379,20616,2794,21590,45000,78379,470370
Jul-2016,1355,38,147,185,5,46,433,484,669,2024,358345,8536,35353,43888,909,18244,198593,217745,261634,619979
Aug-2016,1447,81,66,147,45,12,118,175,322,1769,419291,15028,17518,32546,8506,3600,31775,43881,76427,495718
Sep-2016,1340,122,104,226,0,36,159,195,421,1761,374310,25523,24993,50515,0,7546,44000,51546,102061,476371
Oct-2016,1303,62,94,156,52,19,32,103,259,1562,397393,14349,32503,46853,10286,3200,9200,22686,69539,466932
Nov-2016,1390,108,85,193,42,45,436,523,716,2106,406706,23304,18910,42213,9336,8925,135950,154211,196424,603130
Dec-2016,1081,42,94,136,37,20,307,364,500,1581,320304,9157,26669,35827,7353,5460,100779,113592,149419,469723
Jan-2017,976,65,103,168,25,17,167,209,377,1353,280236,13617,21882,35499,5301,3492,7350,16144,51643,331879
Feb-2017,1139,66,100,166,7,38,226,271,437,1576,329683,13194,24303,37497,1950,8556,52000,62506,100003,429686
Mar-2017,1385,69,93,162,82,22,19,123,285,1670,393572,12959,23665,36624,15185,6350,4200,25735,62358,455930
Apr-2017,952,86,76,162,13,20,81,114,276,1228,263112,18353,14805,33158,3423,8140,45000,56563,89722,352833
May-2017,1358,82,82,164,23,18,202,243,407,1765,361722,16941,20439,37380,4583,5068,43806,53457,90837,452558
Jun-2017,1251,94,61,155,25,14,426,465,620,1871,365589,18977,14673,33650,4329,6204,133932,144465,178115,543704
Jul-2017,1304,41,125,166,0,23,133,156,322,1626,365397,9054,27542,36596,0,4416,44107,48522,85118,450515
Aug-2017,1350,112,89,201,18,0,19,37,238,1588,371012,21933,21707,43640,11425,0,5000,16425,60064,431077
Sep-2017,1181,71,92,163,46,68,516,630,793,1974,316305,13740,30599,44339,10586,13588,131688,155862,200201,516506
Oct-2017,1196,69,51,120,21,30,196,247,367,1563,327105,13567,11253,24820,4359,8000,90664,103022,127842,454948
Nov-2017,1124,75,105,180,8,10,499,517,697,1821,319444,15262,30686,45947,800,1000,159430,161230,207177,526621
Dec-2017,1071,94,40,134,0,18,237,255,389,1460,321814,18860,7943,26803,0,3596,74500,78096,104900,426714
Jan-2018,1015,87,23,110,0,30,244,274,384,1399,288046,15264,5812,21076,0,6932,64955,71887,92963,381009
Feb-2018,1038,74,32,106,0,0,32,32,138,1176,294926,16359,6425,22784,0,0,15150,15150,37934,332860
Mar-2018,933,96,41,137,22,0,42,64,201,1134,274226,17236,13360,30595,4711,0,7679,12390,42986,317212
Apr-2018,1048,74,31,105,14,10,105,129,234,1282,312468,13688,7215,20903,3578,4000,46055,53633,74536,387004
May-2018,1208,136,104,240,20,0,199,219,459,1667,367010,24063,22797,46861,4402,0,100000,104402,151263,518272
Jun-2018,1070,47,76,123,10,131,290,431,554,1624,296118,9117,16609,25727,988,25016,154044,180048,205774,501892
Jul-2018,1207,29,16,45,20,4,109,133,178,1385,358192,5339,5717,11056,5211,1632,31120,37963,49019,407211
Aug-2018,1256,45,39,84,22,50,27,99,183,1439,361744,10155,12739,22894,3948,12191,8100,24239,47133,408878
Sep-2018,929,54,32,86,0,8,161,169,255,1184,275173,11118,8702,19821,0,1200,51000,52200,72021,347194
Oct-2018,1062,39,44,83,15,0,131,146,229,1291,302668,7947,10653,18600,3001,0,47600,50601,69201,371869
Nov-2018,1145,23,60,83,0,7,31,38,121,1266,346600,4312,14452,18764,0,1816,9200,11016,29780,376380
Dec-2018,861,36,38,74,19,19,25,63,137,998,261458,7601,11885,19486,7500,6090,9645,23235,42721,304180
Jan-2019,861,50,26,76,11,87,240,338,414,1275,255103,8710,6332,15042,2704,22096,53745,78545,93587,348690
Feb-2019,947,34,20,54,0,0,269,269,323,1270,268976,6923,7447,14370,0,0,98699,98699,113069,382045
Mar-2019,1013,101,68,169,42,18,148,208,377,1390,300474,20631,19569,40199,7318,7500,26348,41166,81365,381840
Apr-2019,961,73,50,123,23,12,111,146,269,1230,277033,12321,12985,25306,4787,1575,28982,35344,60650,337683
May-2019,1089,50,38,88,47,0,266,313,401,1490,315992,10671,10693,21364,8396,0,101624,110020,131383,447376
Jun-2019,946,106,26,132,14,5,48,67,199,1145,285642,20189,7933,28123,2530,1542,21600,25672,53795,339437
Jul-2019,936,70,38,108,0,6,195,201,309,1245,281850,15017,9463,24479,0,965,43183,44148,68628,350478
Aug-2019,906,29,34,63,0,64,522,586,649,1555,268364,6689,11872,18561,0,13000,232800,245800,264361,532725
Sep-2019,928,57,37,94,0,3,9,12,106,1034,276444,12284,11642,23926,0,1750,2732,4482,28408,304851
Oct-2019,1026,90,22,112,24,0,151,175,287,1313,304813,16082,7330,23412,5731,0,50611,56342,79753,384566
Nov-2019,1007,71,32,103,0,0,46,46,149,1156,304175,16153,14614,30768,0,0,15500,15500,46268,350443
Dec-2019,864,45,8,53,14,7,94,115,168,1032,268373,11136,2621,13757,6914,2000,38813,47727,61485,329857
Jan-2020,838,29,34,63,5,7,33,45,108,946,253832,6218,9581,15799,1200,1770,8251,11221,27020,280853
Feb-2020,947,25,20,45,0,0,132,132,177,1124,294041,5068,5769,10837,0,0,44222,44222,55059,349099
Mar-2020,933,44,68,112,8,23,85,116,228,1161,283033,9726,16641,26367,1743,7040,25271,34054,60421,343454
Apr-2020,1000,40,29,69,20,62,163,245,314,1314,286519,8430,7234,15664,4223,16271,52608,73102,88765,375285
May-2020,957,41,42,83,0,14,300,314,397,1354,295562,7279,12923,20203,0,4455,82443,86898,107101,402662
Jun-2020,921,29,15,44,0,8,109,117,161,1082,269166,6160,10360,16520,0,2066,46480,48546,65066,334232
Jul-2020,1030,11,5,16,8,8,63,79,95,1125,297698,1682,1450,3132,1300,1566,40208,43073,46205,343903
Aug-2020,1210,10,16,26,0,21,41,62,88,1298,346440,1932,5314,7246,0,6600,12500,19100,26346,372786