,Total number of dwelling units ;  Australian Capital Territory ;  New ;  Houses ;,"Total number of dwelling units ;  Australian Capital Territory ;  New ;  Semi-detached, row or terrace houses, townhouses - One storey ;","Total number of dwelling units ;  Australian Capital Territory ;  New ;  Semi-detached, row or terrace houses, townhouses - Two or more storeys ;","Total number of dwelling units ;  Australian Capital Territory ;  New ;  Semi-detached, row or terrace houses, townhouses - Total ;",Total number of dwelling units ;  Australian Capital Territory ;  New ;  Flats units or apartments - In a one or two storey block ;,Total number of dwelling units ;  Australian Capital Territory ;  New ;  Flats units or apartments - In a three storey block ;,Total number of dwelling units ;  Australian Capital Territory ;  New ;  Flats units or apartments - In a four or more storey block ;,Total number of dwelling units ;  Australian Capital Territory ;  New ;  Flats units or apartments - Total including those attached to a house ;,Total number of dwelling units ;  Australian Capital Territory ;  New ;  Total Other Residential ;,Total number of dwelling units ;  Australian Capital Territory ;  New ;  Total Residential ;,Total value of building jobs ;  Australian Capital Territory ;  New ;  Houses ;,"Total value of building jobs ;  Australian Capital Territory ;  New ;  Semi-detached, row or terrace houses, townhouses - One storey ;","Total value of building jobs ;  Australian Capital Territory ;  New ;  Semi-detached, row or terrace houses, townhouses - Two or more storeys ;","Total value of building jobs ;  Australian Capital Territory ;  New ;  Semi-detached, row or terrace houses, townhouses - Total ;",Total value of building jobs ;  Australian Capital Territory ;  New ;  Flats units or apartments - In a one or two storey block ;,Total value of building jobs ;  Australian Capital Territory ;  New ;  Flats units or apartments - In a three storey block ;,Total value of building jobs ;  Australian Capital Territory ;  New ;  Flats units or apartments - In a four or more storey block ;,Total value of building jobs ;  Australian Capital Territory ;  New ;  Flats units or apartments - Total including those attached to a house ;,Total value of building jobs ;  Australian Capital Territory ;  New ;  Total Other Residential ;,Total value of building jobs ;  Australian Capital Territory ;  New ;  Total Residential ;
Unit,Number,Number,Number,Number,Number,Number,Number,Number,Number,Number,$'000,$'000,$'000,$'000,$'000,$'000,$'000,$'000,$'000,$'000
Series Type,Original,Original,Original,Original,Original,Original,Original,Original,Original,Original,Original,Original,Original,Original,Original,Original,Original,Original,Original,Original
Data Type,FLOW,FLOW,FLOW,FLOW,FLOW,FLOW,FLOW,FLOW,FLOW,FLOW,FLOW,FLOW,FLOW,FLOW,FLOW,FLOW,FLOW,FLOW,FLOW,FLOW
Frequency,Month,Month,Month,Month,Month,Month,Month,Month,Month,Month,Month,Month,Month,Month,Month,Month,Month,Month,Month,Month
Collection Month,1,1,1,1,1,1,1,1,1,1,1,1,1,1,1,1,1,1,1,1
Series Start,Jul-1970,Jul-1991,Jul-1991,Jul-1991,Jul-1991,Jul-1991,Jul-1991,Jul-1991,Jul-1970,Jan-1965,Jul-1970,Jul-1991,Jul-1991,Jul-1991,Jul-1991,Jul-1991,Jul-1991,Jul-1991,Jul-1970,Jul-1970
Series End,Aug-2020,Aug-2020,Aug-2020,Aug-2020,Aug-2020,Aug-2020,Aug-2020,Aug-2020,Aug-2020,Aug-2020,Aug-2020,Aug-2020,Aug-2020,Aug-2020,Aug-2020,Aug-2020,Aug-2020,Aug-2020,Aug-2020,Aug-2020
No. Obs,602,350,350,350,350,350,350,350,602,668,602,350,350,350,350,350,350,350,602,602
Series ID,A419061W,A416349C,A423457V,A416988X,A424105J,A424654X,A425221K,A417651K,A419746L,A420492W,A419063A,A416351R,A423459X,A416990K,A424107L,A424656C,A425223R,A417653R,A419748T,A420494A
Jan-1965,,,,,,,,,,172,,,,,,,,,,
Feb-1965,,,,,,,,,,163,,,,,,,,,,
Mar-1965,,,,,,,,,,175,,,,,,,,,,
Apr-1965,,,,,,,,,,191,,,,,,,,,,
May-1965,,,,,,,,,,272,,,,,,,,,,
Jun-1965,,,,,,,,,,227,,,,,,,,,,
Jul-1965,,,,,,,,,,102,,,,,,,,,,
Aug-1965,,,,,,,,,,310,,,,,,,,,,
Sep-1965,,,,,,,,,,141,,,,,,,,,,
Oct-1965,,,,,,,,,,367,,,,,,,,,,
Nov-1965,,,,,,,,,,218,,,,,,,,,,
Dec-1965,,,,,,,,,,145,,,,,,,,,,
Jan-1966,,,,,,,,,,106,,,,,,,,,,
Feb-1966,,,,,,,,,,169,,,,,,,,,,
Mar-1966,,,,,,,,,,122,,,,,,,,,,
Apr-1966,,,,,,,,,,227,,,,,,,,,,
May-1966,,,,,,,,,,176,,,,,,,,,,
Jun-1966,,,,,,,,,,98,,,,,,,,,,
Jul-1966,,,,,,,,,,167,,,,,,,,,,
Aug-1966,,,,,,,,,,1014,,,,,,,,,,
Sep-1966,,,,,,,,,,127,,,,,,,,,,
Oct-1966,,,,,,,,,,260,,,,,,,,,,
Nov-1966,,,,,,,,,,135,,,,,,,,,,
Dec-1966,,,,,,,,,,158,,,,,,,,,,
Jan-1967,,,,,,,,,,98,,,,,,,,,,
Feb-1967,,,,,,,,,,170,,,,,,,,,,
Mar-1967,,,,,,,,,,156,,,,,,,,,,
Apr-1967,,,,,,,,,,204,,,,,,,,,,
May-1967,,,,,,,,,,183,,,,,,,,,,
Jun-1967,,,,,,,,,,139,,,,,,,,,,
Jul-1967,,,,,,,,,,182,,,,,,,,,,
Aug-1967,,,,,,,,,,210,,,,,,,,,,
Sep-1967,,,,,,,,,,132,,,,,,,,,,
Oct-1967,,,,,,,,,,198,,,,,,,,,,
Nov-1967,,,,,,,,,,153,,,,,,,,,,
Dec-1967,,,,,,,,,,96,,,,,,,,,,
Jan-1968,,,,,,,,,,161,,,,,,,,,,
Feb-1968,,,,,,,,,,155,,,,,,,,,,
Mar-1968,,,,,,,,,,112,,,,,,,,,,
Apr-1968,,,,,,,,,,105,,,,,,,,,,
May-1968,,,,,,,,,,122,,,,,,,,,,
Jun-1968,,,,,,,,,,374,,,,,,,,,,
Jul-1968,,,,,,,,,,197,,,,,,,,,,
Aug-1968,,,,,,,,,,193,,,,,,,,,,
Sep-1968,,,,,,,,,,334,,,,,,,,,,
Oct-1968,,,,,,,,,,343,,,,,,,,,,
Nov-1968,,,,,,,,,,283,,,,,,,,,,
Dec-1968,,,,,,,,,,198,,,,,,,,,,
Jan-1969,,,,,,,,,,259,,,,,,,,,,
Feb-1969,,,,,,,,,,288,,,,,,,,,,
Mar-1969,,,,,,,,,,432,,,,,,,,,,
Apr-1969,,,,,,,,,,177,,,,,,,,,,
May-1969,,,,,,,,,,265,,,,,,,,,,
Jun-1969,,,,,,,,,,228,,,,,,,,,,
Jul-1969,,,,,,,,,,269,,,,,,,,,,
Aug-1969,,,,,,,,,,296,,,,,,,,,,
Sep-1969,,,,,,,,,,241,,,,,,,,,,
Oct-1969,,,,,,,,,,306,,,,,,,,,,
Nov-1969,,,,,,,,,,250,,,,,,,,,,
Dec-1969,,,,,,,,,,256,,,,,,,,,,
Jan-1970,,,,,,,,,,272,,,,,,,,,,
Feb-1970,,,,,,,,,,309,,,,,,,,,,
Mar-1970,,,,,,,,,,295,,,,,,,,,,
Apr-1970,,,,,,,,,,359,,,,,,,,,,
May-1970,,,,,,,,,,330,,,,,,,,,,
Jun-1970,,,,,,,,,,387,,,,,,,,,,
Jul-1970,321,,,,,,,,2,323,4128,,,,,,,,15,4143
Aug-1970,337,,,,,,,,20,357,4805,,,,,,,,247,5052
Sep-1970,431,,,,,,,,0,431,5721,,,,,,,,0,5721
Oct-1970,427,,,,,,,,14,441,5511,,,,,,,,200,5711
Nov-1970,188,,,,,,,,0,188,2725,,,,,,,,0,2725
Dec-1970,285,,,,,,,,5,290,3855,,,,,,,,55,3910
Jan-1971,335,,,,,,,,0,335,4166,,,,,,,,0,4166
Feb-1971,218,,,,,,,,175,393,3076,,,,,,,,1829,4905
Mar-1971,405,,,,,,,,3,408,4847,,,,,,,,27,4874
Apr-1971,221,,,,,,,,20,241,3202,,,,,,,,171,3373
May-1971,241,,,,,,,,0,241,3429,,,,,,,,0,3429
Jun-1971,236,,,,,,,,7,243,3455,,,,,,,,83,3538
Jul-1971,319,,,,,,,,5,324,4384,,,,,,,,90,4474
Aug-1971,371,,,,,,,,126,497,5013,,,,,,,,824,5837
Sep-1971,220,,,,,,,,80,300,3420,,,,,,,,430,3850
Oct-1971,322,,,,,,,,198,520,4755,,,,,,,,1919,6674
Nov-1971,338,,,,,,,,0,338,4450,,,,,,,,0,4450
Dec-1971,203,,,,,,,,16,219,2815,,,,,,,,101,2916
Jan-1972,224,,,,,,,,0,224,3503,,,,,,,,0,3503
Feb-1972,396,,,,,,,,0,396,5440,,,,,,,,0,5440
Mar-1972,390,,,,,,,,11,401,5772,,,,,,,,140,5912
Apr-1972,168,,,,,,,,0,168,2630,,,,,,,,0,2630
May-1972,383,,,,,,,,7,390,5409,,,,,,,,100,5509
Jun-1972,291,,,,,,,,102,393,4677,,,,,,,,449,5126
Jul-1972,374,,,,,,,,6,380,5513,,,,,,,,80,5593
Aug-1972,295,,,,,,,,0,295,5227,,,,,,,,0,5227
Sep-1972,350,,,,,,,,42,392,5051,,,,,,,,279,5330
Oct-1972,321,,,,,,,,25,346,5384,,,,,,,,150,5534
Nov-1972,565,,,,,,,,0,565,8705,,,,,,,,0,8705
Dec-1972,295,,,,,,,,20,315,4822,,,,,,,,230,5052
Jan-1973,388,,,,,,,,48,436,6676,,,,,,,,375,7051
Feb-1973,363,,,,,,,,171,534,6017,,,,,,,,1160,7177
Mar-1973,405,,,,,,,,139,544,7046,,,,,,,,811,7857
Apr-1973,372,,,,,,,,54,426,6240,,,,,,,,440,6680
May-1973,466,,,,,,,,31,497,8232,,,,,,,,127,8359
Jun-1973,455,,,,,,,,6,461,8034,,,,,,,,75,8109
Jul-1973,495,,,,,,,,100,595,8692,,,,,,,,805,9497
Aug-1973,417,,,,,,,,64,481,7599,,,,,,,,995,8594
Sep-1973,337,,,,,,,,115,452,6555,,,,,,,,1211,7766
Oct-1973,191,,,,,,,,247,438,4112,,,,,,,,3377,7489
Nov-1973,251,,,,,,,,100,351,4743,,,,,,,,1621,6364
Dec-1973,365,,,,,,,,7,372,6402,,,,,,,,99,6501
Jan-1974,232,,,,,,,,34,266,5923,,,,,,,,384,6307
Feb-1974,301,,,,,,,,73,374,7120,,,,,,,,915,8035
Mar-1974,356,,,,,,,,0,356,7603,,,,,,,,0,7603
Apr-1974,370,,,,,,,,12,382,8042,,,,,,,,112,8154
May-1974,282,,,,,,,,27,309,7376,,,,,,,,365,7741
Jun-1974,264,,,,,,,,0,264,6254,,,,,,,,0,6254
Jul-1974,202,,,,,,,,76,278,5663,,,,,,,,880,6543
Aug-1974,309,,,,,,,,19,328,6482,,,,,,,,135,6617
Sep-1974,233,,,,,,,,0,233,6011,,,,,,,,0,6011
Oct-1974,326,,,,,,,,40,366,7786,,,,,,,,600,8386
Nov-1974,228,,,,,,,,214,442,5647,,,,,,,,4136,9783
Dec-1974,317,,,,,,,,0,317,6816,,,,,,,,0,6816
Jan-1975,351,,,,,,,,0,351,8006,,,,,,,,0,8006
Feb-1975,181,,,,,,,,32,213,5215,,,,,,,,470,5685
Mar-1975,291,,,,,,,,44,335,7162,,,,,,,,673,7835
Apr-1975,299,,,,,,,,55,354,7708,,,,,,,,1006,8714
May-1975,487,,,,,,,,24,511,11606,,,,,,,,250,11856
Jun-1975,378,,,,,,,,47,425,9887,,,,,,,,1051,10938
Jul-1975,420,,,,,,,,25,445,10800,,,,,,,,465,11265
Aug-1975,255,,,,,,,,5,260,7811,,,,,,,,133,7944
Sep-1975,392,,,,,,,,0,392,11711,,,,,,,,0,11711
Oct-1975,434,,,,,,,,0,434,12718,,,,,,,,0,12718
Nov-1975,318,,,,,,,,18,336,9603,,,,,,,,408,10011
Dec-1975,269,,,,,,,,182,451,8353,,,,,,,,5150,13503
Jan-1976,329,,,,,,,,8,337,10817,,,,,,,,204,11021
Feb-1976,293,,,,,,,,111,404,10289,,,,,,,,2920,13209
Mar-1976,295,,,,,,,,40,335,9960,,,,,,,,953,10913
Apr-1976,433,,,,,,,,73,506,13972,,,,,,,,1619,15591
May-1976,346,,,,,,,,39,385,11349,,,,,,,,979,12328
Jun-1976,257,,,,,,,,0,257,9169,,,,,,,,0,9169
Jul-1976,297,,,,,,,,129,426,9727,,,,,,,,2645,12372
Aug-1976,268,,,,,,,,5,273,8692,,,,,,,,115,8807
Sep-1976,200,,,,,,,,28,228,6885,,,,,,,,691,7576
Oct-1976,282,,,,,,,,14,296,8899,,,,,,,,379,9278
Nov-1976,288,,,,,,,,47,335,8741,,,,,,,,1033,9774
Dec-1976,219,,,,,,,,17,236,6351,,,,,,,,490,6841
Jan-1977,138,,,,,,,,46,184,5124,,,,,,,,699,5823
Feb-1977,108,,,,,,,,104,212,3899,,,,,,,,2828,6727
Mar-1977,95,,,,,,,,14,109,3328,,,,,,,,439,3767
Apr-1977,71,,,,,,,,8,79,2576,,,,,,,,226,2802
May-1977,141,,,,,,,,5,146,4621,,,,,,,,115,4736
Jun-1977,165,,,,,,,,153,318,4877,,,,,,,,4410,9287
Jul-1977,105,,,,,,,,58,163,3592,,,,,,,,2199,5791
Aug-1977,159,,,,,,,,24,183,4840,,,,,,,,1124,5964
Sep-1977,186,,,,,,,,58,244,5389,,,,,,,,1462,6851
Oct-1977,180,,,,,,,,9,189,5427,,,,,,,,299,5726
Nov-1977,211,,,,,,,,43,254,6418,,,,,,,,915,7333
Dec-1977,121,,,,,,,,15,136,3774,,,,,,,,227,4001
Jan-1978,154,,,,,,,,6,160,4588,,,,,,,,144,4732
Feb-1978,81,,,,,,,,23,104,2684,,,,,,,,791,3475
Mar-1978,98,,,,,,,,8,106,3162,,,,,,,,176,3338
Apr-1978,92,,,,,,,,46,138,3045,,,,,,,,1117,4162
May-1978,187,,,,,,,,61,248,6199,,,,,,,,1385,7584
Jun-1978,113,,,,,,,,7,120,3501,,,,,,,,228,3729
Jul-1978,80,,,,,,,,9,89,2880,,,,,,,,686,3566
Aug-1978,222,,,,,,,,19,241,7352,,,,,,,,718,8070
Sep-1978,204,,,,,,,,0,204,6573,,,,,,,,0,6573
Oct-1978,126,,,,,,,,8,134,4076,,,,,,,,176,4252
Nov-1978,209,,,,,,,,37,246,6399,,,,,,,,1404,7803
Dec-1978,94,,,,,,,,74,168,3185,,,,,,,,804,3989
Jan-1979,109,,,,,,,,53,162,3705,,,,,,,,1274,4979
Feb-1979,129,,,,,,,,66,195,4252,,,,,,,,1645,5897
Mar-1979,90,,,,,,,,10,100,2947,,,,,,,,284,3231
Apr-1979,131,,,,,,,,18,197,4283,,,,,,,,360,4643
May-1979,132,,,,,,,,32,164,4833,,,,,,,,858,5691
Jun-1979,93,,,,,,,,92,185,3438,,,,,,,,2269,5707
Jul-1979,79,,,,,,,,16,95,2885,,,,,,,,518,3403
Aug-1979,84,,,,,,,,77,161,2935,,,,,,,,1893,4828
Sep-1979,60,,,,,,,,57,117,2194,,,,,,,,1228,3422
Oct-1979,85,,,,,,,,60,145,3190,,,,,,,,1486,4676
Nov-1979,89,,,,,,,,35,124,3128,,,,,,,,952,4080
Dec-1979,54,,,,,,,,4,58,1934,,,,,,,,79,2013
Jan-1980,82,,,,,,,,19,101,3010,,,,,,,,627,3637
Feb-1980,88,,,,,,,,45,133,3114,,,,,,,,1227,4341
Mar-1980,83,,,,,,,,151,234,2733,,,,,,,,4645,7378
Apr-1980,90,,,,,,,,70,160,3113,,,,,,,,2240,5353
May-1980,122,,,,,,,,68,190,4255,,,,,,,,2544,6799
Jun-1980,70,,,,,,,,96,166,2654,,,,,,,,2791,5445
Jul-1980,135,,,,,,,,34,169,4959,,,,,,,,959,5918
Aug-1980,149,,,,,,,,49,198,4975,,,,,,,,1432,6407
Sep-1980,121,,,,,,,,93,214,4334,,,,,,,,2772,7106
Oct-1980,119,,,,,,,,93,212,4360,,,,,,,,2847,7207
Nov-1980,137,,,,,,,,81,218,5225,,,,,,,,2614,7839
Dec-1980,72,,,,,,,,74,146,2711,,,,,,,,2708,5419
Jan-1981,130,,,,,,,,76,206,4721,,,,,,,,2608,7329
Feb-1981,179,,,,,,,,42,221,6781,,,,,,,,520,7301
Mar-1981,190,,,,,,,,9,199,7728,,,,,,,,270,7998
Apr-1981,164,,,,,,,,61,225,7234,,,,,,,,2056,9290
May-1981,195,,,,,,,,38,233,8485,,,,,,,,1679,10164
Jun-1981,227,,,,,,,,21,248,10230,,,,,,,,992,11222
Jul-1981,138,,,,,,,,39,177,6257,,,,,,,,1522,7779
Aug-1981,159,,,,,,,,37,196,6779,,,,,,,,1640,8419
Sep-1981,196,,,,,,,,106,302,8375,,,,,,,,4301,12676
Oct-1981,230,,,,,,,,117,347,9389,,,,,,,,4554,13943
Nov-1981,118,,,,,,,,34,152,5099,,,,,,,,1251,6350
Dec-1981,174,,,,,,,,10,184,6860,,,,,,,,600,7460
Jan-1982,143,,,,,,,,0,143,5709,,,,,,,,0,5709
Feb-1982,62,,,,,,,,26,88,2659,,,,,,,,1157,3816
Mar-1982,79,,,,,,,,36,115,3393,,,,,,,,1836,5229
Apr-1982,88,,,,,,,,0,88,4523,,,,,,,,0,4523
May-1982,113,,,,,,,,34,147,4625,,,,,,,,1642,6267
Jun-1982,119,,,,,,,,32,231,7561,,,,,,,,823,8384
Jul-1982,91,,,,,,,,18,109,4018,,,,,,,,592,4610
Aug-1982,97,,,,,,,,34,131,4378,,,,,,,,4144,8522
Sep-1982,111,,,,,,,,54,165,5140,,,,,,,,1783,6923
Oct-1982,138,,,,,,,,16,154,5672,,,,,,,,352,6024
Nov-1982,194,,,,,,,,54,248,8167,,,,,,,,2395,10562
Dec-1982,79,,,,,,,,14,93,3779,,,,,,,,746,4525
Jan-1983,82,,,,,,,,35,117,4341,,,,,,,,1164,5505
Feb-1983,89,,,,,,,,18,107,4711,,,,,,,,600,5311
Mar-1983,97,,,,,,,,12,109,4863,,,,,,,,240,5103
Apr-1983,113,,,,,,,,0,113,5703,,,,,,,,0,5703
May-1983,207,,,,,,,,70,277,9576,,,,,,,,2290,11866
Jun-1983,127,,,,,,,,36,163,7408,,,,,,,,1068,8476
Jul-1983,139,,,,,,,,71,210,8321,,,,,,,,2676,10997
Aug-1983,114,,,,,,,,29,143,7296,,,,,,,,1250,8547
Sep-1983,120,,,,,,,,22,142,6970,,,,,,,,866,7835
Oct-1983,137,,,,,,,,7,144,7753,,,,,,,,296,8048
Nov-1983,178,,,,,,,,43,221,8473,,,,,,,,1850,10323
Dec-1983,106,,,,,,,,54,160,5420,,,,,,,,1882,7303
Jan-1984,111,,,,,,,,0,111,5782,,,,,,,,0,5782
Feb-1984,123,,,,,,,,115,238,7310,,,,,,,,4815,12125
Mar-1984,72,,,,,,,,183,255,4631,,,,,,,,5536,10167
Apr-1984,108,,,,,,,,93,201,6069,,,,,,,,3345,9414
May-1984,261,,,,,,,,45,306,14336,,,,,,,,1361,15697
Jun-1984,267,,,,,,,,78,345,12504,,,,,,,,3050,15555
Jul-1984,79,,,,,,,,42,121,4811,,,,,,,,4105,8915
Aug-1984,294,,,,,,,,29,323,16403,,,,,,,,1174,17577
Sep-1984,229,,,,,,,,4,233,12280,,,,,,,,302,12582
Oct-1984,214,,,,,,,,35,249,13320,,,,,,,,1446,14766
Nov-1984,341,,,,,,,,0,341,18029,,,,,,,,0,18029
Dec-1984,290,,,,,,,,26,316,14717,,,,,,,,1711,16428
Jan-1985,236,,,,,,,,70,306,12887,,,,,,,,2451,15337
Feb-1985,272,,,,,,,,91,363,15839,,,,,,,,1968,17807
Mar-1985,192,,,,,,,,47,239,10470,,,,,,,,1350,11820
Apr-1985,248,,,,,,,,6,254,12838,,,,,,,,203,13041
May-1985,289,,,,,,,,112,401,15771,,,,,,,,4776,20547
Jun-1985,412,,,,,,,,74,486,21484,,,,,,,,3777,25260
Jul-1985,220,,,,,,,,45,265,12644,,,,,,,,1563,14207
Aug-1985,313,,,,,,,,157,470,17236,,,,,,,,6773,24009
Sep-1985,367,,,,,,,,69,436,20282,,,,,,,,2814,23095
Oct-1985,342,,,,,,,,234,576,19794,,,,,,,,10949,30743
Nov-1985,288,,,,,,,,35,323,16030,,,,,,,,1203,17232
Dec-1985,109,,,,,,,,26,135,6776,,,,,,,,1090,7866
Jan-1986,215,,,,,,,,92,307,11302,,,,,,,,5145,16447
Feb-1986,272,,,,,,,,24,296,14342,,,,,,,,1516,15858
Mar-1986,101,,,,,,,,18,119,6587,,,,,,,,677,7264
Apr-1986,182,,,,,,,,126,308,9935,,,,,,,,7236,17171
May-1986,176,,,,,,,,60,236,10660,,,,,,,,2199,12858
Jun-1986,196,,,,,,,,135,331,11048,,,,,,,,7909,18957
Jul-1986,192,,,,,,,,38,230,11911,,,,,,,,1520,13431
Aug-1986,167,,,,,,,,17,184,11368,,,,,,,,510,11878
Sep-1986,184,,,,,,,,52,236,13016,,,,,,,,2716,15732
Oct-1986,199,,,,,,,,40,239,15677,,,,,,,,1904,17581
Nov-1986,210,,,,,,,,89,299,14517,,,,,,,,5780,20297
Dec-1986,131,,,,,,,,94,225,9143,,,,,,,,5649,14791
Jan-1987,89,,,,,,,,111,200,6148,,,,,,,,4343,10491
Feb-1987,91,,,,,,,,177,268,6582,,,,,,,,9603,16186
Mar-1987,58,,,,,,,,1,59,4945,,,,,,,,60,5005
Apr-1987,70,,,,,,,,2,72,5366,,,,,,,,150,5516
May-1987,66,,,,,,,,18,84,5035,,,,,,,,749,5784
Jun-1987,141,,,,,,,,105,246,10105,,,,,,,,6417,16523
Jul-1987,121,,,,,,,,141,262,7632,,,,,,,,19666,27298
Aug-1987,121,,,,,,,,68,189,8873,,,,,,,,2849,11722
Sep-1987,140,,,,,,,,28,168,9927,,,,,,,,960,10887
Oct-1987,142,,,,,,,,85,227,10129,,,,,,,,4595,14723
Nov-1987,114,,,,,,,,10,124,9122,,,,,,,,946,10067
Dec-1987,131,,,,,,,,27,158,9547,,,,,,,,917,10465
Jan-1988,89,,,,,,,,40,129,6556,,,,,,,,1310,7866
Feb-1988,203,,,,,,,,112,315,14929,,,,,,,,5746,20674
Mar-1988,152,,,,,,,,206,358,11001,,,,,,,,10247,21248
Apr-1988,123,,,,,,,,45,168,8832,,,,,,,,2531,11363
May-1988,256,,,,,,,,150,406,17018,,,,,,,,8772,25790
Jun-1988,132,,,,,,,,79,211,9696,,,,,,,,4923,14619
Jul-1988,137,,,,,,,,80,217,12858,,,,,,,,5070,17928
Aug-1988,225,,,,,,,,39,264,18517,,,,,,,,2681,21197
Sep-1988,129,,,,,,,,29,158,10373,,,,,,,,1684,12057
Oct-1988,125,,,,,,,,112,237,10130,,,,,,,,7952,18082
Nov-1988,241,,,,,,,,106,347,18555,,,,,,,,7837,26393
Dec-1988,111,,,,,,,,17,128,9501,,,,,,,,1718,11219
Jan-1989,123,,,,,,,,12,135,11554,,,,,,,,914,12468
Feb-1989,178,,,,,,,,49,227,14806,,,,,,,,3956,18763
Mar-1989,199,,,,,,,,80,279,16640,,,,,,,,6396,23036
Apr-1989,183,,,,,,,,52,235,15263,,,,,,,,3521,18784
May-1989,169,,,,,,,,110,279,15933,,,,,,,,7739,23672
Jun-1989,205,,,,,,,,72,277,19503,,,,,,,,5907,25409
Jul-1989,108,,,,,,,,54,162,10344,,,,,,,,4109,14453
Aug-1989,88,,,,,,,,98,186,10502,,,,,,,,8455,18957
Sep-1989,66,,,,,,,,175,241,6980,,,,,,,,13080,20060
Oct-1989,132,,,,,,,,70,202,12711,,,,,,,,5587,18299
Nov-1989,92,,,,,,,,36,128,10087,,,,,,,,2241,12328
Dec-1989,72,,,,,,,,19,91,7943,,,,,,,,2019,9963
Jan-1990,124,,,,,,,,33,157,11747,,,,,,,,2563,14310
Feb-1990,197,,,,,,,,99,296,17845,,,,,,,,7071,24916
Mar-1990,123,,,,,,,,53,176,12224,,,,,,,,4658,16881
Apr-1990,112,,,,,,,,98,210,12318,,,,,,,,7063,19380
May-1990,108,,,,,,,,198,306,11445,,,,,,,,14726,26171
Jun-1990,73,,,,,,,,123,196,8827,,,,,,,,8003,16830
Jul-1990,85,,,,,,,,89,174,10450,,,,,,,,7482,17931
Aug-1990,86,,,,,,,,163,249,9954,,,,,,,,9434,19388
Sep-1990,96,,,,,,,,67,163,10854,,,,,,,,5448,16302
Oct-1990,99,,,,,,,,116,215,11754,,,,,,,,9512,21266
Nov-1990,75,,,,,,,,70,145,9347,,,,,,,,5460,14807
Dec-1990,92,,,,,,,,65,157,10398,,,,,,,,5085,15484
Jan-1991,98,,,,,,,,56,154,10780,,,,,,,,4524,15304
Feb-1991,84,,,,,,,,52,136,9302,,,,,,,,6096,15398
Mar-1991,37,,,,,,,,6,43,3624,,,,,,,,644,4269
Apr-1991,121,,,,,,,,60,181,12840,,,,,,,,4781,17620
May-1991,181,,,,,,,,106,287,18400,,,,,,,,9687,28087
Jun-1991,113,,,,,,,,133,246,10884,,,,,,,,10823,21708
Jul-1991,202,107,0,107,0,0,0,0,107,309,18050,7844,0,7844,0,0,0,0,7844,25895
Aug-1991,163,177,0,177,0,0,0,0,177,340,16613,13176,0,13176,0,0,0,0,13176,29789
Sep-1991,132,29,0,29,29,0,0,29,58,190,13989,2282,0,2282,2234,0,0,2234,4516,18505
Oct-1991,161,68,0,68,77,0,0,77,145,306,16552,4710,0,4710,5963,0,0,5963,10673,27225
Nov-1991,114,79,0,79,0,0,0,0,79,193,12749,6453,0,6453,0,0,0,0,6453,19202
Dec-1991,119,137,0,137,0,0,0,0,137,256,12040,10916,0,10916,0,0,0,0,10916,22956
Jan-1992,160,115,0,115,0,0,0,0,115,275,14185,9439,0,9439,0,0,0,0,9439,23624
Feb-1992,235,85,0,85,0,0,0,0,85,320,21508,6278,0,6278,0,0,0,0,6278,27786
Mar-1992,280,92,30,122,0,5,0,5,127,407,26870,7145,2369,9514,0,434,0,434,9947,36817
Apr-1992,206,219,0,219,26,0,0,26,245,451,19259,17851,0,17851,2026,0,0,2026,19877,39136
May-1992,161,107,8,115,0,16,0,16,131,292,16705,7285,632,7917,0,1392,0,1392,9309,26014
Jun-1992,231,114,72,186,28,0,0,28,214,445,23067,8593,4657,13250,1806,0,0,1806,15056,38123
Jul-1992,245,78,36,114,66,0,87,153,267,512,24954,5000,4868,9868,4863,0,8266,13129,22997,47951
Aug-1992,237,188,76,264,0,0,0,0,264,501,21801,11837,4411,16248,0,0,0,0,16248,38049
Sep-1992,287,106,27,133,0,0,0,0,133,420,28099,7091,2445,9536,0,0,0,0,9536,37635
Oct-1992,219,19,0,19,0,0,0,0,19,238,23231,1039,0,1039,0,0,0,0,1039,24270
Nov-1992,206,73,111,184,9,0,0,9,193,399,21771,5329,8785,14114,546,0,0,546,14660,36431
Dec-1992,144,31,6,37,54,0,0,54,91,235,15736,2744,556,3300,5392,0,0,5392,8692,24428
Jan-1993,125,82,40,122,0,0,0,0,122,247,13298,6150,2800,8950,0,0,0,0,8950,22249
Feb-1993,173,117,0,117,28,0,0,28,145,318,17207,7784,0,7784,2694,0,0,2694,10478,27685
Mar-1993,187,87,13,100,0,40,0,40,140,327,19778,6724,1146,7870,0,2766,0,2766,10636,30414
Apr-1993,168,29,0,29,6,0,188,194,223,391,15971,2384,0,2384,450,0,26300,26750,29134,45105
May-1993,245,97,0,97,32,0,0,32,129,374,24211,7592,0,7592,2446,0,0,2446,10038,34249
Jun-1993,207,159,0,159,11,0,0,11,170,377,20343,12732,0,12732,1139,0,0,1139,13872,34215
Jul-1993,231,73,0,73,6,84,0,90,163,394,25852,5072,0,5072,476,5688,0,6165,11236,37089
Aug-1993,132,58,8,66,66,81,139,286,352,484,15618,4618,680,5297,4355,5300,10000,19655,24953,40570
Sep-1993,154,69,0,69,40,0,0,40,109,263,18732,5518,0,5518,3202,0,0,3202,8719,27451
Oct-1993,117,87,29,116,0,0,0,0,116,233,13313,7867,2503,10370,0,0,0,0,10370,23683
Nov-1993,143,79,0,79,13,0,0,13,92,235,15533,5303,0,5303,2233,0,0,2233,7536,23068
Dec-1993,135,63,6,69,61,0,0,61,130,265,14086,4967,559,5526,4179,0,0,4179,9705,23791
Jan-1994,106,56,153,209,346,24,0,370,579,685,12235,4507,14064,18571,18949,3500,0,22449,41020,53255
Feb-1994,131,60,20,80,30,0,0,30,110,241,15059,5218,1787,7005,2550,0,0,2550,9555,24613
Mar-1994,131,50,7,57,32,138,0,170,227,358,15038,4299,693,4991,2229,10485,0,12714,17705,32743
Apr-1994,103,74,17,91,12,38,0,50,141,244,12917,6412,1698,8110,944,3996,0,4940,13050,25967
May-1994,134,209,16,225,0,0,0,0,225,359,14841,14372,1906,16278,0,0,0,0,16278,31119
Jun-1994,162,108,17,125,12,0,0,12,137,299,16731,9657,1729,11386,1019,0,0,1019,12405,29136
Jul-1994,222,75,0,75,0,0,0,0,75,297,21667,6535,0,6535,0,0,0,0,6535,28202
Aug-1994,155,142,0,142,0,0,0,0,142,297,14452,11817,0,11817,0,0,0,0,11817,26270
Sep-1994,154,90,0,90,20,0,0,20,110,264,17024,6997,0,6997,1758,0,0,1758,8755,25778
Oct-1994,139,164,63,227,28,0,0,28,255,394,16366,16694,5794,22488,1957,0,0,1957,24445,40811
Nov-1994,75,18,0,18,0,0,85,85,103,178,8430,1804,0,1804,0,0,6300,6300,8104,16533
Dec-1994,91,12,0,12,10,0,0,10,22,113,10548,1079,0,1079,917,0,0,917,1997,12545
Jan-1995,132,92,6,98,10,0,0,10,108,240,15262,8550,585,9135,513,0,0,513,9648,24911
Feb-1995,136,25,0,25,85,0,0,85,110,246,15714,2193,0,2193,8272,0,0,8272,10465,26179
Mar-1995,108,38,0,38,0,0,0,0,38,146,14054,3015,0,3015,0,0,0,0,3015,17069
Apr-1995,97,23,21,44,0,0,20,20,64,161,10017,2027,3031,5058,0,0,1530,1530,6588,16605
May-1995,131,36,61,97,0,0,0,0,97,228,14679,2854,4494,7348,0,0,0,0,7348,22027
Jun-1995,93,50,10,60,0,0,0,0,60,153,10190,4355,1243,5598,0,0,0,0,5598,15788
Jul-1995,124,21,10,31,0,0,77,77,108,232,13738,2099,1469,3568,0,0,10907,10907,14475,28212
Aug-1995,112,4,0,4,6,0,0,6,10,122,13309,204,0,204,506,0,0,506,710,14019
Sep-1995,142,34,4,38,0,0,0,0,38,180,15378,2831,509,3340,0,0,0,0,3340,18718
Oct-1995,132,19,17,36,14,0,0,14,50,182,13792,1963,1000,2963,1741,0,0,1741,4704,18496
Nov-1995,123,21,56,77,0,65,135,200,277,400,15585,1452,7768,9220,0,4839,10825,15664,24884,40470
Dec-1995,62,6,0,6,0,12,0,12,18,80,7549,447,0,447,0,1400,0,1400,1847,9397
Jan-1996,95,16,5,21,0,0,0,0,21,116,10304,1126,524,1651,0,0,0,0,1651,11955
Feb-1996,49,27,4,31,0,0,99,99,130,179,5473,2725,282,3006,0,0,7481,7481,10487,15960
Mar-1996,77,3,0,3,0,63,0,63,66,143,8150,221,0,221,0,3750,0,3750,3971,12121
Apr-1996,76,0,0,0,0,45,0,45,45,121,8502,0,0,0,0,7785,0,7785,7785,16287
May-1996,156,17,6,23,54,0,0,54,77,233,17752,1292,632,1923,4470,0,0,4470,6393,24145
Jun-1996,60,17,0,17,0,0,0,0,17,77,6948,1309,0,1309,0,0,0,0,1309,8257
Jul-1996,109,19,8,27,0,0,0,0,27,136,12770,1659,753,2412,0,0,0,0,2412,15182
Aug-1996,140,9,28,37,0,168,0,168,205,345,17128,850,2900,3750,0,8000,0,8000,11750,28878
Sep-1996,88,24,14,38,0,0,0,0,38,126,11051,1820,1518,3338,0,0,0,0,3338,14390
Oct-1996,94,6,18,24,0,0,0,0,24,118,11354,640,1722,2362,0,0,0,0,2362,13716
Nov-1996,106,27,0,27,12,0,72,84,111,217,12934,2200,0,2200,1364,0,8186,9550,11750,24684
Dec-1996,79,0,0,0,0,0,0,0,0,79,10194,0,0,0,0,0,0,0,0,10194
Jan-1997,115,4,16,20,0,0,0,0,20,135,12817,490,1811,2301,0,0,0,0,2301,15118
Feb-1997,116,27,124,151,0,0,0,0,151,267,13096,2757,11301,14058,0,0,0,0,14058,27154
Mar-1997,116,6,0,6,0,0,0,0,6,122,12125,479,0,479,0,0,0,0,479,12603
Apr-1997,116,2,20,22,0,0,0,0,22,138,14193,193,2173,2366,0,0,0,0,2366,16559
May-1997,91,3,0,3,0,0,120,120,123,214,10433,277,0,277,0,0,13489,13489,13766,24199
Jun-1997,54,0,0,0,0,0,0,0,0,54,6379,0,0,0,0,0,0,0,0,6379
Jul-1997,88,11,0,11,8,0,0,8,19,107,9272,877,0,877,480,0,0,480,1357,10629
Aug-1997,86,16,51,67,0,0,0,0,67,153,9551,1467,5058,6524,0,0,0,0,6524,16075
Sep-1997,83,0,0,0,0,0,0,0,0,83,11179,0,0,0,0,0,0,0,0,11179
Oct-1997,133,0,8,8,0,0,0,0,8,141,17484,0,798,798,0,0,0,0,798,18282
Nov-1997,81,0,0,0,0,0,36,36,36,117,9751,0,0,0,0,0,3400,3400,3400,13151
Dec-1997,78,16,0,16,0,0,0,0,16,94,9423,1360,0,1360,0,0,0,0,1360,10783
Jan-1998,81,7,0,7,0,0,0,0,7,88,9612,556,0,556,0,0,0,0,556,10168
Feb-1998,81,13,0,13,0,0,0,0,13,94,10118,983,0,983,0,0,0,0,983,11101
Mar-1998,94,0,0,0,10,0,0,10,10,104,12463,0,0,0,950,0,0,950,950,13413
Apr-1998,88,0,5,5,0,0,0,0,5,93,11174,0,383,383,0,0,0,0,383,11557
May-1998,83,0,22,22,0,0,0,0,22,105,11615,0,1900,1900,0,0,0,0,1900,13515
Jun-1998,125,0,48,48,0,0,42,42,90,215,14073,0,6207,6207,0,0,3239,3239,9446,23519
Jul-1998,166,0,34,34,8,36,0,44,78,244,19691,0,3417,3417,441,4246,0,4686,8103,27794
Aug-1998,128,0,0,0,62,0,0,62,62,190,15292,0,0,0,6305,0,0,6305,6305,21597
Sep-1998,82,11,0,11,8,0,0,8,19,101,10549,1184,0,1184,732,0,0,732,1917,12465
Oct-1998,88,0,0,0,0,0,0,0,0,88,11891,0,0,0,0,0,0,0,0,11891
Nov-1998,118,6,6,12,0,0,0,0,12,130,14639,548,702,1250,0,0,0,0,1250,15889
Dec-1998,67,0,0,0,64,0,25,89,89,156,9120,0,0,0,4265,0,3800,8065,8065,17184
Jan-1999,88,44,0,44,0,0,0,0,44,132,11652,3830,0,3830,0,0,0,0,3830,15482
Feb-1999,108,4,52,56,52,0,0,52,108,216,13828,328,4155,4482,4654,0,0,4654,9136,22964
Mar-1999,109,40,29,69,0,0,0,0,69,178,14447,5184,4266,9450,0,0,0,0,9450,23897
Apr-1999,123,10,14,24,0,0,0,0,24,147,14677,1243,1865,3107,0,0,0,0,3107,17784
May-1999,158,6,19,25,0,0,0,0,25,183,21639,719,2729,3448,0,0,0,0,3448,25086
Jun-1999,62,14,2,16,64,34,0,98,114,176,9295,966,157,1122,6578,4076,0,10653,11776,21071
Jul-1999,91,8,40,48,0,0,0,0,48,139,13923,696,4727,5424,0,0,0,0,5424,19347
Aug-1999,114,0,2,2,0,0,0,0,2,116,15483,0,228,228,0,0,0,0,228,15711
Sep-1999,185,4,60,64,0,0,110,110,174,359,25038,318,9742,10060,0,0,10800,10800,20860,45898
Oct-1999,98,2,27,29,0,0,0,0,29,127,12905,200,3077,3277,0,0,0,0,3277,16182
Nov-1999,132,39,18,57,16,0,0,16,73,205,17866,2722,2071,4792,1000,0,0,1000,5792,23659
Dec-1999,106,17,0,17,0,13,0,13,30,136,14566,1180,0,1180,0,367,0,367,1547,16112
Jan-2000,116,0,13,13,0,119,0,119,132,248,15710,0,1494,1494,0,12062,0,12062,13557,29266
Feb-2000,168,26,72,98,0,0,0,0,98,266,25287,3784,10627,14410,0,0,0,0,14410,39697
Mar-2000,143,2,26,28,0,0,0,0,28,171,18425,190,3004,3194,0,0,0,0,3194,21619
Apr-2000,128,2,0,2,0,0,0,0,2,130,17345,193,0,193,0,0,0,0,193,17539
May-2000,149,0,35,35,2,7,10,19,54,203,20099,0,6780,6780,181,584,1149,1914,8694,28793
Jun-2000,70,0,52,52,0,82,0,82,134,204,10676,0,6697,6697,0,9589,0,9589,16286,26961
Jul-2000,59,4,0,4,0,12,0,12,16,75,10000,653,0,653,0,1255,0,1255,1909,11909
Aug-2000,132,7,10,17,0,21,0,21,38,170,20391,678,1922,2600,0,2368,0,2368,4969,25360
Sep-2000,68,9,2,11,15,0,37,52,63,131,10143,1338,252,1590,2039,0,3795,5834,7423,17567
Oct-2000,114,0,35,35,36,0,0,36,71,185,19156,0,5329,5329,3828,0,0,3828,9157,28313
Nov-2000,69,0,22,22,0,34,0,34,56,125,10742,0,1987,1987,0,5065,0,5065,7052,17794
Dec-2000,71,2,24,26,0,0,0,0,26,97,10623,328,2839,3167,0,0,0,0,3167,13790
Jan-2001,57,0,5,5,0,19,103,122,127,184,8529,0,832,832,0,2453,13922,16375,17207,25736
Feb-2001,95,12,0,12,0,16,0,16,28,123,15837,1358,0,1358,0,1471,0,1471,2829,18666
Mar-2001,44,13,9,22,0,0,0,0,22,66,7243,1643,1668,3311,0,0,0,0,3311,10554
Apr-2001,81,0,0,0,0,38,0,38,38,119,11619,0,0,0,0,3237,0,3237,3237,14856
May-2001,121,10,41,51,8,6,0,14,65,186,20120,971,5280,6251,1077,1230,0,2307,8558,28678
Jun-2001,56,0,18,18,0,0,211,211,229,285,10241,0,2757,2757,0,0,27056,27056,29813,40054
Jul-2001,112,6,12,18,0,52,0,52,70,182,17743,827,1411,2239,0,4802,0,4802,7040,24783
Aug-2001,120,2,0,2,0,0,0,0,2,122,19158,257,0,257,0,0,0,0,257,19415
Sep-2001,100,4,2,6,0,0,0,0,6,106,14294,387,245,632,0,0,0,0,632,14925
Oct-2001,85,10,16,26,0,158,142,300,326,411,12716,808,1530,2338,0,18096,24925,43021,45359,58075
Nov-2001,100,2,10,12,0,14,252,266,278,378,15538,336,1097,1433,0,1679,31318,32997,34430,49968
Dec-2001,107,0,9,9,0,24,39,63,72,179,16871,0,1029,1029,0,2743,3770,6513,7542,24412
Jan-2002,73,0,6,6,0,0,0,0,6,79,12795,0,1309,1309,0,0,0,0,1309,14104
Feb-2002,68,0,0,0,0,6,21,27,27,95,11552,0,0,0,0,666,3600,4266,4266,15818
Mar-2002,145,2,7,9,13,0,0,13,22,167,22385,192,1002,1194,1380,0,0,1380,2574,24959
Apr-2002,98,0,19,19,0,0,48,48,67,165,15000,0,2884,2884,0,0,5988,5988,8871,23871
May-2002,126,65,0,65,0,0,58,58,123,249,19105,6401,0,6401,0,0,8198,8198,14599,33704
Jun-2002,80,15,0,15,0,0,0,0,15,95,13405,1863,0,1863,0,0,0,0,1863,15268
Jul-2002,184,4,43,47,0,0,97,97,144,328,29591,440,6469,6908,0,0,17015,17015,23923,53515
Aug-2002,164,10,10,20,8,0,0,8,28,192,25345,1209,1151,2360,719,0,0,719,3079,28424
Sep-2002,118,0,47,47,0,35,367,402,449,567,22369,0,6097,6097,0,3170,39519,42688,48785,71154
Oct-2002,206,34,78,112,0,0,0,0,112,318,32444,3287,13462,16749,0,0,0,0,16749,49193
Nov-2002,249,0,43,43,0,0,0,0,43,292,37438,0,5857,5857,0,0,0,0,5857,43295
Dec-2002,131,10,8,18,0,0,167,167,185,316,20360,1176,1158,2333,0,0,30000,30000,32333,52693
Jan-2003,90,34,15,49,0,0,0,0,49,139,14569,3518,2151,5669,0,0,0,0,5669,20239
Feb-2003,157,9,30,39,0,28,0,28,67,224,24934,991,4600,5591,0,2493,0,2493,8083,33017
Mar-2003,96,20,0,20,0,14,89,103,123,219,14661,2508,0,2508,0,1128,18000,19128,21636,36297
Apr-2003,183,9,28,37,0,0,0,0,37,220,27229,1194,3999,5192,0,0,0,0,5192,32421
May-2003,151,0,18,18,0,0,20,20,38,189,24184,0,2084,2084,0,0,1796,1796,3880,28065
Jun-2003,160,2,0,2,0,0,0,0,2,162,26473,336,0,336,0,0,0,0,336,26809
Jul-2003,127,0,2,2,27,0,30,57,59,186,24471,0,242,242,2715,0,2972,5687,5929,30400
Aug-2003,124,0,2,2,0,0,0,0,2,126,25256,0,288,288,0,0,0,0,288,25544
Sep-2003,161,0,0,0,0,0,203,203,203,364,31240,0,0,0,0,0,46132,46132,46132,77372
Oct-2003,186,6,18,24,12,14,248,274,298,484,36180,466,2838,3304,2380,3389,42275,48044,51348,87528
Nov-2003,121,0,0,0,4,0,0,4,4,125,24382,0,0,0,213,0,0,213,213,24594
Dec-2003,96,2,0,2,8,27,11,46,48,144,19087,261,0,261,885,3048,1134,5067,5328,24414
Jan-2004,68,2,0,2,0,18,26,44,46,114,13481,197,0,197,0,3886,2766,6653,6850,20331
Feb-2004,125,2,16,18,4,18,51,73,91,216,25543,399,2852,3251,1005,2500,5355,8859,12110,37653
Mar-2004,94,16,6,22,0,28,58,86,108,202,20454,2417,874,3291,0,2258,7463,9721,13012,33466
Apr-2004,87,0,36,36,0,16,104,120,156,243,19427,0,5396,5396,0,2341,16123,18464,23861,43288
May-2004,109,4,6,10,21,96,497,614,624,733,23033,596,927,1522,3302,8145,67614,79062,80584,103617
Jun-2004,73,0,0,0,0,120,0,120,120,193,15742,0,0,0,0,12753,0,12753,12753,28494
Jul-2004,72,0,0,0,0,0,0,0,0,72,15219,0,0,0,0,0,0,0,0,15219
Aug-2004,101,0,0,0,0,8,0,8,8,109,19827,0,0,0,0,937,0,937,937,20764
Sep-2004,70,0,0,0,2,0,20,22,22,92,13751,0,0,0,261,0,2216,2478,2478,16229
Oct-2004,72,0,0,0,2,0,0,2,2,74,14878,0,0,0,243,0,0,243,243,15121
Nov-2004,63,0,6,6,0,0,181,181,187,250,17631,0,1265,1265,0,0,24386,24386,25651,43282
Dec-2004,74,0,2,2,0,0,467,467,469,543,16265,0,319,319,0,0,110000,110000,110319,126584
Jan-2005,28,0,17,17,0,21,415,436,453,481,7069,0,3920,3920,0,2310,91030,93340,97260,104329
Feb-2005,47,0,0,0,0,0,0,0,0,47,10665,0,0,0,0,0,0,0,0,10665
Mar-2005,104,0,0,0,0,24,24,48,48,152,25566,0,0,0,0,2813,4900,7713,7713,33279
Apr-2005,136,0,0,0,0,0,0,0,0,136,29100,0,0,0,0,0,0,0,0,29100
May-2005,138,0,4,4,46,18,0,64,68,206,31731,0,840,840,8874,2253,0,11128,11967,43698
Jun-2005,80,2,21,23,8,0,0,8,31,111,17888,271,2686,2957,943,0,0,943,3900,21789
Jul-2005,85,2,2,4,0,0,0,0,4,89,19278,307,377,683,0,0,0,0,683,19961
Aug-2005,84,0,0,0,0,120,0,120,120,204,19856,0,0,0,0,24000,0,24000,24000,43856
Sep-2005,66,13,9,22,2,0,0,2,24,90,14818,2992,1440,4432,318,0,0,318,4750,19568
Oct-2005,70,0,4,4,0,0,0,0,4,74,15386,0,436,436,0,0,0,0,436,15821
Nov-2005,108,3,8,11,4,21,0,25,36,144,23713,359,1252,1611,661,3630,0,4291,5903,29615
Dec-2005,118,4,14,18,2,0,108,110,128,246,26131,724,2174,2899,313,0,50000,50313,53212,79343
Jan-2006,41,4,2,6,0,0,19,19,25,66,9865,572,469,1041,0,0,2523,2523,3564,13429
Feb-2006,94,7,11,18,2,57,74,133,151,245,20840,1203,2002,3205,251,10230,11558,22040,25245,46084
Mar-2006,96,15,12,27,4,10,0,14,41,137,22679,2381,1660,4042,472,1568,0,2040,6082,28761
Apr-2006,64,0,2,2,56,0,0,56,58,122,14664,0,352,352,9649,0,0,9649,10001,24665
May-2006,109,127,9,136,0,0,0,0,136,245,23342,27806,1287,29093,0,0,0,0,29093,52435
Jun-2006,109,4,26,30,21,8,35,64,94,203,23926,605,4034,4640,1691,1034,24500,27225,31865,55791
Jul-2006,94,15,20,35,0,95,0,95,130,224,22175,1762,4335,6097,0,15736,0,15736,21833,44008
Aug-2006,148,3,3,6,0,0,75,75,81,229,36665,280,356,636,0,0,10621,10621,11257,47922
Sep-2006,189,0,0,0,0,0,55,55,55,244,44349,0,0,0,0,0,9000,9000,9000,53349
Oct-2006,83,0,7,7,0,0,0,0,7,90,22514,0,1336,1336,0,0,0,0,1336,23850
Nov-2006,156,31,7,38,0,49,0,49,87,243,36484,3433,1619,5052,0,5883,0,5883,10935,47419
Dec-2006,56,2,4,6,0,22,0,22,28,84,14305,301,518,819,0,3980,0,3980,4799,19104
Jan-2007,72,2,2,4,0,0,0,0,4,76,17280,412,382,794,0,0,0,0,794,18074
Feb-2007,75,2,11,13,9,0,66,75,88,163,18746,329,2524,2853,1399,0,9690,11089,13942,32688
Mar-2007,88,0,6,6,0,120,22,142,148,236,24076,0,1316,1316,0,13981,2544,16525,17840,41916
Apr-2007,83,2,14,16,17,0,0,17,33,116,19649,135,2460,2595,2128,0,0,2128,4723,24373
May-2007,95,6,4,10,0,61,56,117,127,222,21984,790,649,1439,0,27809,32120,59929,61368,83353
Jun-2007,121,96,6,102,0,36,54,90,192,313,30883,15295,713,16008,0,2074,6938,9012,25020,55902
Jul-2007,137,0,8,8,4,0,188,192,200,337,34568,0,1626,1626,743,0,19600,20343,21970,56537
Aug-2007,79,0,12,12,7,0,25,32,44,123,20936,0,2198,2198,3076,0,2537,5613,7811,28747
Sep-2007,79,2,0,2,0,0,18,18,20,99,19918,287,0,287,0,0,1633,1633,1920,21838
Oct-2007,125,0,23,23,2,0,30,32,55,180,32830,0,3145,3145,392,0,5426,5818,8963,41793
Nov-2007,122,6,2,8,0,88,82,170,178,300,33841,564,186,749,0,11399,10279,21679,22428,56269
Dec-2007,73,0,0,0,0,0,37,37,37,110,17120,0,0,0,0,0,8000,8000,8000,25120
Jan-2008,68,6,19,25,0,0,24,24,49,117,17093,770,3587,4357,0,0,2720,2720,7077,24170
Feb-2008,90,2,24,26,0,18,74,92,118,208,20195,102,5274,5376,0,3784,16000,19784,25161,45355
Mar-2008,64,2,4,6,4,28,0,32,38,102,15582,317,767,1084,951,3474,0,4425,5508,21090
Apr-2008,158,8,20,28,9,8,0,17,45,203,39459,868,3031,3900,1305,1500,0,2805,6704,46163
May-2008,90,2,16,18,0,0,0,0,18,108,21601,197,3635,3831,0,0,0,0,3831,25432
Jun-2008,199,2,36,38,8,0,202,210,248,447,43186,187,7402,7589,947,0,36003,36950,44539,87726
Jul-2008,74,6,84,90,6,0,140,146,236,310,18708,1118,21946,23065,558,0,37600,38158,61223,79931
Aug-2008,91,13,21,34,0,0,39,39,73,164,20291,1997,4506,6503,0,0,4748,4748,11251,31541
Sep-2008,114,24,7,31,2,8,0,10,41,155,27035,3933,1290,5223,498,824,0,1322,6545,33580
Oct-2008,106,12,5,17,0,0,329,329,346,452,25122,1798,1084,2882,0,0,104385,104385,107267,132389
Nov-2008,110,47,10,57,5,78,0,83,140,250,25004,6985,1105,8090,1252,10620,0,11872,19962,44967
Dec-2008,106,0,4,4,0,0,0,0,4,110,26787,0,1404,1404,0,0,0,0,1404,28191
Jan-2009,70,18,1,19,13,0,0,13,32,102,13181,2070,156,2226,1239,0,0,1239,3465,16646
Feb-2009,115,22,3,25,15,26,0,41,66,181,26121,4609,504,5113,1932,2930,0,4862,9974,36095
Mar-2009,161,30,32,62,0,0,0,0,62,223,36229,4157,7766,11923,0,0,0,0,11923,48152
Apr-2009,168,69,18,87,11,25,89,125,212,380,34189,7331,3227,10559,883,5900,15400,22183,32742,66931
May-2009,194,79,0,79,0,0,0,0,79,273,38372,9005,0,9005,0,0,0,0,9005,47376
Jun-2009,175,2,36,38,24,42,0,66,104,279,36449,344,5162,5506,2861,3014,0,5875,11381,47830
Jul-2009,212,24,2,26,185,0,114,299,325,537,51692,3530,770,4300,34971,0,70000,104971,109271,160963
Aug-2009,191,10,4,14,6,20,0,26,40,231,46079,1122,777,1898,858,1701,0,2558,4457,50536
Sep-2009,229,2,77,79,21,57,0,78,157,386,56663,271,12921,13192,5640,5427,0,11067,24259,80923
Oct-2009,204,11,6,17,20,55,0,75,92,296,53715,2083,1610,3692,2641,6609,0,9251,12943,66659
Nov-2009,180,37,18,55,0,75,104,179,234,414,49910,4405,5570,9975,0,8932,14045,22977,32952,82862
Dec-2009,155,0,62,62,27,4,82,113,175,330,39115,0,10193,10193,3750,1300,14283,19333,29525,68640
Jan-2010,79,0,19,19,38,0,106,144,163,242,21370,0,3765,3765,4685,0,32000,36685,40451,61820
Feb-2010,120,42,61,103,11,48,8,67,170,290,31130,7977,11249,19227,1703,8293,1059,11055,30282,61412
Mar-2010,286,0,84,84,0,0,27,27,111,397,71845,0,16344,16344,0,0,5022,5022,21366,93211
Apr-2010,182,25,37,62,0,67,237,304,366,548,47178,4536,9567,14103,0,9129,51270,60399,74502,121680
May-2010,148,151,72,223,0,0,6,6,229,377,43326,24604,12306,36910,0,0,922,922,37832,81158
Jun-2010,221,67,21,88,0,100,79,179,267,488,59197,10873,3878,14750,0,12283,13027,25310,40060,99257
Jul-2010,181,5,18,23,3,35,116,154,177,358,51763,801,2410,3211,1492,5508,38300,45300,48511,100274
Aug-2010,144,51,14,65,8,0,349,357,422,566,43533,7846,5450,13296,1434,0,90000,91434,104729,148262
Sep-2010,140,22,0,22,0,72,43,115,137,277,39283,3997,0,3997,0,11981,9446,21426,25424,64707
Oct-2010,240,10,6,16,11,0,792,803,819,1059,66614,1550,969,2519,2905,0,148626,151531,154051,220665
Nov-2010,149,25,16,41,0,53,118,171,212,361,43998,3026,4351,7377,0,7902,32380,40282,47660,91657
Dec-2010,158,8,110,118,0,47,164,211,329,487,42424,1010,24221,25231,0,10267,36012,46279,71510,113933
Jan-2011,104,2,0,2,0,0,115,115,117,221,27964,509,0,509,0,0,34000,34000,34509,62474
Feb-2011,211,37,8,45,14,0,47,61,106,317,40406,8207,2197,10404,2262,0,7792,10054,20457,60863
Mar-2011,184,57,21,78,10,140,227,377,455,639,49232,11398,3623,15021,1258,18617,32000,51876,66897,116129
Apr-2011,130,28,22,50,0,17,264,281,331,461,28619,4884,3731,8614,0,3361,56910,60271,68886,97504
May-2011,103,51,103,154,82,58,235,375,529,632,31286,10805,17903,28708,13386,9919,40092,63397,92106,123391
Jun-2011,102,24,22,46,33,128,162,323,369,471,30577,3575,5024,8599,4505,22574,40000,67079,75678,106255
Jul-2011,146,6,9,15,10,32,591,633,648,794,36363,1123,1575,2698,1024,5953,109642,116619,119316,155680
Aug-2011,197,27,0,27,27,20,0,47,74,271,52765,9981,0,9981,5452,3190,0,8642,18623,71388
Sep-2011,196,39,114,153,56,57,0,113,266,462,58099,7741,28406,36147,8418,7561,0,15979,52126,110226
Oct-2011,129,33,123,156,18,0,346,364,520,649,35173,7019,22097,29116,4030,0,90000,94030,123146,158319
Nov-2011,130,32,0,32,31,0,0,31,63,193,38162,5697,0,5697,12444,0,0,12444,18141,56304
Dec-2011,132,10,86,96,56,94,0,150,246,378,37511,2668,14180,16849,6137,17000,0,23137,39986,77497
Jan-2012,87,0,0,0,0,0,0,0,0,87,26929,0,0,0,0,0,0,0,0,26929
Feb-2012,173,7,20,27,11,110,0,121,148,321,53097,1679,4356,6035,2509,11400,0,13909,19944,73041
Mar-2012,155,7,71,78,10,0,0,10,88,243,47000,1130,15501,16631,2068,0,0,2068,18700,65700
Apr-2012,136,16,23,39,0,0,24,24,63,199,43294,2375,5668,8043,0,0,8760,8760,16803,60097
May-2012,198,16,20,36,67,0,670,737,773,971,67500,2459,5721,8180,11477,0,127744,139221,147401,214901
Jun-2012,104,20,24,44,0,0,138,138,182,286,36924,5035,2607,7643,0,0,25175,25175,32817,69742
Jul-2012,177,20,0,20,0,0,0,0,20,197,54265,3803,0,3803,0,0,0,0,3803,58068
Aug-2012,168,8,0,8,48,0,0,48,56,224,60522,1218,0,1218,9420,0,0,9420,10638,71160
Sep-2012,150,9,0,9,15,52,0,67,76,226,48631,2532,0,2532,1823,11800,0,13623,16155,64785
Oct-2012,139,29,15,44,0,0,68,68,112,251,48367,7157,4390,11547,0,0,14547,14547,26095,74462
Nov-2012,171,29,47,76,0,0,240,240,316,487,63842,7615,10556,18171,0,0,60000,60000,78171,142013
Dec-2012,123,26,0,26,0,0,149,149,175,298,43065,5497,0,5497,0,0,41000,41000,46497,89562
Jan-2013,107,2,17,19,34,0,42,76,95,202,37013,469,3786,4255,6925,0,15500,22425,26680,63693
Feb-2013,117,31,10,41,7,0,226,233,274,391,41210,5611,1689,7300,1406,0,67417,68823,76124,117334
Mar-2013,183,41,0,41,20,8,52,80,121,304,57823,9827,0,9827,4335,1221,19800,25356,35183,93006
Apr-2013,129,6,97,103,103,31,0,134,237,366,44017,2279,15739,18018,15773,5475,0,21248,39266,83283
May-2013,120,37,5,42,24,292,129,445,487,607,41702,8405,1213,9618,5168,66410,32300,103878,113496,155197
Jun-2013,128,4,113,117,0,0,0,0,117,245,44509,851,24582,25434,0,0,0,0,25434,69943
Jul-2013,206,104,90,194,0,96,348,444,638,844,71721,22629,15181,37810,0,30345,63218,93563,131373,203094
Aug-2013,63,2,49,51,15,15,230,260,311,374,24306,658,10830,11488,3200,3334,64900,71434,82922,107228
Sep-2013,122,4,27,31,9,10,138,157,188,310,43047,716,8244,8959,1958,2050,37400,41408,50367,93414
Oct-2013,105,29,60,89,0,0,257,257,346,451,40348,6126,10670,16796,0,0,60880,60880,77676,118024
Nov-2013,175,20,53,73,8,22,48,78,151,326,55613,6656,13897,20552,952,5900,10128,16980,37533,93146
Dec-2013,128,11,2,13,18,46,174,238,251,379,39268,3930,270,4200,4851,10508,34800,50158,54358,93627
Jan-2014,161,16,0,16,10,0,270,280,296,457,48837,2662,0,2662,2577,0,61470,64047,66708,115545
Feb-2014,128,27,0,27,0,37,194,231,258,386,40332,7379,0,7379,0,7441,33513,40954,48332,88664
Mar-2014,184,4,0,4,42,0,180,222,226,410,56173,1005,0,1005,8385,0,31534,39919,40924,97097
Apr-2014,159,4,0,4,0,78,52,130,134,293,48086,1256,0,1256,0,12000,18000,30000,31256,79342
May-2014,180,2,6,8,12,11,0,23,31,211,55155,462,1234,1696,2500,1512,0,4012,5708,60863
Jun-2014,141,2,47,49,0,0,0,0,49,190,46093,350,13162,13512,0,0,0,0,13512,59605
Jul-2014,174,7,34,41,0,0,91,91,132,306,60807,2990,12875,15865,0,0,17406,17406,33271,94078
Aug-2014,131,26,28,54,21,197,165,383,437,568,44227,5225,11654,16879,5413,48917,35200,89531,106410,150637
Sep-2014,82,33,49,82,0,20,0,20,102,184,29442,6765,12613,19378,0,3012,0,3012,22390,51832
Oct-2014,109,11,0,11,23,0,110,133,144,253,42035,2421,0,2421,4600,0,22000,26600,29021,71056
Nov-2014,104,4,79,83,3,58,157,218,301,405,36635,1573,22303,23876,907,17495,35194,53596,77472,114107
Dec-2014,148,0,69,69,0,50,0,50,119,267,46866,0,19667,19667,0,7153,0,7153,26820,73686
Jan-2015,49,13,20,33,0,0,156,156,189,238,20107,4317,6141,10459,0,0,46000,46000,56459,76566
Feb-2015,72,8,12,20,12,0,0,12,32,104,26627,1176,2799,3975,3395,0,0,3395,7370,33997
Mar-2015,121,16,0,16,4,0,100,104,120,241,41791,3214,0,3214,1162,0,21000,22162,25376,67167
Apr-2015,99,2,55,57,24,0,670,694,751,850,34250,635,12053,12688,5451,0,126852,132303,144991,179242
May-2015,122,23,29,52,8,14,95,117,169,291,40901,4806,10861,15668,2221,2160,28900,33281,48948,89850
Jun-2015,94,2,127,129,0,0,324,324,453,547,34161,397,24175,24572,0,0,73020,73020,97592,131753
Jul-2015,97,8,23,31,14,0,147,161,192,289,31316,1539,8060,9600,3600,0,32537,36138,45737,77053
Aug-2015,87,6,159,165,10,10,315,335,500,587,32221,1295,28609,29904,1960,2887,86402,91249,121153,153374
Sep-2015,90,112,95,207,7,0,106,113,320,410,32928,21388,17729,39117,1572,0,58382,59954,99071,131998
Oct-2015,59,19,63,82,0,0,66,66,148,207,22332,4635,15440,20075,0,0,18324,18324,38399,60731
Nov-2015,53,34,91,125,12,0,65,77,202,255,18894,6427,17845,24272,1514,0,21263,22777,47049,65943
Dec-2015,111,7,39,46,5,0,0,5,51,162,38718,1744,9000,10744,939,0,0,939,11683,50401
Jan-2016,51,7,125,132,0,0,48,48,180,231,20351,1541,28482,30023,0,0,13750,13750,43773,64124
Feb-2016,67,56,114,170,91,0,482,573,743,810,26894,11791,23904,35695,15049,0,128796,143845,179540,206434
Mar-2016,83,13,80,93,0,48,302,350,443,526,30584,2756,18087,20843,0,10219,74410,84629,105472,136055
Apr-2016,108,50,105,155,0,0,0,0,155,263,38460,10972,23142,34113,0,0,0,0,34113,72573
May-2016,143,6,76,82,79,40,337,456,538,681,52251,1732,23100,24833,18044,10373,79244,107661,132494,184745
Jun-2016,147,7,11,18,0,0,83,83,101,248,48753,2046,3970,6016,0,0,18364,18364,24380,73133
Jul-2016,133,18,91,109,0,0,288,288,397,530,45311,3095,18398,21493,0,0,81462,81462,102955,148266
Aug-2016,142,26,235,261,0,0,224,224,485,627,50666,5821,52370,58191,0,0,46800,46800,104991,155657
Sep-2016,121,59,76,135,0,0,656,656,791,912,41812,12337,13353,25690,0,0,147500,147500,173190,215002
Oct-2016,73,6,75,81,0,0,192,192,273,346,29155,1482,20071,21552,0,0,44000,44000,65552,94707
Nov-2016,123,17,74,91,0,0,322,322,413,536,43470,3687,20037,23724,0,0,102200,102200,125924,169394
Dec-2016,64,4,226,230,0,24,125,149,379,443,23020,1255,49975,51230,0,3536,37489,41025,92255,115275
Jan-2017,48,2,9,11,14,0,95,109,120,168,18546,516,2463,2979,2578,0,28742,31320,34299,52844
Feb-2017,64,77,58,135,0,0,146,146,281,345,23221,22467,11739,34207,0,0,83600,83600,117807,141028
Mar-2017,73,10,3,13,4,12,307,323,336,409,30571,2490,1352,3842,616,2561,89385,92562,96404,126975
Apr-2017,62,5,118,123,0,0,115,115,238,300,24145,1412,24709,26121,0,0,35684,35684,61805,85951
May-2017,78,14,92,106,0,0,170,170,276,354,29403,3989,22103,26092,0,0,44222,44222,70314,99717
Jun-2017,72,55,247,302,0,39,140,179,481,553,27500,13844,54580,68424,0,7678,44874,52551,120976,148476
Jul-2017,101,9,35,44,0,26,286,312,356,457,38895,2708,9029,11737,0,6726,69219,75945,87682,126577
Aug-2017,85,19,3,22,0,76,513,589,611,696,31747,6162,809,6972,0,20957,122626,143583,150554,182301
Sep-2017,96,8,24,32,0,0,431,431,463,559,38001,2030,8228,10259,0,0,91059,91059,101318,139319
Oct-2017,104,19,67,86,0,0,0,0,86,190,34871,4472,15615,20087,0,0,0,0,20087,54957
Nov-2017,103,21,42,63,0,0,0,0,63,166,39964,4858,13098,17956,0,0,0,0,17956,57920
Dec-2017,75,5,69,74,0,0,0,0,74,149,29618,1428,14787,16216,0,0,0,0,16216,45833
Jan-2018,48,13,49,62,25,30,0,55,117,165,17599,3585,11473,15058,5074,6772,0,11846,26903,44502
Feb-2018,94,30,136,166,0,62,80,142,308,402,35151,8064,28682,36746,0,16431,18171,34602,71348,106499
Mar-2018,165,36,66,102,25,0,1003,1028,1130,1295,58719,6877,16110,22987,5200,0,291039,296239,319226,377945
Apr-2018,92,21,97,118,0,0,39,39,157,249,32844,6716,28724,35440,0,0,11800,11800,47240,80084
May-2018,133,4,78,82,0,0,135,135,217,350,47621,1024,23244,24268,0,0,39800,39800,64068,111689
Jun-2018,96,32,22,54,0,24,805,829,883,979,36609,8662,8310,16972,0,6385,250000,256385,273357,309966
Jul-2018,131,98,75,173,16,26,950,992,1165,1296,53179,22321,24696,47017,4957,7329,237531,249816,296834,350013
Aug-2018,152,23,229,252,0,0,45,45,297,449,58291,6222,50469,56691,0,0,11536,11536,68227,126518
Sep-2018,127,50,6,56,0,0,314,314,370,497,43850,12709,2000,14709,0,0,67450,67450,82159,126009
Oct-2018,133,38,42,80,24,47,368,439,519,652,51156,10417,11141,21558,5211,11484,100294,116989,138547,189703
Nov-2018,123,29,61,90,0,0,349,349,439,562,45194,8217,15947,24164,0,0,128910,128910,153074,198268
Dec-2018,75,38,60,98,0,0,85,85,183,258,26703,9267,14347,23614,0,0,31874,31874,55488,82191
Jan-2019,75,14,119,133,0,94,0,94,227,302,33687,4051,27471,31522,0,16200,0,16200,47722,81409
Feb-2019,119,40,100,140,0,0,0,0,140,259,44973,10021,24172,34193,0,0,0,0,34193,79165
Mar-2019,106,21,4,25,0,0,430,430,455,561,41343,5812,1337,7149,0,0,180000,180000,187149,228492
Apr-2019,69,29,167,196,0,0,413,413,609,678,27801,8382,43897,52279,0,0,119034,119034,171313,199114
May-2019,81,59,48,107,0,0,0,0,107,188,31706,17764,11016,28780,0,0,0,0,28780,60486
Jun-2019,95,15,85,100,0,0,43,43,143,238,33768,4408,28896,33305,0,0,7564,7564,40868,74636
Jul-2019,92,54,20,74,0,0,0,0,74,166,35490,14115,6939,21055,0,0,0,0,21055,56545
Aug-2019,109,26,94,120,19,0,0,19,139,248,43007,6154,21821,27975,5523,0,0,5523,33498,76505
Sep-2019,116,14,17,31,0,0,835,835,866,982,43705,3546,3670,7217,0,0,272490,272490,279707,323412
Oct-2019,116,8,59,67,0,29,0,29,96,212,41337,2601,16302,18903,0,7825,0,7825,26728,68065
Nov-2019,120,4,25,29,0,20,39,59,88,208,42366,1040,7968,9008,0,6000,12527,18527,27535,69901
Dec-2019,74,93,37,130,100,0,409,509,639,713,27733,22187,11518,33705,52000,0,92911,144911,178616,206349
Jan-2020,79,2,130,132,0,0,225,225,357,436,27562,830,25808,26638,0,0,58932,58932,85570,113132
Feb-2020,96,29,39,68,0,3,27,30,98,194,36798,6223,14203,20426,0,985,5347,6331,26758,63555
Mar-2020,124,97,121,218,0,0,0,0,218,342,41201,21637,27160,48797,0,0,0,0,48797,89998
Apr-2020,95,7,68,75,0,29,708,737,812,907,36340,1798,23206,25004,0,9409,175313,184722,209726,246066
May-2020,122,2,7,9,0,0,0,0,9,131,44301,537,2200,2737,0,0,0,0,2737,47038
Jun-2020,90,11,24,35,0,0,258,258,293,383,33440,3750,6421,10171,0,0,73130,73130,83301,116741
Jul-2020,109,11,59,70,0,0,327,327,397,506,41001,3088,12400,15488,0,0,115000,115000,130488,171489
Aug-2020,89,44,21,65,0,0,190,190,255,344,30897,9347,5695,15042,0,0,68544,68544,83586,114484